==1818447== Memcheck, a memory error detector
==1818447== Copyright (C) 2002-2024, and GNU GPL'd, by Julian Seward et al.
==1818447== Using Valgrind-3.26.0 and LibVEX; rerun with -h for copyright info
==1818447== Command: /bin/bash ./YoupiBanane/youpi.bla
==1818447== Parent PID: 1818360
==1818447== 
==1818447== 
==1818447== FILE DESCRIPTORS: 8 open (5 inherited) at exit.
==1818447== Open file descriptor 255: /home/romukena/Documents/webserv/YoupiBanane/youpi.bla
==1818447==    at 0x4AE4CDB: dup2 (in /usr/lib64/libc.so.6)
==1818447==    by 0x4011F3C: move_to_high_fd (in /usr/bin/bash)
==1818447==    by 0x4003ECD: main (in /usr/bin/bash)
==1818447== 
==1818447== Open file descriptor 5: /var/lib/sss/mc/passwd
==1818447==    at 0x4AE90B6: open (in /usr/lib64/libc.so.6)
==1818447==    by 0x4FF7B8C: ???
==1818447==    by 0x4FF8389: ???
==1818447==    by 0x4FF895F: ???
==1818447==    by 0x4B29AE3: getpwuid_r@@GLIBC_2.2.5 (in /usr/lib64/libc.so.6)
==1818447==    by 0x4B2993D: getpwuid (in /usr/lib64/libc.so.6)
==1818447==    by 0x4004A29: ??? (in /usr/bin/bash)
==1818447==    by 0x402ABB8: initialize_shell_variables (in /usr/bin/bash)
==1818447==    by 0x400679B: ??? (in /usr/bin/bash)
==1818447==    by 0x40035C1: main (in /usr/bin/bash)
==1818447== 
==1818447== Open file descriptor 2: /dev/pts/0
==1818447==    at 0x4AE4CDB: dup2 (in /usr/lib64/libc.so.6)
==1818447==    by 0x40EF360: ??? (in /usr/bin/bash)
==1818447==    by 0x407CBAA: do_redirections (in /usr/bin/bash)
==1818447==    by 0x4029173: ??? (in /usr/bin/bash)
==1818447==    by 0x401BC3C: execute_command_internal (in /usr/bin/bash)
==1818447==    by 0x401E54D: execute_command (in /usr/bin/bash)
==1818447==    by 0x401DBD7: execute_command_internal (in /usr/bin/bash)
==1818447==    by 0x401E54D: execute_command (in /usr/bin/bash)
==1818447==    by 0x401BFA7: execute_command_internal (in /usr/bin/bash)
==1818447==    by 0x401E54D: execute_command (in /usr/bin/bash)
==1818447==    by 0x400FE57: reader_loop (in /usr/bin/bash)
==1818447==    by 0x40038C6: main (in /usr/bin/bash)
==1818447== 
==1818447== 
==1818447== HEAP SUMMARY:
==1818447==     in use at exit: 52,251 bytes in 498 blocks
==1818447==   total heap usage: 1,034 allocs, 536 frees, 100,163 bytes allocated
==1818447== 
==1818447== 1 bytes in 1 blocks are still reachable in loss record 1 of 358
==1818447==    at 0x49A1B26: malloc (vg_replace_malloc.c:447)
==1818447==    by 0x4025829: make_variable_value (in /usr/bin/bash)
==1818447==    by 0x4025DF4: ??? (in /usr/bin/bash)
==1818447==    by 0x402A2E1: initialize_shell_variables (in /usr/bin/bash)
==1818447==    by 0x400679B: ??? (in /usr/bin/bash)
==1818447==    by 0x40035C1: main (in /usr/bin/bash)
==1818447== 
==1818447== 1 bytes in 1 blocks are still reachable in loss record 2 of 358
==1818447==    at 0x49A1B26: malloc (vg_replace_malloc.c:447)
==1818447==    by 0x407B441: set_locale_var (in /usr/bin/bash)
==1818447==    by 0x407B72A: set_default_lang (in /usr/bin/bash)
==1818447==    by 0x40035C6: main (in /usr/bin/bash)
==1818447== 
==1818447== 1 bytes in 1 blocks are still reachable in loss record 3 of 358
==1818447==    at 0x49A1B26: malloc (vg_replace_malloc.c:447)
==1818447==    by 0x407B6B9: set_lang (in /usr/bin/bash)
==1818447==    by 0x40035C6: main (in /usr/bin/bash)
==1818447== 
==1818447== 2 bytes in 1 blocks are still reachable in loss record 4 of 358
==1818447==    at 0x49A1B26: malloc (vg_replace_malloc.c:447)
==1818447==    by 0x401F977: ??? (in /usr/bin/bash)
==1818447==    by 0x4024EAF: ??? (in /usr/bin/bash)
==1818447==    by 0x4025DE3: ??? (in /usr/bin/bash)
==1818447==    by 0x4029A26: initialize_shell_variables (in /usr/bin/bash)
==1818447==    by 0x400679B: ??? (in /usr/bin/bash)
==1818447==    by 0x40035C1: main (in /usr/bin/bash)
==1818447== 
==1818447== 2 bytes in 1 blocks are still reachable in loss record 5 of 358
==1818447==    at 0x49A1B26: malloc (vg_replace_malloc.c:447)
==1818447==    by 0x4024ED0: ??? (in /usr/bin/bash)
==1818447==    by 0x4025DE3: ??? (in /usr/bin/bash)
==1818447==    by 0x4029A26: initialize_shell_variables (in /usr/bin/bash)
==1818447==    by 0x400679B: ??? (in /usr/bin/bash)
==1818447==    by 0x40035C1: main (in /usr/bin/bash)
==1818447== 
==1818447== 2 bytes in 1 blocks are still reachable in loss record 6 of 358
==1818447==    at 0x49A1B26: malloc (vg_replace_malloc.c:447)
==1818447==    by 0x40257E4: make_variable_value (in /usr/bin/bash)
==1818447==    by 0x4025DF4: ??? (in /usr/bin/bash)
==1818447==    by 0x4026C3B: adjust_shell_level (in /usr/bin/bash)
==1818447==    by 0x4029B59: initialize_shell_variables (in /usr/bin/bash)
==1818447==    by 0x400679B: ??? (in /usr/bin/bash)
==1818447==    by 0x40035C1: main (in /usr/bin/bash)
==1818447== 
==1818447== 2 bytes in 1 blocks are still reachable in loss record 7 of 358
==1818447==    at 0x49A1B26: malloc (vg_replace_malloc.c:447)
==1818447==    by 0x40257E4: make_variable_value (in /usr/bin/bash)
==1818447==    by 0x4025DF4: ??? (in /usr/bin/bash)
==1818447==    by 0x4029B8D: initialize_shell_variables (in /usr/bin/bash)
==1818447==    by 0x400679B: ??? (in /usr/bin/bash)
==1818447==    by 0x40035C1: main (in /usr/bin/bash)
==1818447== 
==1818447== 2 bytes in 1 blocks are still reachable in loss record 8 of 358
==1818447==    at 0x49A1B26: malloc (vg_replace_malloc.c:447)
==1818447==    by 0x40257E4: make_variable_value (in /usr/bin/bash)
==1818447==    by 0x4025DF4: ??? (in /usr/bin/bash)
==1818447==    by 0x4029BB6: initialize_shell_variables (in /usr/bin/bash)
==1818447==    by 0x400679B: ??? (in /usr/bin/bash)
==1818447==    by 0x40035C1: main (in /usr/bin/bash)
==1818447== 
==1818447== 2 bytes in 1 blocks are still reachable in loss record 9 of 358
==1818447==    at 0x49A1B26: malloc (vg_replace_malloc.c:447)
==1818447==    by 0x4063472: array_create_element (in /usr/bin/bash)
==1818447==    by 0x4063C08: array_insert (in /usr/bin/bash)
==1818447==    by 0x4029CC7: initialize_shell_variables (in /usr/bin/bash)
==1818447==    by 0x400679B: ??? (in /usr/bin/bash)
==1818447==    by 0x40035C1: main (in /usr/bin/bash)
==1818447== 
==1818447== 2 bytes in 1 blocks are still reachable in loss record 10 of 358
==1818447==    at 0x49A1B26: malloc (vg_replace_malloc.c:447)
==1818447==    by 0x4063472: array_create_element (in /usr/bin/bash)
==1818447==    by 0x4063C08: array_insert (in /usr/bin/bash)
==1818447==    by 0x4029CDB: initialize_shell_variables (in /usr/bin/bash)
==1818447==    by 0x400679B: ??? (in /usr/bin/bash)
==1818447==    by 0x40035C1: main (in /usr/bin/bash)
==1818447== 
==1818447== 2 bytes in 1 blocks are still reachable in loss record 11 of 358
==1818447==    at 0x49A1B26: malloc (vg_replace_malloc.c:447)
==1818447==    by 0x4063472: array_create_element (in /usr/bin/bash)
==1818447==    by 0x4063C08: array_insert (in /usr/bin/bash)
==1818447==    by 0x4029D3E: initialize_shell_variables (in /usr/bin/bash)
==1818447==    by 0x400679B: ??? (in /usr/bin/bash)
==1818447==    by 0x40035C1: main (in /usr/bin/bash)
==1818447== 
==1818447== 2 bytes in 1 blocks are still reachable in loss record 12 of 358
==1818447==    at 0x49A1B26: malloc (vg_replace_malloc.c:447)
==1818447==    by 0x4063472: array_create_element (in /usr/bin/bash)
==1818447==    by 0x4063A6B: array_rshift (in /usr/bin/bash)
==1818447==    by 0x4003E3E: main (in /usr/bin/bash)
==1818447== 
==1818447== 2 bytes in 1 blocks are still reachable in loss record 13 of 358
==1818447==    at 0x49A1B26: malloc (vg_replace_malloc.c:447)
==1818447==    by 0x40ABCDA: itos (in /usr/bin/bash)
==1818447==    by 0x403007C: set_pipestatus_array (in /usr/bin/bash)
==1818447==    by 0x40292D1: ??? (in /usr/bin/bash)
==1818447==    by 0x401BC3C: execute_command_internal (in /usr/bin/bash)
==1818447==    by 0x401D718: execute_command_internal (in /usr/bin/bash)
==1818447==    by 0x401E54D: execute_command (in /usr/bin/bash)
==1818447==    by 0x401BFF1: execute_command_internal (in /usr/bin/bash)
==1818447==    by 0x401E54D: execute_command (in /usr/bin/bash)
==1818447==    by 0x400FE57: reader_loop (in /usr/bin/bash)
==1818447==    by 0x40038C6: main (in /usr/bin/bash)
==1818447== 
==1818447== 3 bytes in 1 blocks are still reachable in loss record 14 of 358
==1818447==    at 0x49A1B26: malloc (vg_replace_malloc.c:447)
==1818447==    by 0x40257E4: make_variable_value (in /usr/bin/bash)
==1818447==    by 0x4025DF4: ??? (in /usr/bin/bash)
==1818447==    by 0x402A20A: initialize_shell_variables (in /usr/bin/bash)
==1818447==    by 0x400679B: ??? (in /usr/bin/bash)
==1818447==    by 0x40035C1: main (in /usr/bin/bash)
==1818447== 
==1818447== 3 bytes in 1 blocks are still reachable in loss record 15 of 358
==1818447==    at 0x49A1B26: malloc (vg_replace_malloc.c:447)
==1818447==    by 0x4063472: array_create_element (in /usr/bin/bash)
==1818447==    by 0x4063C08: array_insert (in /usr/bin/bash)
==1818447==    by 0x4029D10: initialize_shell_variables (in /usr/bin/bash)
==1818447==    by 0x400679B: ??? (in /usr/bin/bash)
==1818447==    by 0x40035C1: main (in /usr/bin/bash)
==1818447== 
==1818447== 4 bytes in 1 blocks are still reachable in loss record 16 of 358
==1818447==    at 0x49A1B26: malloc (vg_replace_malloc.c:447)
==1818447==    by 0x401F977: ??? (in /usr/bin/bash)
==1818447==    by 0x4024EAF: ??? (in /usr/bin/bash)
==1818447==    by 0x4025DE3: ??? (in /usr/bin/bash)
==1818447==    by 0x40296FB: set_pwd (in /usr/bin/bash)
==1818447==    by 0x4029A13: initialize_shell_variables (in /usr/bin/bash)
==1818447==    by 0x400679B: ??? (in /usr/bin/bash)
==1818447==    by 0x40035C1: main (in /usr/bin/bash)
==1818447== 
==1818447== 4 bytes in 1 blocks are still reachable in loss record 17 of 358
==1818447==    at 0x49A1B26: malloc (vg_replace_malloc.c:447)
==1818447==    by 0x4024ED0: ??? (in /usr/bin/bash)
==1818447==    by 0x4025DE3: ??? (in /usr/bin/bash)
==1818447==    by 0x40296FB: set_pwd (in /usr/bin/bash)
==1818447==    by 0x4029A13: initialize_shell_variables (in /usr/bin/bash)
==1818447==    by 0x400679B: ??? (in /usr/bin/bash)
==1818447==    by 0x40035C1: main (in /usr/bin/bash)
==1818447== 
==1818447== 4 bytes in 1 blocks are still reachable in loss record 18 of 358
==1818447==    at 0x49A1B26: malloc (vg_replace_malloc.c:447)
==1818447==    by 0x401F977: ??? (in /usr/bin/bash)
==1818447==    by 0x4024EAF: ??? (in /usr/bin/bash)
==1818447==    by 0x4025DE3: ??? (in /usr/bin/bash)
==1818447==    by 0x402A20A: initialize_shell_variables (in /usr/bin/bash)
==1818447==    by 0x400679B: ??? (in /usr/bin/bash)
==1818447==    by 0x40035C1: main (in /usr/bin/bash)
==1818447== 
==1818447== 4 bytes in 1 blocks are still reachable in loss record 19 of 358
==1818447==    at 0x49A1B26: malloc (vg_replace_malloc.c:447)
==1818447==    by 0x4024ED0: ??? (in /usr/bin/bash)
==1818447==    by 0x4025DE3: ??? (in /usr/bin/bash)
==1818447==    by 0x402A20A: initialize_shell_variables (in /usr/bin/bash)
==1818447==    by 0x400679B: ??? (in /usr/bin/bash)
==1818447==    by 0x40035C1: main (in /usr/bin/bash)
==1818447== 
==1818447== 4 bytes in 1 blocks are still reachable in loss record 20 of 358
==1818447==    at 0x49A1B26: malloc (vg_replace_malloc.c:447)
==1818447==    by 0x401F977: ??? (in /usr/bin/bash)
==1818447==    by 0x4024EAF: ??? (in /usr/bin/bash)
==1818447==    by 0x4025DE3: ??? (in /usr/bin/bash)
==1818447==    by 0x4029A9F: initialize_shell_variables (in /usr/bin/bash)
==1818447==    by 0x400679B: ??? (in /usr/bin/bash)
==1818447==    by 0x40035C1: main (in /usr/bin/bash)
==1818447== 
==1818447== 4 bytes in 1 blocks are still reachable in loss record 21 of 358
==1818447==    at 0x49A1B26: malloc (vg_replace_malloc.c:447)
==1818447==    by 0x4024ED0: ??? (in /usr/bin/bash)
==1818447==    by 0x4025DE3: ??? (in /usr/bin/bash)
==1818447==    by 0x4029A9F: initialize_shell_variables (in /usr/bin/bash)
==1818447==    by 0x400679B: ??? (in /usr/bin/bash)
==1818447==    by 0x40035C1: main (in /usr/bin/bash)
==1818447== 
==1818447== 4 bytes in 1 blocks are still reachable in loss record 22 of 358
==1818447==    at 0x49A1B26: malloc (vg_replace_malloc.c:447)
==1818447==    by 0x40257E4: make_variable_value (in /usr/bin/bash)
==1818447==    by 0x4025DF4: ??? (in /usr/bin/bash)
==1818447==    by 0x4029A9F: initialize_shell_variables (in /usr/bin/bash)
==1818447==    by 0x400679B: ??? (in /usr/bin/bash)
==1818447==    by 0x40035C1: main (in /usr/bin/bash)
==1818447== 
==1818447== 4 bytes in 1 blocks are still reachable in loss record 23 of 358
==1818447==    at 0x49A1B26: malloc (vg_replace_malloc.c:447)
==1818447==    by 0x401F977: ??? (in /usr/bin/bash)
==1818447==    by 0x4024EAF: ??? (in /usr/bin/bash)
==1818447==    by 0x4025DE3: ??? (in /usr/bin/bash)
==1818447==    by 0x402AB2E: initialize_shell_variables (in /usr/bin/bash)
==1818447==    by 0x400679B: ??? (in /usr/bin/bash)
==1818447==    by 0x40035C1: main (in /usr/bin/bash)
==1818447== 
==1818447== 4 bytes in 1 blocks are still reachable in loss record 24 of 358
==1818447==    at 0x49A1B26: malloc (vg_replace_malloc.c:447)
==1818447==    by 0x4024ED0: ??? (in /usr/bin/bash)
==1818447==    by 0x4025DE3: ??? (in /usr/bin/bash)
==1818447==    by 0x402AB2E: initialize_shell_variables (in /usr/bin/bash)
==1818447==    by 0x400679B: ??? (in /usr/bin/bash)
==1818447==    by 0x40035C1: main (in /usr/bin/bash)
==1818447== 
==1818447== 5 bytes in 1 blocks are still reachable in loss record 25 of 358
==1818447==    at 0x49A1B26: malloc (vg_replace_malloc.c:447)
==1818447==    by 0x401F977: ??? (in /usr/bin/bash)
==1818447==    by 0x4024EAF: ??? (in /usr/bin/bash)
==1818447==    by 0x4025DE3: ??? (in /usr/bin/bash)
==1818447==    by 0x4029A44: initialize_shell_variables (in /usr/bin/bash)
==1818447==    by 0x400679B: ??? (in /usr/bin/bash)
==1818447==    by 0x40035C1: main (in /usr/bin/bash)
==1818447== 
==1818447== 5 bytes in 1 blocks are still reachable in loss record 26 of 358
==1818447==    at 0x49A1B26: malloc (vg_replace_malloc.c:447)
==1818447==    by 0x4024ED0: ??? (in /usr/bin/bash)
==1818447==    by 0x4025DE3: ??? (in /usr/bin/bash)
==1818447==    by 0x4029A44: initialize_shell_variables (in /usr/bin/bash)
==1818447==    by 0x400679B: ??? (in /usr/bin/bash)
==1818447==    by 0x40035C1: main (in /usr/bin/bash)
==1818447== 
==1818447== 5 bytes in 1 blocks are still reachable in loss record 27 of 358
==1818447==    at 0x49A1B26: malloc (vg_replace_malloc.c:447)
==1818447==    by 0x401F977: ??? (in /usr/bin/bash)
==1818447==    by 0x4024EAF: ??? (in /usr/bin/bash)
==1818447==    by 0x4025DE3: ??? (in /usr/bin/bash)
==1818447==    by 0x4029A57: initialize_shell_variables (in /usr/bin/bash)
==1818447==    by 0x400679B: ??? (in /usr/bin/bash)
==1818447==    by 0x40035C1: main (in /usr/bin/bash)
==1818447== 
==1818447== 5 bytes in 1 blocks are still reachable in loss record 28 of 358
==1818447==    at 0x49A1B26: malloc (vg_replace_malloc.c:447)
==1818447==    by 0x4024ED0: ??? (in /usr/bin/bash)
==1818447==    by 0x4025DE3: ??? (in /usr/bin/bash)
==1818447==    by 0x4029A57: initialize_shell_variables (in /usr/bin/bash)
==1818447==    by 0x400679B: ??? (in /usr/bin/bash)
==1818447==    by 0x40035C1: main (in /usr/bin/bash)
==1818447== 
==1818447== 5 bytes in 1 blocks are still reachable in loss record 29 of 358
==1818447==    at 0x49A1B26: malloc (vg_replace_malloc.c:447)
==1818447==    by 0x40257E4: make_variable_value (in /usr/bin/bash)
==1818447==    by 0x4025DF4: ??? (in /usr/bin/bash)
==1818447==    by 0x4029A57: initialize_shell_variables (in /usr/bin/bash)
==1818447==    by 0x400679B: ??? (in /usr/bin/bash)
==1818447==    by 0x40035C1: main (in /usr/bin/bash)
==1818447== 
==1818447== 5 bytes in 1 blocks are still reachable in loss record 30 of 358
==1818447==    at 0x49A1B26: malloc (vg_replace_malloc.c:447)
==1818447==    by 0x401F977: ??? (in /usr/bin/bash)
==1818447==    by 0x4024EAF: ??? (in /usr/bin/bash)
==1818447==    by 0x4025DE3: ??? (in /usr/bin/bash)
==1818447==    by 0x4029933: set_ppid (in /usr/bin/bash)
==1818447==    by 0x4029B5E: initialize_shell_variables (in /usr/bin/bash)
==1818447==    by 0x400679B: ??? (in /usr/bin/bash)
==1818447==    by 0x40035C1: main (in /usr/bin/bash)
==1818447== 
==1818447== 5 bytes in 1 blocks are still reachable in loss record 31 of 358
==1818447==    at 0x49A1B26: malloc (vg_replace_malloc.c:447)
==1818447==    by 0x4024ED0: ??? (in /usr/bin/bash)
==1818447==    by 0x4025DE3: ??? (in /usr/bin/bash)
==1818447==    by 0x4029933: set_ppid (in /usr/bin/bash)
==1818447==    by 0x4029B5E: initialize_shell_variables (in /usr/bin/bash)
==1818447==    by 0x400679B: ??? (in /usr/bin/bash)
==1818447==    by 0x40035C1: main (in /usr/bin/bash)
==1818447== 
==1818447== 5 bytes in 1 blocks are still reachable in loss record 32 of 358
==1818447==    at 0x49A1B26: malloc (vg_replace_malloc.c:447)
==1818447==    by 0x401F977: ??? (in /usr/bin/bash)
==1818447==    by 0x4024EAF: ??? (in /usr/bin/bash)
==1818447==    by 0x4025DE3: ??? (in /usr/bin/bash)
==1818447==    by 0x4029C2A: initialize_shell_variables (in /usr/bin/bash)
==1818447==    by 0x400679B: ??? (in /usr/bin/bash)
==1818447==    by 0x40035C1: main (in /usr/bin/bash)
==1818447== 
==1818447== 5 bytes in 1 blocks are still reachable in loss record 33 of 358
==1818447==    at 0x49A1B26: malloc (vg_replace_malloc.c:447)
==1818447==    by 0x4024ED0: ??? (in /usr/bin/bash)
==1818447==    by 0x4025DE3: ??? (in /usr/bin/bash)
==1818447==    by 0x4029C2A: initialize_shell_variables (in /usr/bin/bash)
==1818447==    by 0x400679B: ??? (in /usr/bin/bash)
==1818447==    by 0x40035C1: main (in /usr/bin/bash)
==1818447== 
==1818447== 5 bytes in 1 blocks are still reachable in loss record 34 of 358
==1818447==    at 0x49A1B26: malloc (vg_replace_malloc.c:447)
==1818447==    by 0x401F977: ??? (in /usr/bin/bash)
==1818447==    by 0x4024EAF: ??? (in /usr/bin/bash)
==1818447==    by 0x4025DE3: ??? (in /usr/bin/bash)
==1818447==    by 0x402AB18: initialize_shell_variables (in /usr/bin/bash)
==1818447==    by 0x400679B: ??? (in /usr/bin/bash)
==1818447==    by 0x40035C1: main (in /usr/bin/bash)
==1818447== 
==1818447== 5 bytes in 1 blocks are still reachable in loss record 35 of 358
==1818447==    at 0x49A1B26: malloc (vg_replace_malloc.c:447)
==1818447==    by 0x4024ED0: ??? (in /usr/bin/bash)
==1818447==    by 0x4025DE3: ??? (in /usr/bin/bash)
==1818447==    by 0x402AB18: initialize_shell_variables (in /usr/bin/bash)
==1818447==    by 0x400679B: ??? (in /usr/bin/bash)
==1818447==    by 0x40035C1: main (in /usr/bin/bash)
==1818447== 
==1818447== 5 bytes in 1 blocks are still reachable in loss record 36 of 358
==1818447==    at 0x49A1B26: malloc (vg_replace_malloc.c:447)
==1818447==    by 0x4063472: array_create_element (in /usr/bin/bash)
==1818447==    by 0x4063A6B: array_rshift (in /usr/bin/bash)
==1818447==    by 0x4003E5A: main (in /usr/bin/bash)
==1818447== 
==1818447== 5 bytes in 1 blocks are still reachable in loss record 37 of 358
==1818447==    at 0x49A1B26: malloc (vg_replace_malloc.c:447)
==1818447==    by 0x401F977: ??? (in /usr/bin/bash)
==1818447==    by 0x4024EAF: ??? (in /usr/bin/bash)
==1818447==    by 0x4025DE3: ??? (in /usr/bin/bash)
==1818447==    by 0x4046975: ??? (in /usr/bin/bash)
==1818447==    by 0x40E65FA: ??? (in /usr/bin/bash)
==1818447==    by 0x4058503: ??? (in /usr/bin/bash)
==1818447==    by 0x4027BF1: ??? (in /usr/bin/bash)
==1818447==    by 0x401BC3C: execute_command_internal (in /usr/bin/bash)
==1818447==    by 0x401E54D: execute_command (in /usr/bin/bash)
==1818447==    by 0x401D6C6: execute_command_internal (in /usr/bin/bash)
==1818447==    by 0x401E54D: execute_command (in /usr/bin/bash)
==1818447== 
==1818447== 5 bytes in 1 blocks are still reachable in loss record 38 of 358
==1818447==    at 0x49A1B26: malloc (vg_replace_malloc.c:447)
==1818447==    by 0x4024ED0: ??? (in /usr/bin/bash)
==1818447==    by 0x4025DE3: ??? (in /usr/bin/bash)
==1818447==    by 0x4046975: ??? (in /usr/bin/bash)
==1818447==    by 0x40E65FA: ??? (in /usr/bin/bash)
==1818447==    by 0x4058503: ??? (in /usr/bin/bash)
==1818447==    by 0x4027BF1: ??? (in /usr/bin/bash)
==1818447==    by 0x401BC3C: execute_command_internal (in /usr/bin/bash)
==1818447==    by 0x401E54D: execute_command (in /usr/bin/bash)
==1818447==    by 0x401D6C6: execute_command_internal (in /usr/bin/bash)
==1818447==    by 0x401E54D: execute_command (in /usr/bin/bash)
==1818447==    by 0x401BFF1: execute_command_internal (in /usr/bin/bash)
==1818447== 
==1818447== 6 bytes in 1 blocks are still reachable in loss record 39 of 358
==1818447==    at 0x49A1B26: malloc (vg_replace_malloc.c:447)
==1818447==    by 0x401F977: ??? (in /usr/bin/bash)
==1818447==    by 0x4024EAF: ??? (in /usr/bin/bash)
==1818447==    by 0x4025DE3: ??? (in /usr/bin/bash)
==1818447==    by 0x4026C3B: adjust_shell_level (in /usr/bin/bash)
==1818447==    by 0x4029B59: initialize_shell_variables (in /usr/bin/bash)
==1818447==    by 0x400679B: ??? (in /usr/bin/bash)
==1818447==    by 0x40035C1: main (in /usr/bin/bash)
==1818447== 
==1818447== 6 bytes in 1 blocks are still reachable in loss record 40 of 358
==1818447==    at 0x49A1B26: malloc (vg_replace_malloc.c:447)
==1818447==    by 0x4024ED0: ??? (in /usr/bin/bash)
==1818447==    by 0x4025DE3: ??? (in /usr/bin/bash)
==1818447==    by 0x4026C3B: adjust_shell_level (in /usr/bin/bash)
==1818447==    by 0x4029B59: initialize_shell_variables (in /usr/bin/bash)
==1818447==    by 0x400679B: ??? (in /usr/bin/bash)
==1818447==    by 0x40035C1: main (in /usr/bin/bash)
==1818447== 
==1818447== 6 bytes in 1 blocks are still reachable in loss record 41 of 358
==1818447==    at 0x49A1B26: malloc (vg_replace_malloc.c:447)
==1818447==    by 0x401F977: ??? (in /usr/bin/bash)
==1818447==    by 0x4024EAF: ??? (in /usr/bin/bash)
==1818447==    by 0x4025DE3: ??? (in /usr/bin/bash)
==1818447==    by 0x402A5E9: initialize_shell_variables (in /usr/bin/bash)
==1818447==    by 0x400679B: ??? (in /usr/bin/bash)
==1818447==    by 0x40035C1: main (in /usr/bin/bash)
==1818447== 
==1818447== 6 bytes in 1 blocks are still reachable in loss record 42 of 358
==1818447==    at 0x49A1B26: malloc (vg_replace_malloc.c:447)
==1818447==    by 0x4024ED0: ??? (in /usr/bin/bash)
==1818447==    by 0x4025DE3: ??? (in /usr/bin/bash)
==1818447==    by 0x402A5E9: initialize_shell_variables (in /usr/bin/bash)
==1818447==    by 0x400679B: ??? (in /usr/bin/bash)
==1818447==    by 0x40035C1: main (in /usr/bin/bash)
==1818447== 
==1818447== 7 bytes in 1 blocks are still reachable in loss record 43 of 358
==1818447==    at 0x49A1B26: malloc (vg_replace_malloc.c:447)
==1818447==    by 0x401F977: ??? (in /usr/bin/bash)
==1818447==    by 0x4024EAF: ??? (in /usr/bin/bash)
==1818447==    by 0x4025DE3: ??? (in /usr/bin/bash)
==1818447==    by 0x402976B: set_pwd (in /usr/bin/bash)
==1818447==    by 0x4029A13: initialize_shell_variables (in /usr/bin/bash)
==1818447==    by 0x400679B: ??? (in /usr/bin/bash)
==1818447==    by 0x40035C1: main (in /usr/bin/bash)
==1818447== 
==1818447== 7 bytes in 1 blocks are still reachable in loss record 44 of 358
==1818447==    at 0x49A1B26: malloc (vg_replace_malloc.c:447)
==1818447==    by 0x4024ED0: ??? (in /usr/bin/bash)
==1818447==    by 0x4025DE3: ??? (in /usr/bin/bash)
==1818447==    by 0x402976B: set_pwd (in /usr/bin/bash)
==1818447==    by 0x4029A13: initialize_shell_variables (in /usr/bin/bash)
==1818447==    by 0x400679B: ??? (in /usr/bin/bash)
==1818447==    by 0x40035C1: main (in /usr/bin/bash)
==1818447== 
==1818447== 7 bytes in 1 blocks are still reachable in loss record 45 of 358
==1818447==    at 0x49A1B26: malloc (vg_replace_malloc.c:447)
==1818447==    by 0x40257E4: make_variable_value (in /usr/bin/bash)
==1818447==    by 0x4025DF4: ??? (in /usr/bin/bash)
==1818447==    by 0x4029AC1: initialize_shell_variables (in /usr/bin/bash)
==1818447==    by 0x400679B: ??? (in /usr/bin/bash)
==1818447==    by 0x40035C1: main (in /usr/bin/bash)
==1818447== 
==1818447== 7 bytes in 1 blocks are still reachable in loss record 46 of 358
==1818447==    at 0x49A1B26: malloc (vg_replace_malloc.c:447)
==1818447==    by 0x401F977: ??? (in /usr/bin/bash)
==1818447==    by 0x4024EAF: ??? (in /usr/bin/bash)
==1818447==    by 0x4025DE3: ??? (in /usr/bin/bash)
==1818447==    by 0x4029AD4: initialize_shell_variables (in /usr/bin/bash)
==1818447==    by 0x400679B: ??? (in /usr/bin/bash)
==1818447==    by 0x40035C1: main (in /usr/bin/bash)
==1818447== 
==1818447== 7 bytes in 1 blocks are still reachable in loss record 47 of 358
==1818447==    at 0x49A1B26: malloc (vg_replace_malloc.c:447)
==1818447==    by 0x4024ED0: ??? (in /usr/bin/bash)
==1818447==    by 0x4025DE3: ??? (in /usr/bin/bash)
==1818447==    by 0x4029AD4: initialize_shell_variables (in /usr/bin/bash)
==1818447==    by 0x400679B: ??? (in /usr/bin/bash)
==1818447==    by 0x40035C1: main (in /usr/bin/bash)
==1818447== 
==1818447== 7 bytes in 1 blocks are still reachable in loss record 48 of 358
==1818447==    at 0x49A1B26: malloc (vg_replace_malloc.c:447)
==1818447==    by 0x401F977: ??? (in /usr/bin/bash)
==1818447==    by 0x4024EAF: ??? (in /usr/bin/bash)
==1818447==    by 0x4025DE3: ??? (in /usr/bin/bash)
==1818447==    by 0x4029B8D: initialize_shell_variables (in /usr/bin/bash)
==1818447==    by 0x400679B: ??? (in /usr/bin/bash)
==1818447==    by 0x40035C1: main (in /usr/bin/bash)
==1818447== 
==1818447== 7 bytes in 1 blocks are still reachable in loss record 49 of 358
==1818447==    at 0x49A1B26: malloc (vg_replace_malloc.c:447)
==1818447==    by 0x4024ED0: ??? (in /usr/bin/bash)
==1818447==    by 0x4025DE3: ??? (in /usr/bin/bash)
==1818447==    by 0x4029B8D: initialize_shell_variables (in /usr/bin/bash)
==1818447==    by 0x400679B: ??? (in /usr/bin/bash)
==1818447==    by 0x40035C1: main (in /usr/bin/bash)
==1818447== 
==1818447== 7 bytes in 1 blocks are still reachable in loss record 50 of 358
==1818447==    at 0x49A1B26: malloc (vg_replace_malloc.c:447)
==1818447==    by 0x401F977: ??? (in /usr/bin/bash)
==1818447==    by 0x4024EAF: ??? (in /usr/bin/bash)
==1818447==    by 0x4025DE3: ??? (in /usr/bin/bash)
==1818447==    by 0x4029BB6: initialize_shell_variables (in /usr/bin/bash)
==1818447==    by 0x400679B: ??? (in /usr/bin/bash)
==1818447==    by 0x40035C1: main (in /usr/bin/bash)
==1818447== 
==1818447== 7 bytes in 1 blocks are still reachable in loss record 51 of 358
==1818447==    at 0x49A1B26: malloc (vg_replace_malloc.c:447)
==1818447==    by 0x4024ED0: ??? (in /usr/bin/bash)
==1818447==    by 0x4025DE3: ??? (in /usr/bin/bash)
==1818447==    by 0x4029BB6: initialize_shell_variables (in /usr/bin/bash)
==1818447==    by 0x400679B: ??? (in /usr/bin/bash)
==1818447==    by 0x40035C1: main (in /usr/bin/bash)
==1818447== 
==1818447== 7 bytes in 1 blocks are still reachable in loss record 52 of 358
==1818447==    at 0x49A1B26: malloc (vg_replace_malloc.c:447)
==1818447==    by 0x401F977: ??? (in /usr/bin/bash)
==1818447==    by 0x4024EAF: ??? (in /usr/bin/bash)
==1818447==    by 0x4025DE3: ??? (in /usr/bin/bash)
==1818447==    by 0x4029FD1: initialize_shell_variables (in /usr/bin/bash)
==1818447==    by 0x400679B: ??? (in /usr/bin/bash)
==1818447==    by 0x40035C1: main (in /usr/bin/bash)
==1818447== 
==1818447== 7 bytes in 1 blocks are still reachable in loss record 53 of 358
==1818447==    at 0x49A1B26: malloc (vg_replace_malloc.c:447)
==1818447==    by 0x4024ED0: ??? (in /usr/bin/bash)
==1818447==    by 0x4025DE3: ??? (in /usr/bin/bash)
==1818447==    by 0x4029FD1: initialize_shell_variables (in /usr/bin/bash)
==1818447==    by 0x400679B: ??? (in /usr/bin/bash)
==1818447==    by 0x40035C1: main (in /usr/bin/bash)
==1818447== 
==1818447== 7 bytes in 1 blocks are still reachable in loss record 54 of 358
==1818447==    at 0x49A1B26: malloc (vg_replace_malloc.c:447)
==1818447==    by 0x401F977: ??? (in /usr/bin/bash)
==1818447==    by 0x4024EAF: ??? (in /usr/bin/bash)
==1818447==    by 0x4025DE3: ??? (in /usr/bin/bash)
==1818447==    by 0x402A028: initialize_shell_variables (in /usr/bin/bash)
==1818447==    by 0x400679B: ??? (in /usr/bin/bash)
==1818447==    by 0x40035C1: main (in /usr/bin/bash)
==1818447== 
==1818447== 7 bytes in 1 blocks are still reachable in loss record 55 of 358
==1818447==    at 0x49A1B26: malloc (vg_replace_malloc.c:447)
==1818447==    by 0x4024ED0: ??? (in /usr/bin/bash)
==1818447==    by 0x4025DE3: ??? (in /usr/bin/bash)
==1818447==    by 0x402A028: initialize_shell_variables (in /usr/bin/bash)
==1818447==    by 0x400679B: ??? (in /usr/bin/bash)
==1818447==    by 0x40035C1: main (in /usr/bin/bash)
==1818447== 
==1818447== 7 bytes in 1 blocks are still reachable in loss record 56 of 358
==1818447==    at 0x49A1B26: malloc (vg_replace_malloc.c:447)
==1818447==    by 0x401F977: ??? (in /usr/bin/bash)
==1818447==    by 0x4024EAF: ??? (in /usr/bin/bash)
==1818447==    by 0x40254C0: make_new_array_variable (in /usr/bin/bash)
==1818447==    by 0x402A735: initialize_shell_variables (in /usr/bin/bash)
==1818447==    by 0x400679B: ??? (in /usr/bin/bash)
==1818447==    by 0x40035C1: main (in /usr/bin/bash)
==1818447== 
==1818447== 7 bytes in 1 blocks are still reachable in loss record 57 of 358
==1818447==    at 0x49A1B26: malloc (vg_replace_malloc.c:447)
==1818447==    by 0x4024ED0: ??? (in /usr/bin/bash)
==1818447==    by 0x40254C0: make_new_array_variable (in /usr/bin/bash)
==1818447==    by 0x402A735: initialize_shell_variables (in /usr/bin/bash)
==1818447==    by 0x400679B: ??? (in /usr/bin/bash)
==1818447==    by 0x40035C1: main (in /usr/bin/bash)
==1818447== 
==1818447== 8 bytes in 1 blocks are still reachable in loss record 58 of 358
==1818447==    at 0x49A1B26: malloc (vg_replace_malloc.c:447)
==1818447==    by 0x40257E4: make_variable_value (in /usr/bin/bash)
==1818447==    by 0x4025DF4: ??? (in /usr/bin/bash)
==1818447==    by 0x4029933: set_ppid (in /usr/bin/bash)
==1818447==    by 0x4029B5E: initialize_shell_variables (in /usr/bin/bash)
==1818447==    by 0x400679B: ??? (in /usr/bin/bash)
==1818447==    by 0x40035C1: main (in /usr/bin/bash)
==1818447== 
==1818447== 8 bytes in 1 blocks are still reachable in loss record 59 of 358
==1818447==    at 0x49A1B26: malloc (vg_replace_malloc.c:447)
==1818447==    by 0x4063472: array_create_element (in /usr/bin/bash)
==1818447==    by 0x4063C08: array_insert (in /usr/bin/bash)
==1818447==    by 0x4029D52: initialize_shell_variables (in /usr/bin/bash)
==1818447==    by 0x400679B: ??? (in /usr/bin/bash)
==1818447==    by 0x40035C1: main (in /usr/bin/bash)
==1818447== 
==1818447== 8 bytes in 1 blocks are still reachable in loss record 60 of 358
==1818447==    at 0x49A1B26: malloc (vg_replace_malloc.c:447)
==1818447==    by 0x401F977: ??? (in /usr/bin/bash)
==1818447==    by 0x4024EAF: ??? (in /usr/bin/bash)
==1818447==    by 0x4025DE3: ??? (in /usr/bin/bash)
==1818447==    by 0x4029F2E: initialize_shell_variables (in /usr/bin/bash)
==1818447==    by 0x400679B: ??? (in /usr/bin/bash)
==1818447==    by 0x40035C1: main (in /usr/bin/bash)
==1818447== 
==1818447== 8 bytes in 1 blocks are still reachable in loss record 61 of 358
==1818447==    at 0x49A1B26: malloc (vg_replace_malloc.c:447)
==1818447==    by 0x4024ED0: ??? (in /usr/bin/bash)
==1818447==    by 0x4025DE3: ??? (in /usr/bin/bash)
==1818447==    by 0x4029F2E: initialize_shell_variables (in /usr/bin/bash)
==1818447==    by 0x400679B: ??? (in /usr/bin/bash)
==1818447==    by 0x40035C1: main (in /usr/bin/bash)
==1818447== 
==1818447== 8 bytes in 1 blocks are still reachable in loss record 62 of 358
==1818447==    at 0x49A1B26: malloc (vg_replace_malloc.c:447)
==1818447==    by 0x401F977: ??? (in /usr/bin/bash)
==1818447==    by 0x4024EAF: ??? (in /usr/bin/bash)
==1818447==    by 0x4025DE3: ??? (in /usr/bin/bash)
==1818447==    by 0x402A001: initialize_shell_variables (in /usr/bin/bash)
==1818447==    by 0x400679B: ??? (in /usr/bin/bash)
==1818447==    by 0x40035C1: main (in /usr/bin/bash)
==1818447== 
==1818447== 8 bytes in 1 blocks are still reachable in loss record 63 of 358
==1818447==    at 0x49A1B26: malloc (vg_replace_malloc.c:447)
==1818447==    by 0x4024ED0: ??? (in /usr/bin/bash)
==1818447==    by 0x4025DE3: ??? (in /usr/bin/bash)
==1818447==    by 0x402A001: initialize_shell_variables (in /usr/bin/bash)
==1818447==    by 0x400679B: ??? (in /usr/bin/bash)
==1818447==    by 0x40035C1: main (in /usr/bin/bash)
==1818447== 
==1818447== 8 bytes in 1 blocks are still reachable in loss record 64 of 358
==1818447==    at 0x49A1B26: malloc (vg_replace_malloc.c:447)
==1818447==    by 0x401F977: ??? (in /usr/bin/bash)
==1818447==    by 0x4024EAF: ??? (in /usr/bin/bash)
==1818447==    by 0x4025DE3: ??? (in /usr/bin/bash)
==1818447==    by 0x402A05B: initialize_shell_variables (in /usr/bin/bash)
==1818447==    by 0x400679B: ??? (in /usr/bin/bash)
==1818447==    by 0x40035C1: main (in /usr/bin/bash)
==1818447== 
==1818447== 8 bytes in 1 blocks are still reachable in loss record 65 of 358
==1818447==    at 0x49A1B26: malloc (vg_replace_malloc.c:447)
==1818447==    by 0x4024ED0: ??? (in /usr/bin/bash)
==1818447==    by 0x4025DE3: ??? (in /usr/bin/bash)
==1818447==    by 0x402A05B: initialize_shell_variables (in /usr/bin/bash)
==1818447==    by 0x400679B: ??? (in /usr/bin/bash)
==1818447==    by 0x40035C1: main (in /usr/bin/bash)
==1818447== 
==1818447== 8 bytes in 1 blocks are still reachable in loss record 66 of 358
==1818447==    at 0x49A1B26: malloc (vg_replace_malloc.c:447)
==1818447==    by 0x401F977: ??? (in /usr/bin/bash)
==1818447==    by 0x4024EAF: ??? (in /usr/bin/bash)
==1818447==    by 0x4025DE3: ??? (in /usr/bin/bash)
==1818447==    by 0x402A0C1: initialize_shell_variables (in /usr/bin/bash)
==1818447==    by 0x400679B: ??? (in /usr/bin/bash)
==1818447==    by 0x40035C1: main (in /usr/bin/bash)
==1818447== 
==1818447== 8 bytes in 1 blocks are still reachable in loss record 67 of 358
==1818447==    at 0x49A1B26: malloc (vg_replace_malloc.c:447)
==1818447==    by 0x4024ED0: ??? (in /usr/bin/bash)
==1818447==    by 0x4025DE3: ??? (in /usr/bin/bash)
==1818447==    by 0x402A0C1: initialize_shell_variables (in /usr/bin/bash)
==1818447==    by 0x400679B: ??? (in /usr/bin/bash)
==1818447==    by 0x40035C1: main (in /usr/bin/bash)
==1818447== 
==1818447== 9 bytes in 1 blocks are still reachable in loss record 68 of 358
==1818447==    at 0x49A1B26: malloc (vg_replace_malloc.c:447)
==1818447==    by 0x401F977: ??? (in /usr/bin/bash)
==1818447==    by 0x4024EAF: ??? (in /usr/bin/bash)
==1818447==    by 0x4025DE3: ??? (in /usr/bin/bash)
==1818447==    by 0x4029AC1: initialize_shell_variables (in /usr/bin/bash)
==1818447==    by 0x400679B: ??? (in /usr/bin/bash)
==1818447==    by 0x40035C1: main (in /usr/bin/bash)
==1818447== 
==1818447== 9 bytes in 1 blocks are still reachable in loss record 69 of 358
==1818447==    at 0x49A1B26: malloc (vg_replace_malloc.c:447)
==1818447==    by 0x4024ED0: ??? (in /usr/bin/bash)
==1818447==    by 0x4025DE3: ??? (in /usr/bin/bash)
==1818447==    by 0x4029AC1: initialize_shell_variables (in /usr/bin/bash)
==1818447==    by 0x400679B: ??? (in /usr/bin/bash)
==1818447==    by 0x40035C1: main (in /usr/bin/bash)
==1818447== 
==1818447== 9 bytes in 1 blocks are still reachable in loss record 70 of 358
==1818447==    at 0x49A1B26: malloc (vg_replace_malloc.c:447)
==1818447==    by 0x401F977: ??? (in /usr/bin/bash)
==1818447==    by 0x4024EAF: ??? (in /usr/bin/bash)
==1818447==    by 0x4025DE3: ??? (in /usr/bin/bash)
==1818447==    by 0x4029AE3: initialize_shell_variables (in /usr/bin/bash)
==1818447==    by 0x400679B: ??? (in /usr/bin/bash)
==1818447==    by 0x40035C1: main (in /usr/bin/bash)
==1818447== 
==1818447== 9 bytes in 1 blocks are still reachable in loss record 71 of 358
==1818447==    at 0x49A1B26: malloc (vg_replace_malloc.c:447)
==1818447==    by 0x4024ED0: ??? (in /usr/bin/bash)
==1818447==    by 0x4025DE3: ??? (in /usr/bin/bash)
==1818447==    by 0x4029AE3: initialize_shell_variables (in /usr/bin/bash)
==1818447==    by 0x400679B: ??? (in /usr/bin/bash)
==1818447==    by 0x40035C1: main (in /usr/bin/bash)
==1818447== 
==1818447== 9 bytes in 1 blocks are still reachable in loss record 72 of 358
==1818447==    at 0x49A1B26: malloc (vg_replace_malloc.c:447)
==1818447==    by 0x401F977: ??? (in /usr/bin/bash)
==1818447==    by 0x4024EAF: ??? (in /usr/bin/bash)
==1818447==    by 0x4025DE3: ??? (in /usr/bin/bash)
==1818447==    by 0x4029AF6: initialize_shell_variables (in /usr/bin/bash)
==1818447==    by 0x400679B: ??? (in /usr/bin/bash)
==1818447==    by 0x40035C1: main (in /usr/bin/bash)
==1818447== 
==1818447== 9 bytes in 1 blocks are still reachable in loss record 73 of 358
==1818447==    at 0x49A1B26: malloc (vg_replace_malloc.c:447)
==1818447==    by 0x4024ED0: ??? (in /usr/bin/bash)
==1818447==    by 0x4025DE3: ??? (in /usr/bin/bash)
==1818447==    by 0x4029AF6: initialize_shell_variables (in /usr/bin/bash)
==1818447==    by 0x400679B: ??? (in /usr/bin/bash)
==1818447==    by 0x40035C1: main (in /usr/bin/bash)
==1818447== 
==1818447== 9 bytes in 1 blocks are still reachable in loss record 74 of 358
==1818447==    at 0x49A1B26: malloc (vg_replace_malloc.c:447)
==1818447==    by 0x4004A4C: ??? (in /usr/bin/bash)
==1818447==    by 0x402ABB8: initialize_shell_variables (in /usr/bin/bash)
==1818447==    by 0x400679B: ??? (in /usr/bin/bash)
==1818447==    by 0x40035C1: main (in /usr/bin/bash)
==1818447== 
==1818447== 9 bytes in 1 blocks are still reachable in loss record 75 of 358
==1818447==    at 0x49A1B26: malloc (vg_replace_malloc.c:447)
==1818447==    by 0x40257E4: make_variable_value (in /usr/bin/bash)
==1818447==    by 0x4025DF4: ??? (in /usr/bin/bash)
==1818447==    by 0x402AB2E: initialize_shell_variables (in /usr/bin/bash)
==1818447==    by 0x400679B: ??? (in /usr/bin/bash)
==1818447==    by 0x40035C1: main (in /usr/bin/bash)
==1818447== 
==1818447== 9 bytes in 1 blocks are still reachable in loss record 76 of 358
==1818447==    at 0x49A1B26: malloc (vg_replace_malloc.c:447)
==1818447==    by 0x40257E4: make_variable_value (in /usr/bin/bash)
==1818447==    by 0x4025DF4: ??? (in /usr/bin/bash)
==1818447==    by 0x402AB18: initialize_shell_variables (in /usr/bin/bash)
==1818447==    by 0x400679B: ??? (in /usr/bin/bash)
==1818447==    by 0x40035C1: main (in /usr/bin/bash)
==1818447== 
==1818447== 9 bytes in 1 blocks are still reachable in loss record 77 of 358
==1818447==    at 0x49A1B26: malloc (vg_replace_malloc.c:447)
==1818447==    by 0x401F977: ??? (in /usr/bin/bash)
==1818447==    by 0x4024EAF: ??? (in /usr/bin/bash)
==1818447==    by 0x40254C0: make_new_array_variable (in /usr/bin/bash)
==1818447==    by 0x402A75C: initialize_shell_variables (in /usr/bin/bash)
==1818447==    by 0x400679B: ??? (in /usr/bin/bash)
==1818447==    by 0x40035C1: main (in /usr/bin/bash)
==1818447== 
==1818447== 9 bytes in 1 blocks are still reachable in loss record 78 of 358
==1818447==    at 0x49A1B26: malloc (vg_replace_malloc.c:447)
==1818447==    by 0x4024ED0: ??? (in /usr/bin/bash)
==1818447==    by 0x40254C0: make_new_array_variable (in /usr/bin/bash)
==1818447==    by 0x402A75C: initialize_shell_variables (in /usr/bin/bash)
==1818447==    by 0x400679B: ??? (in /usr/bin/bash)
==1818447==    by 0x40035C1: main (in /usr/bin/bash)
==1818447== 
==1818447== 9 bytes in 1 blocks are still reachable in loss record 79 of 358
==1818447==    at 0x49A1B26: malloc (vg_replace_malloc.c:447)
==1818447==    by 0x401F977: ??? (in /usr/bin/bash)
==1818447==    by 0x4024EAF: ??? (in /usr/bin/bash)
==1818447==    by 0x40254C0: make_new_array_variable (in /usr/bin/bash)
==1818447==    by 0x402A5F6: initialize_shell_variables (in /usr/bin/bash)
==1818447==    by 0x400679B: ??? (in /usr/bin/bash)
==1818447==    by 0x40035C1: main (in /usr/bin/bash)
==1818447== 
==1818447== 9 bytes in 1 blocks are still reachable in loss record 80 of 358
==1818447==    at 0x49A1B26: malloc (vg_replace_malloc.c:447)
==1818447==    by 0x4024ED0: ??? (in /usr/bin/bash)
==1818447==    by 0x40254C0: make_new_array_variable (in /usr/bin/bash)
==1818447==    by 0x402A5F6: initialize_shell_variables (in /usr/bin/bash)
==1818447==    by 0x400679B: ??? (in /usr/bin/bash)
==1818447==    by 0x40035C1: main (in /usr/bin/bash)
==1818447== 
==1818447== 9 bytes in 1 blocks are still reachable in loss record 81 of 358
==1818447==    at 0x49A1B26: malloc (vg_replace_malloc.c:447)
==1818447==    by 0x401F977: ??? (in /usr/bin/bash)
==1818447==    by 0x4024EAF: ??? (in /usr/bin/bash)
==1818447==    by 0x4025DE3: ??? (in /usr/bin/bash)
==1818447==    by 0x409FF6C: set_bashopts (in /usr/bin/bash)
==1818447==    by 0x40067EE: ??? (in /usr/bin/bash)
==1818447==    by 0x40035C1: main (in /usr/bin/bash)
==1818447== 
==1818447== 9 bytes in 1 blocks are still reachable in loss record 82 of 358
==1818447==    at 0x49A1B26: malloc (vg_replace_malloc.c:447)
==1818447==    by 0x4024ED0: ??? (in /usr/bin/bash)
==1818447==    by 0x4025DE3: ??? (in /usr/bin/bash)
==1818447==    by 0x409FF6C: set_bashopts (in /usr/bin/bash)
==1818447==    by 0x40067EE: ??? (in /usr/bin/bash)
==1818447==    by 0x40035C1: main (in /usr/bin/bash)
==1818447== 
==1818447== 10 bytes in 1 blocks are still reachable in loss record 83 of 358
==1818447==    at 0x49A1B26: malloc (vg_replace_malloc.c:447)
==1818447==    by 0x40257E4: make_variable_value (in /usr/bin/bash)
==1818447==    by 0x4025DF4: ??? (in /usr/bin/bash)
==1818447==    by 0x4029AD4: initialize_shell_variables (in /usr/bin/bash)
==1818447==    by 0x400679B: ??? (in /usr/bin/bash)
==1818447==    by 0x40035C1: main (in /usr/bin/bash)
==1818447== 
==1818447== 10 bytes in 1 blocks are still reachable in loss record 84 of 358
==1818447==    at 0x49A1B26: malloc (vg_replace_malloc.c:447)
==1818447==    by 0x40257E4: make_variable_value (in /usr/bin/bash)
==1818447==    by 0x4025DF4: ??? (in /usr/bin/bash)
==1818447==    by 0x4029C2A: initialize_shell_variables (in /usr/bin/bash)
==1818447==    by 0x400679B: ??? (in /usr/bin/bash)
==1818447==    by 0x40035C1: main (in /usr/bin/bash)
==1818447== 
==1818447== 10 bytes in 1 blocks are still reachable in loss record 85 of 358
==1818447==    at 0x49A1B26: malloc (vg_replace_malloc.c:447)
==1818447==    by 0x4004BB3: ??? (in /usr/bin/bash)
==1818447==    by 0x402ABB8: initialize_shell_variables (in /usr/bin/bash)
==1818447==    by 0x400679B: ??? (in /usr/bin/bash)
==1818447==    by 0x40035C1: main (in /usr/bin/bash)
==1818447== 
==1818447== 10 bytes in 1 blocks are still reachable in loss record 86 of 358
==1818447==    at 0x49A1B26: malloc (vg_replace_malloc.c:447)
==1818447==    by 0x40257E4: make_variable_value (in /usr/bin/bash)
==1818447==    by 0x4025DF4: ??? (in /usr/bin/bash)
==1818447==    by 0x402A5E9: initialize_shell_variables (in /usr/bin/bash)
==1818447==    by 0x400679B: ??? (in /usr/bin/bash)
==1818447==    by 0x40035C1: main (in /usr/bin/bash)
==1818447== 
==1818447== 10 bytes in 1 blocks are still reachable in loss record 87 of 358
==1818447==    at 0x49A1B26: malloc (vg_replace_malloc.c:447)
==1818447==    by 0x401F977: ??? (in /usr/bin/bash)
==1818447==    by 0x4024EAF: ??? (in /usr/bin/bash)
==1818447==    by 0x40254C0: make_new_array_variable (in /usr/bin/bash)
==1818447==    by 0x402A715: initialize_shell_variables (in /usr/bin/bash)
==1818447==    by 0x400679B: ??? (in /usr/bin/bash)
==1818447==    by 0x40035C1: main (in /usr/bin/bash)
==1818447== 
==1818447== 10 bytes in 1 blocks are still reachable in loss record 88 of 358
==1818447==    at 0x49A1B26: malloc (vg_replace_malloc.c:447)
==1818447==    by 0x4024ED0: ??? (in /usr/bin/bash)
==1818447==    by 0x40254C0: make_new_array_variable (in /usr/bin/bash)
==1818447==    by 0x402A715: initialize_shell_variables (in /usr/bin/bash)
==1818447==    by 0x400679B: ??? (in /usr/bin/bash)
==1818447==    by 0x40035C1: main (in /usr/bin/bash)
==1818447== 
==1818447== 10 bytes in 1 blocks are still reachable in loss record 89 of 358
==1818447==    at 0x49A1B26: malloc (vg_replace_malloc.c:447)
==1818447==    by 0x401F977: ??? (in /usr/bin/bash)
==1818447==    by 0x4024EAF: ??? (in /usr/bin/bash)
==1818447==    by 0x40254C0: make_new_array_variable (in /usr/bin/bash)
==1818447==    by 0x402A6F5: initialize_shell_variables (in /usr/bin/bash)
==1818447==    by 0x400679B: ??? (in /usr/bin/bash)
==1818447==    by 0x40035C1: main (in /usr/bin/bash)
==1818447== 
==1818447== 10 bytes in 1 blocks are still reachable in loss record 90 of 358
==1818447==    at 0x49A1B26: malloc (vg_replace_malloc.c:447)
==1818447==    by 0x4024ED0: ??? (in /usr/bin/bash)
==1818447==    by 0x40254C0: make_new_array_variable (in /usr/bin/bash)
==1818447==    by 0x402A6F5: initialize_shell_variables (in /usr/bin/bash)
==1818447==    by 0x400679B: ??? (in /usr/bin/bash)
==1818447==    by 0x40035C1: main (in /usr/bin/bash)
==1818447== 
==1818447== 10 bytes in 1 blocks are still reachable in loss record 91 of 358
==1818447==    at 0x49A1B26: malloc (vg_replace_malloc.c:447)
==1818447==    by 0x401F977: ??? (in /usr/bin/bash)
==1818447==    by 0x4024EAF: ??? (in /usr/bin/bash)
==1818447==    by 0x402A674: initialize_shell_variables (in /usr/bin/bash)
==1818447==    by 0x400679B: ??? (in /usr/bin/bash)
==1818447==    by 0x40035C1: main (in /usr/bin/bash)
==1818447== 
==1818447== 10 bytes in 1 blocks are still reachable in loss record 92 of 358
==1818447==    at 0x49A1B26: malloc (vg_replace_malloc.c:447)
==1818447==    by 0x4024ED0: ??? (in /usr/bin/bash)
==1818447==    by 0x402A674: initialize_shell_variables (in /usr/bin/bash)
==1818447==    by 0x400679B: ??? (in /usr/bin/bash)
==1818447==    by 0x40035C1: main (in /usr/bin/bash)
==1818447== 
==1818447== 10 bytes in 1 blocks are still reachable in loss record 93 of 358
==1818447==    at 0x49A1B26: malloc (vg_replace_malloc.c:447)
==1818447==    by 0x401F977: ??? (in /usr/bin/bash)
==1818447==    by 0x4024EAF: ??? (in /usr/bin/bash)
==1818447==    by 0x4025DE3: ??? (in /usr/bin/bash)
==1818447==    by 0x40919B9: set_shellopts (in /usr/bin/bash)
==1818447==    by 0x40067CF: ??? (in /usr/bin/bash)
==1818447==    by 0x40035C1: main (in /usr/bin/bash)
==1818447== 
==1818447== 10 bytes in 1 blocks are still reachable in loss record 94 of 358
==1818447==    at 0x49A1B26: malloc (vg_replace_malloc.c:447)
==1818447==    by 0x4024ED0: ??? (in /usr/bin/bash)
==1818447==    by 0x4025DE3: ??? (in /usr/bin/bash)
==1818447==    by 0x40919B9: set_shellopts (in /usr/bin/bash)
==1818447==    by 0x40067CF: ??? (in /usr/bin/bash)
==1818447==    by 0x40035C1: main (in /usr/bin/bash)
==1818447== 
==1818447== 10 bytes in 1 blocks are still reachable in loss record 95 of 358
==1818447==    at 0x49A1B26: malloc (vg_replace_malloc.c:447)
==1818447==    by 0x40E8677: ??? (in /usr/bin/bash)
==1818447==    by 0x400BFEC: yyparse (in /usr/bin/bash)
==1818447==    by 0x400F99F: parse_command (in /usr/bin/bash)
==1818447==    by 0x400FB7B: read_command (in /usr/bin/bash)
==1818447==    by 0x400FDA5: reader_loop (in /usr/bin/bash)
==1818447==    by 0x40038C6: main (in /usr/bin/bash)
==1818447== 
==1818447== 11 bytes in 1 blocks are still reachable in loss record 96 of 358
==1818447==    at 0x49A1B26: malloc (vg_replace_malloc.c:447)
==1818447==    by 0x401F977: ??? (in /usr/bin/bash)
==1818447==    by 0x4024EAF: ??? (in /usr/bin/bash)
==1818447==    by 0x4025DE3: ??? (in /usr/bin/bash)
==1818447==    by 0x4029F56: initialize_shell_variables (in /usr/bin/bash)
==1818447==    by 0x400679B: ??? (in /usr/bin/bash)
==1818447==    by 0x40035C1: main (in /usr/bin/bash)
==1818447== 
==1818447== 11 bytes in 1 blocks are still reachable in loss record 97 of 358
==1818447==    at 0x49A1B26: malloc (vg_replace_malloc.c:447)
==1818447==    by 0x4024ED0: ??? (in /usr/bin/bash)
==1818447==    by 0x4025DE3: ??? (in /usr/bin/bash)
==1818447==    by 0x4029F56: initialize_shell_variables (in /usr/bin/bash)
==1818447==    by 0x400679B: ??? (in /usr/bin/bash)
==1818447==    by 0x40035C1: main (in /usr/bin/bash)
==1818447== 
==1818447== 11 bytes in 1 blocks are still reachable in loss record 98 of 358
==1818447==    at 0x49A1B26: malloc (vg_replace_malloc.c:447)
==1818447==    by 0x401F977: ??? (in /usr/bin/bash)
==1818447==    by 0x4024EAF: ??? (in /usr/bin/bash)
==1818447==    by 0x40254C0: make_new_array_variable (in /usr/bin/bash)
==1818447==    by 0x403004F: set_pipestatus_array (in /usr/bin/bash)
==1818447==    by 0x40292D1: ??? (in /usr/bin/bash)
==1818447==    by 0x401BC3C: execute_command_internal (in /usr/bin/bash)
==1818447==    by 0x401E54D: execute_command (in /usr/bin/bash)
==1818447==    by 0x400FE57: reader_loop (in /usr/bin/bash)
==1818447==    by 0x40038C6: main (in /usr/bin/bash)
==1818447== 
==1818447== 11 bytes in 1 blocks are still reachable in loss record 99 of 358
==1818447==    at 0x49A1B26: malloc (vg_replace_malloc.c:447)
==1818447==    by 0x4024ED0: ??? (in /usr/bin/bash)
==1818447==    by 0x40254C0: make_new_array_variable (in /usr/bin/bash)
==1818447==    by 0x403004F: set_pipestatus_array (in /usr/bin/bash)
==1818447==    by 0x40292D1: ??? (in /usr/bin/bash)
==1818447==    by 0x401BC3C: execute_command_internal (in /usr/bin/bash)
==1818447==    by 0x401E54D: execute_command (in /usr/bin/bash)
==1818447==    by 0x400FE57: reader_loop (in /usr/bin/bash)
==1818447==    by 0x40038C6: main (in /usr/bin/bash)
==1818447== 
==1818447== 12 bytes in 1 blocks are still reachable in loss record 100 of 358
==1818447==    at 0x49A1B26: malloc (vg_replace_malloc.c:447)
==1818447==    by 0x401F977: ??? (in /usr/bin/bash)
==1818447==    by 0x4024EAF: ??? (in /usr/bin/bash)
==1818447==    by 0x40254C0: make_new_array_variable (in /usr/bin/bash)
==1818447==    by 0x402A6D5: initialize_shell_variables (in /usr/bin/bash)
==1818447==    by 0x400679B: ??? (in /usr/bin/bash)
==1818447==    by 0x40035C1: main (in /usr/bin/bash)
==1818447== 
==1818447== 12 bytes in 1 blocks are still reachable in loss record 101 of 358
==1818447==    at 0x49A1B26: malloc (vg_replace_malloc.c:447)
==1818447==    by 0x4024ED0: ??? (in /usr/bin/bash)
==1818447==    by 0x40254C0: make_new_array_variable (in /usr/bin/bash)
==1818447==    by 0x402A6D5: initialize_shell_variables (in /usr/bin/bash)
==1818447==    by 0x400679B: ??? (in /usr/bin/bash)
==1818447==    by 0x40035C1: main (in /usr/bin/bash)
==1818447== 
==1818447== 12 bytes in 1 blocks are still reachable in loss record 102 of 358
==1818447==    at 0x49A1B26: malloc (vg_replace_malloc.c:447)
==1818447==    by 0x401F977: ??? (in /usr/bin/bash)
==1818447==    by 0x4024EAF: ??? (in /usr/bin/bash)
==1818447==    by 0x40254C0: make_new_array_variable (in /usr/bin/bash)
==1818447==    by 0x402A6B5: initialize_shell_variables (in /usr/bin/bash)
==1818447==    by 0x400679B: ??? (in /usr/bin/bash)
==1818447==    by 0x40035C1: main (in /usr/bin/bash)
==1818447== 
==1818447== 12 bytes in 1 blocks are still reachable in loss record 103 of 358
==1818447==    at 0x49A1B26: malloc (vg_replace_malloc.c:447)
==1818447==    by 0x4024ED0: ??? (in /usr/bin/bash)
==1818447==    by 0x40254C0: make_new_array_variable (in /usr/bin/bash)
==1818447==    by 0x402A6B5: initialize_shell_variables (in /usr/bin/bash)
==1818447==    by 0x400679B: ??? (in /usr/bin/bash)
==1818447==    by 0x40035C1: main (in /usr/bin/bash)
==1818447== 
==1818447== 13 bytes in 1 blocks are still reachable in loss record 104 of 358
==1818447==    at 0x49A1B26: malloc (vg_replace_malloc.c:447)
==1818447==    by 0x401F977: ??? (in /usr/bin/bash)
==1818447==    by 0x4024EAF: ??? (in /usr/bin/bash)
==1818447==    by 0x4025DE3: ??? (in /usr/bin/bash)
==1818447==    by 0x4029C73: initialize_shell_variables (in /usr/bin/bash)
==1818447==    by 0x400679B: ??? (in /usr/bin/bash)
==1818447==    by 0x40035C1: main (in /usr/bin/bash)
==1818447== 
==1818447== 13 bytes in 1 blocks are still reachable in loss record 105 of 358
==1818447==    at 0x49A1B26: malloc (vg_replace_malloc.c:447)
==1818447==    by 0x4024ED0: ??? (in /usr/bin/bash)
==1818447==    by 0x4025DE3: ??? (in /usr/bin/bash)
==1818447==    by 0x4029C73: initialize_shell_variables (in /usr/bin/bash)
==1818447==    by 0x400679B: ??? (in /usr/bin/bash)
==1818447==    by 0x40035C1: main (in /usr/bin/bash)
==1818447== 
==1818447== 13 bytes in 1 blocks are still reachable in loss record 106 of 358
==1818447==    at 0x49A1B26: malloc (vg_replace_malloc.c:447)
==1818447==    by 0x401F977: ??? (in /usr/bin/bash)
==1818447==    by 0x4024EAF: ??? (in /usr/bin/bash)
==1818447==    by 0x4025DE3: ??? (in /usr/bin/bash)
==1818447==    by 0x4029F82: initialize_shell_variables (in /usr/bin/bash)
==1818447==    by 0x400679B: ??? (in /usr/bin/bash)
==1818447==    by 0x40035C1: main (in /usr/bin/bash)
==1818447== 
==1818447== 13 bytes in 1 blocks are still reachable in loss record 107 of 358
==1818447==    at 0x49A1B26: malloc (vg_replace_malloc.c:447)
==1818447==    by 0x4024ED0: ??? (in /usr/bin/bash)
==1818447==    by 0x4025DE3: ??? (in /usr/bin/bash)
==1818447==    by 0x4029F82: initialize_shell_variables (in /usr/bin/bash)
==1818447==    by 0x400679B: ??? (in /usr/bin/bash)
==1818447==    by 0x40035C1: main (in /usr/bin/bash)
==1818447== 
==1818447== 13 bytes in 1 blocks are still reachable in loss record 108 of 358
==1818447==    at 0x49A1B26: malloc (vg_replace_malloc.c:447)
==1818447==    by 0x401F977: ??? (in /usr/bin/bash)
==1818447==    by 0x4024EAF: ??? (in /usr/bin/bash)
==1818447==    by 0x4025DE3: ??? (in /usr/bin/bash)
==1818447==    by 0x402A07B: initialize_shell_variables (in /usr/bin/bash)
==1818447==    by 0x400679B: ??? (in /usr/bin/bash)
==1818447==    by 0x40035C1: main (in /usr/bin/bash)
==1818447== 
==1818447== 13 bytes in 1 blocks are still reachable in loss record 109 of 358
==1818447==    at 0x49A1B26: malloc (vg_replace_malloc.c:447)
==1818447==    by 0x4024ED0: ??? (in /usr/bin/bash)
==1818447==    by 0x4025DE3: ??? (in /usr/bin/bash)
==1818447==    by 0x402A07B: initialize_shell_variables (in /usr/bin/bash)
==1818447==    by 0x400679B: ??? (in /usr/bin/bash)
==1818447==    by 0x40035C1: main (in /usr/bin/bash)
==1818447== 
==1818447== 13 bytes in 1 blocks are still reachable in loss record 110 of 358
==1818447==    at 0x49A1B26: malloc (vg_replace_malloc.c:447)
==1818447==    by 0x401F977: ??? (in /usr/bin/bash)
==1818447==    by 0x4024EAF: ??? (in /usr/bin/bash)
==1818447==    by 0x402A628: initialize_shell_variables (in /usr/bin/bash)
==1818447==    by 0x400679B: ??? (in /usr/bin/bash)
==1818447==    by 0x40035C1: main (in /usr/bin/bash)
==1818447== 
==1818447== 13 bytes in 1 blocks are still reachable in loss record 111 of 358
==1818447==    at 0x49A1B26: malloc (vg_replace_malloc.c:447)
==1818447==    by 0x4024ED0: ??? (in /usr/bin/bash)
==1818447==    by 0x402A628: initialize_shell_variables (in /usr/bin/bash)
==1818447==    by 0x400679B: ??? (in /usr/bin/bash)
==1818447==    by 0x40035C1: main (in /usr/bin/bash)
==1818447== 
==1818447== 14 bytes in 1 blocks are still reachable in loss record 112 of 358
==1818447==    at 0x49A1B26: malloc (vg_replace_malloc.c:447)
==1818447==    by 0x401F977: ??? (in /usr/bin/bash)
==1818447==    by 0x4024EAF: ??? (in /usr/bin/bash)
==1818447==    by 0x40254C0: make_new_array_variable (in /usr/bin/bash)
==1818447==    by 0x4029C8A: initialize_shell_variables (in /usr/bin/bash)
==1818447==    by 0x400679B: ??? (in /usr/bin/bash)
==1818447==    by 0x40035C1: main (in /usr/bin/bash)
==1818447== 
==1818447== 14 bytes in 1 blocks are still reachable in loss record 113 of 358
==1818447==    at 0x49A1B26: malloc (vg_replace_malloc.c:447)
==1818447==    by 0x4024ED0: ??? (in /usr/bin/bash)
==1818447==    by 0x40254C0: make_new_array_variable (in /usr/bin/bash)
==1818447==    by 0x4029C8A: initialize_shell_variables (in /usr/bin/bash)
==1818447==    by 0x400679B: ??? (in /usr/bin/bash)
==1818447==    by 0x40035C1: main (in /usr/bin/bash)
==1818447== 
==1818447== 14 bytes in 1 blocks are still reachable in loss record 114 of 358
==1818447==    at 0x49A1B26: malloc (vg_replace_malloc.c:447)
==1818447==    by 0x401F977: ??? (in /usr/bin/bash)
==1818447==    by 0x4024EAF: ??? (in /usr/bin/bash)
==1818447==    by 0x4025DE3: ??? (in /usr/bin/bash)
==1818447==    by 0x4029FA5: initialize_shell_variables (in /usr/bin/bash)
==1818447==    by 0x400679B: ??? (in /usr/bin/bash)
==1818447==    by 0x40035C1: main (in /usr/bin/bash)
==1818447== 
==1818447== 14 bytes in 1 blocks are still reachable in loss record 115 of 358
==1818447==    at 0x49A1B26: malloc (vg_replace_malloc.c:447)
==1818447==    by 0x4024ED0: ??? (in /usr/bin/bash)
==1818447==    by 0x4025DE3: ??? (in /usr/bin/bash)
==1818447==    by 0x4029FA5: initialize_shell_variables (in /usr/bin/bash)
==1818447==    by 0x400679B: ??? (in /usr/bin/bash)
==1818447==    by 0x40035C1: main (in /usr/bin/bash)
==1818447== 
==1818447== 14 bytes in 1 blocks are still reachable in loss record 116 of 358
==1818447==    at 0x49A1B26: malloc (vg_replace_malloc.c:447)
==1818447==    by 0x401F977: ??? (in /usr/bin/bash)
==1818447==    by 0x4024EAF: ??? (in /usr/bin/bash)
==1818447==    by 0x4025DE3: ??? (in /usr/bin/bash)
==1818447==    by 0x402A09E: initialize_shell_variables (in /usr/bin/bash)
==1818447==    by 0x400679B: ??? (in /usr/bin/bash)
==1818447==    by 0x40035C1: main (in /usr/bin/bash)
==1818447== 
==1818447== 14 bytes in 1 blocks are still reachable in loss record 117 of 358
==1818447==    at 0x49A1B26: malloc (vg_replace_malloc.c:447)
==1818447==    by 0x4024ED0: ??? (in /usr/bin/bash)
==1818447==    by 0x4025DE3: ??? (in /usr/bin/bash)
==1818447==    by 0x402A09E: initialize_shell_variables (in /usr/bin/bash)
==1818447==    by 0x400679B: ??? (in /usr/bin/bash)
==1818447==    by 0x40035C1: main (in /usr/bin/bash)
==1818447== 
==1818447== 15 bytes in 1 blocks are still reachable in loss record 118 of 358
==1818447==    at 0x49A1B26: malloc (vg_replace_malloc.c:447)
==1818447==    by 0x4004AC4: ??? (in /usr/bin/bash)
==1818447==    by 0x402ABB8: initialize_shell_variables (in /usr/bin/bash)
==1818447==    by 0x400679B: ??? (in /usr/bin/bash)
==1818447==    by 0x40035C1: main (in /usr/bin/bash)
==1818447== 
==1818447== 16 bytes in 1 blocks are still reachable in loss record 119 of 358
==1818447==    at 0x49A1B26: malloc (vg_replace_malloc.c:447)
==1818447==    by 0x401274B: ??? (in /usr/bin/bash)
==1818447==    by 0x4006767: ??? (in /usr/bin/bash)
==1818447==    by 0x40035C1: main (in /usr/bin/bash)
==1818447== 
==1818447== 16 bytes in 1 blocks are still reachable in loss record 120 of 358
==1818447==    at 0x49A1B26: malloc (vg_replace_malloc.c:447)
==1818447==    by 0x40127A5: ??? (in /usr/bin/bash)
==1818447==    by 0x4006767: ??? (in /usr/bin/bash)
==1818447==    by 0x40035C1: main (in /usr/bin/bash)
==1818447== 
==1818447== 16 bytes in 1 blocks are still reachable in loss record 121 of 358
==1818447==    at 0x49A1B26: malloc (vg_replace_malloc.c:447)
==1818447==    by 0x405964A: hash_create (in /usr/bin/bash)
==1818447==    by 0x40221F0: ??? (in /usr/bin/bash)
==1818447==    by 0x4029A05: initialize_shell_variables (in /usr/bin/bash)
==1818447==    by 0x400679B: ??? (in /usr/bin/bash)
==1818447==    by 0x40035C1: main (in /usr/bin/bash)
==1818447== 
==1818447== 16 bytes in 1 blocks are still reachable in loss record 122 of 358
==1818447==    at 0x49A1B26: malloc (vg_replace_malloc.c:447)
==1818447==    by 0x405964A: hash_create (in /usr/bin/bash)
==1818447==    by 0x4022209: ??? (in /usr/bin/bash)
==1818447==    by 0x4029A05: initialize_shell_variables (in /usr/bin/bash)
==1818447==    by 0x400679B: ??? (in /usr/bin/bash)
==1818447==    by 0x40035C1: main (in /usr/bin/bash)
==1818447== 
==1818447== 16 bytes in 1 blocks are still reachable in loss record 123 of 358
==1818447==    at 0x49A1B26: malloc (vg_replace_malloc.c:447)
==1818447==    by 0x405964A: hash_create (in /usr/bin/bash)
==1818447==    by 0x4022224: ??? (in /usr/bin/bash)
==1818447==    by 0x4029A05: initialize_shell_variables (in /usr/bin/bash)
==1818447==    by 0x400679B: ??? (in /usr/bin/bash)
==1818447==    by 0x40035C1: main (in /usr/bin/bash)
==1818447== 
==1818447== 16 bytes in 1 blocks are still reachable in loss record 124 of 358
==1818447==    at 0x49A1B26: malloc (vg_replace_malloc.c:447)
==1818447==    by 0x401F977: ??? (in /usr/bin/bash)
==1818447==    by 0x4024EAF: ??? (in /usr/bin/bash)
==1818447==    by 0x4025DE3: ??? (in /usr/bin/bash)
==1818447==    by 0x402A0E8: initialize_shell_variables (in /usr/bin/bash)
==1818447==    by 0x400679B: ??? (in /usr/bin/bash)
==1818447==    by 0x40035C1: main (in /usr/bin/bash)
==1818447== 
==1818447== 16 bytes in 1 blocks are still reachable in loss record 125 of 358
==1818447==    at 0x49A1B26: malloc (vg_replace_malloc.c:447)
==1818447==    by 0x4024ED0: ??? (in /usr/bin/bash)
==1818447==    by 0x4025DE3: ??? (in /usr/bin/bash)
==1818447==    by 0x402A0E8: initialize_shell_variables (in /usr/bin/bash)
==1818447==    by 0x400679B: ??? (in /usr/bin/bash)
==1818447==    by 0x40035C1: main (in /usr/bin/bash)
==1818447== 
==1818447== 16 bytes in 1 blocks are still reachable in loss record 126 of 358
==1818447==    at 0x49A1B26: malloc (vg_replace_malloc.c:447)
==1818447==    by 0x405964A: hash_create (in /usr/bin/bash)
==1818447==    by 0x402A681: initialize_shell_variables (in /usr/bin/bash)
==1818447==    by 0x400679B: ??? (in /usr/bin/bash)
==1818447==    by 0x40035C1: main (in /usr/bin/bash)
==1818447== 
==1818447== 16 bytes in 1 blocks are still reachable in loss record 127 of 358
==1818447==    at 0x49A1B26: malloc (vg_replace_malloc.c:447)
==1818447==    by 0x405964A: hash_create (in /usr/bin/bash)
==1818447==    by 0x402A635: initialize_shell_variables (in /usr/bin/bash)
==1818447==    by 0x400679B: ??? (in /usr/bin/bash)
==1818447==    by 0x40035C1: main (in /usr/bin/bash)
==1818447== 
==1818447== 16 bytes in 1 blocks are still reachable in loss record 128 of 358
==1818447==    at 0x49A1B26: malloc (vg_replace_malloc.c:447)
==1818447==    by 0x4012A29: make_bare_word (in /usr/bin/bash)
==1818447==    by 0x40301FD: copy_word_list (in /usr/bin/bash)
==1818447==    by 0x4057B56: ??? (in /usr/bin/bash)
==1818447==    by 0x4027BF1: ??? (in /usr/bin/bash)
==1818447==    by 0x401BC3C: execute_command_internal (in /usr/bin/bash)
==1818447==    by 0x401E54D: execute_command (in /usr/bin/bash)
==1818447==    by 0x400FE57: reader_loop (in /usr/bin/bash)
==1818447==    by 0x40038C6: main (in /usr/bin/bash)
==1818447== 
==1818447== 16 bytes in 1 blocks are still reachable in loss record 129 of 358
==1818447==    at 0x49A1B26: malloc (vg_replace_malloc.c:447)
==1818447==    by 0x40302F1: copy_word_list (in /usr/bin/bash)
==1818447==    by 0x4057B56: ??? (in /usr/bin/bash)
==1818447==    by 0x4027BF1: ??? (in /usr/bin/bash)
==1818447==    by 0x401BC3C: execute_command_internal (in /usr/bin/bash)
==1818447==    by 0x401E54D: execute_command (in /usr/bin/bash)
==1818447==    by 0x400FE57: reader_loop (in /usr/bin/bash)
==1818447==    by 0x40038C6: main (in /usr/bin/bash)
==1818447== 
==1818447== 16 bytes in 1 blocks are still reachable in loss record 130 of 358
==1818447==    at 0x49A1B26: malloc (vg_replace_malloc.c:447)
==1818447==    by 0x4012A29: make_bare_word (in /usr/bin/bash)
==1818447==    by 0x4030298: copy_word_list (in /usr/bin/bash)
==1818447==    by 0x4057B56: ??? (in /usr/bin/bash)
==1818447==    by 0x4027BF1: ??? (in /usr/bin/bash)
==1818447==    by 0x401BC3C: execute_command_internal (in /usr/bin/bash)
==1818447==    by 0x401E54D: execute_command (in /usr/bin/bash)
==1818447==    by 0x400FE57: reader_loop (in /usr/bin/bash)
==1818447==    by 0x40038C6: main (in /usr/bin/bash)
==1818447== 
==1818447== 16 bytes in 1 blocks are still reachable in loss record 131 of 358
==1818447==    at 0x49A1B26: malloc (vg_replace_malloc.c:447)
==1818447==    by 0x40302B8: copy_word_list (in /usr/bin/bash)
==1818447==    by 0x4057B56: ??? (in /usr/bin/bash)
==1818447==    by 0x4027BF1: ??? (in /usr/bin/bash)
==1818447==    by 0x401BC3C: execute_command_internal (in /usr/bin/bash)
==1818447==    by 0x401E54D: execute_command (in /usr/bin/bash)
==1818447==    by 0x400FE57: reader_loop (in /usr/bin/bash)
==1818447==    by 0x40038C6: main (in /usr/bin/bash)
==1818447== 
==1818447== 16 bytes in 1 blocks are still reachable in loss record 132 of 358
==1818447==    at 0x49A1B26: malloc (vg_replace_malloc.c:447)
==1818447==    by 0x4012955: alloc_word_desc (in /usr/bin/bash)
==1818447==    by 0x405569D: ??? (in /usr/bin/bash)
==1818447==    by 0x4057C17: ??? (in /usr/bin/bash)
==1818447==    by 0x4027BF1: ??? (in /usr/bin/bash)
==1818447==    by 0x401BC3C: execute_command_internal (in /usr/bin/bash)
==1818447==    by 0x401E54D: execute_command (in /usr/bin/bash)
==1818447==    by 0x400FE57: reader_loop (in /usr/bin/bash)
==1818447==    by 0x40038C6: main (in /usr/bin/bash)
==1818447== 
==1818447== 16 bytes in 1 blocks are still reachable in loss record 133 of 358
==1818447==    at 0x49A1B26: malloc (vg_replace_malloc.c:447)
==1818447==    by 0x4012955: alloc_word_desc (in /usr/bin/bash)
==1818447==    by 0x4053986: ??? (in /usr/bin/bash)
==1818447==    by 0x405547E: ??? (in /usr/bin/bash)
==1818447==    by 0x405572D: ??? (in /usr/bin/bash)
==1818447==    by 0x4057C17: ??? (in /usr/bin/bash)
==1818447==    by 0x4027BF1: ??? (in /usr/bin/bash)
==1818447==    by 0x401BC3C: execute_command_internal (in /usr/bin/bash)
==1818447==    by 0x401E54D: execute_command (in /usr/bin/bash)
==1818447==    by 0x400FE57: reader_loop (in /usr/bin/bash)
==1818447==    by 0x40038C6: main (in /usr/bin/bash)
==1818447== 
==1818447== 16 bytes in 1 blocks are still reachable in loss record 134 of 358
==1818447==    at 0x49A1B26: malloc (vg_replace_malloc.c:447)
==1818447==    by 0x4012CB9: make_word_list (in /usr/bin/bash)
==1818447==    by 0x4056C88: ??? (in /usr/bin/bash)
==1818447==    by 0x405572D: ??? (in /usr/bin/bash)
==1818447==    by 0x4057C17: ??? (in /usr/bin/bash)
==1818447==    by 0x4027BF1: ??? (in /usr/bin/bash)
==1818447==    by 0x401BC3C: execute_command_internal (in /usr/bin/bash)
==1818447==    by 0x401E54D: execute_command (in /usr/bin/bash)
==1818447==    by 0x400FE57: reader_loop (in /usr/bin/bash)
==1818447==    by 0x40038C6: main (in /usr/bin/bash)
==1818447== 
==1818447== 16 bytes in 1 blocks are still reachable in loss record 135 of 358
==1818447==    at 0x49A1B26: malloc (vg_replace_malloc.c:447)
==1818447==    by 0x401361D: make_simple_command (in /usr/bin/bash)
==1818447==    by 0x400E08B: yyparse (in /usr/bin/bash)
==1818447==    by 0x40E6D4B: ??? (in /usr/bin/bash)
==1818447==    by 0x40085E1: ??? (in /usr/bin/bash)
==1818447==    by 0x40E7440: ??? (in /usr/bin/bash)
==1818447==    by 0x400BFEC: yyparse (in /usr/bin/bash)
==1818447==    by 0x400F99F: parse_command (in /usr/bin/bash)
==1818447==    by 0x400FB7B: read_command (in /usr/bin/bash)
==1818447==    by 0x400FDA5: reader_loop (in /usr/bin/bash)
==1818447==    by 0x40038C6: main (in /usr/bin/bash)
==1818447== 
==1818447== 16 bytes in 1 blocks are still reachable in loss record 136 of 358
==1818447==    at 0x49A1B26: malloc (vg_replace_malloc.c:447)
==1818447==    by 0x4012955: alloc_word_desc (in /usr/bin/bash)
==1818447==    by 0x40E83FC: ??? (in /usr/bin/bash)
==1818447==    by 0x400BFEC: yyparse (in /usr/bin/bash)
==1818447==    by 0x40E6D4B: ??? (in /usr/bin/bash)
==1818447==    by 0x40085E1: ??? (in /usr/bin/bash)
==1818447==    by 0x40E7440: ??? (in /usr/bin/bash)
==1818447==    by 0x400BFEC: yyparse (in /usr/bin/bash)
==1818447==    by 0x400F99F: parse_command (in /usr/bin/bash)
==1818447==    by 0x400FB7B: read_command (in /usr/bin/bash)
==1818447==    by 0x400FDA5: reader_loop (in /usr/bin/bash)
==1818447==    by 0x40038C6: main (in /usr/bin/bash)
==1818447== 
==1818447== 16 bytes in 1 blocks are still reachable in loss record 137 of 358
==1818447==    at 0x49A1B26: malloc (vg_replace_malloc.c:447)
==1818447==    by 0x4018817: ??? (in /usr/bin/bash)
==1818447==    by 0x4018A1A: ??? (in /usr/bin/bash)
==1818447==    by 0x40E6FC1: ??? (in /usr/bin/bash)
==1818447==    by 0x40085E1: ??? (in /usr/bin/bash)
==1818447==    by 0x40E7440: ??? (in /usr/bin/bash)
==1818447==    by 0x400BFEC: yyparse (in /usr/bin/bash)
==1818447==    by 0x400F99F: parse_command (in /usr/bin/bash)
==1818447==    by 0x400FB7B: read_command (in /usr/bin/bash)
==1818447==    by 0x400FDA5: reader_loop (in /usr/bin/bash)
==1818447==    by 0x40038C6: main (in /usr/bin/bash)
==1818447== 
==1818447== 16 bytes in 1 blocks are still reachable in loss record 138 of 358
==1818447==    at 0x49A1B26: malloc (vg_replace_malloc.c:447)
==1818447==    by 0x4012A29: make_bare_word (in /usr/bin/bash)
==1818447==    by 0x40301FD: copy_word_list (in /usr/bin/bash)
==1818447==    by 0x4057B56: ??? (in /usr/bin/bash)
==1818447==    by 0x4028043: ??? (in /usr/bin/bash)
==1818447==    by 0x401BC3C: execute_command_internal (in /usr/bin/bash)
==1818447==    by 0x401E54D: execute_command (in /usr/bin/bash)
==1818447==    by 0x401B63E: execute_command_internal (in /usr/bin/bash)
==1818447==    by 0x401E54D: execute_command (in /usr/bin/bash)
==1818447==    by 0x401BFA7: execute_command_internal (in /usr/bin/bash)
==1818447==    by 0x401E54D: execute_command (in /usr/bin/bash)
==1818447==    by 0x400FE57: reader_loop (in /usr/bin/bash)
==1818447== 
==1818447== 16 bytes in 1 blocks are still reachable in loss record 139 of 358
==1818447==    at 0x49A1B26: malloc (vg_replace_malloc.c:447)
==1818447==    by 0x4012955: alloc_word_desc (in /usr/bin/bash)
==1818447==    by 0x405569D: ??? (in /usr/bin/bash)
==1818447==    by 0x4057C17: ??? (in /usr/bin/bash)
==1818447==    by 0x4028043: ??? (in /usr/bin/bash)
==1818447==    by 0x401BC3C: execute_command_internal (in /usr/bin/bash)
==1818447==    by 0x401E54D: execute_command (in /usr/bin/bash)
==1818447==    by 0x401B63E: execute_command_internal (in /usr/bin/bash)
==1818447==    by 0x401E54D: execute_command (in /usr/bin/bash)
==1818447==    by 0x401BFA7: execute_command_internal (in /usr/bin/bash)
==1818447==    by 0x401E54D: execute_command (in /usr/bin/bash)
==1818447==    by 0x400FE57: reader_loop (in /usr/bin/bash)
==1818447== 
==1818447== 16 bytes in 1 blocks are still reachable in loss record 140 of 358
==1818447==    at 0x49A1B26: malloc (vg_replace_malloc.c:447)
==1818447==    by 0x4012955: alloc_word_desc (in /usr/bin/bash)
==1818447==    by 0x4053986: ??? (in /usr/bin/bash)
==1818447==    by 0x405547E: ??? (in /usr/bin/bash)
==1818447==    by 0x405572D: ??? (in /usr/bin/bash)
==1818447==    by 0x4057C17: ??? (in /usr/bin/bash)
==1818447==    by 0x4028043: ??? (in /usr/bin/bash)
==1818447==    by 0x401BC3C: execute_command_internal (in /usr/bin/bash)
==1818447==    by 0x401E54D: execute_command (in /usr/bin/bash)
==1818447==    by 0x401B63E: execute_command_internal (in /usr/bin/bash)
==1818447==    by 0x401E54D: execute_command (in /usr/bin/bash)
==1818447==    by 0x401BFA7: execute_command_internal (in /usr/bin/bash)
==1818447== 
==1818447== 16 bytes in 1 blocks are still reachable in loss record 141 of 358
==1818447==    at 0x49A1B26: malloc (vg_replace_malloc.c:447)
==1818447==    by 0x4012CB9: make_word_list (in /usr/bin/bash)
==1818447==    by 0x4056C88: ??? (in /usr/bin/bash)
==1818447==    by 0x405572D: ??? (in /usr/bin/bash)
==1818447==    by 0x4057C17: ??? (in /usr/bin/bash)
==1818447==    by 0x4028043: ??? (in /usr/bin/bash)
==1818447==    by 0x401BC3C: execute_command_internal (in /usr/bin/bash)
==1818447==    by 0x401E54D: execute_command (in /usr/bin/bash)
==1818447==    by 0x401B63E: execute_command_internal (in /usr/bin/bash)
==1818447==    by 0x401E54D: execute_command (in /usr/bin/bash)
==1818447==    by 0x401BFA7: execute_command_internal (in /usr/bin/bash)
==1818447==    by 0x401E54D: execute_command (in /usr/bin/bash)
==1818447== 
==1818447== 16 bytes in 1 blocks are still reachable in loss record 142 of 358
==1818447==    at 0x49A1B26: malloc (vg_replace_malloc.c:447)
==1818447==    by 0x4012CB9: make_word_list (in /usr/bin/bash)
==1818447==    by 0x4056C88: ??? (in /usr/bin/bash)
==1818447==    by 0x4057C17: ??? (in /usr/bin/bash)
==1818447==    by 0x4028043: ??? (in /usr/bin/bash)
==1818447==    by 0x401BC3C: execute_command_internal (in /usr/bin/bash)
==1818447==    by 0x401E54D: execute_command (in /usr/bin/bash)
==1818447==    by 0x401DBD7: execute_command_internal (in /usr/bin/bash)
==1818447==    by 0x401E54D: execute_command (in /usr/bin/bash)
==1818447==    by 0x401BFA7: execute_command_internal (in /usr/bin/bash)
==1818447==    by 0x401E54D: execute_command (in /usr/bin/bash)
==1818447==    by 0x400FE57: reader_loop (in /usr/bin/bash)
==1818447== 
==1818447== 16 bytes in 1 blocks are still reachable in loss record 143 of 358
==1818447==    at 0x49A1B26: malloc (vg_replace_malloc.c:447)
==1818447==    by 0x40257E4: make_variable_value (in /usr/bin/bash)
==1818447==    by 0x4025DF4: ??? (in /usr/bin/bash)
==1818447==    by 0x4046975: ??? (in /usr/bin/bash)
==1818447==    by 0x40E65FA: ??? (in /usr/bin/bash)
==1818447==    by 0x4058503: ??? (in /usr/bin/bash)
==1818447==    by 0x4027BF1: ??? (in /usr/bin/bash)
==1818447==    by 0x401BC3C: execute_command_internal (in /usr/bin/bash)
==1818447==    by 0x401E54D: execute_command (in /usr/bin/bash)
==1818447==    by 0x401D6C6: execute_command_internal (in /usr/bin/bash)
==1818447==    by 0x401E54D: execute_command (in /usr/bin/bash)
==1818447==    by 0x401BFF1: execute_command_internal (in /usr/bin/bash)
==1818447== 
==1818447== 16 bytes in 1 blocks are still reachable in loss record 144 of 358
==1818447==    at 0x49A1B26: malloc (vg_replace_malloc.c:447)
==1818447==    by 0x40257E4: make_variable_value (in /usr/bin/bash)
==1818447==    by 0x402611D: ??? (in /usr/bin/bash)
==1818447==    by 0x4028B92: ??? (in /usr/bin/bash)
==1818447==    by 0x401BC3C: execute_command_internal (in /usr/bin/bash)
==1818447==    by 0x401D718: execute_command_internal (in /usr/bin/bash)
==1818447==    by 0x401E54D: execute_command (in /usr/bin/bash)
==1818447==    by 0x401BFF1: execute_command_internal (in /usr/bin/bash)
==1818447==    by 0x401E54D: execute_command (in /usr/bin/bash)
==1818447==    by 0x400FE57: reader_loop (in /usr/bin/bash)
==1818447==    by 0x40038C6: main (in /usr/bin/bash)
==1818447== 
==1818447== 18 bytes in 1 blocks are still reachable in loss record 145 of 358
==1818447==    at 0x49A1B26: malloc (vg_replace_malloc.c:447)
==1818447==    by 0x40257E4: make_variable_value (in /usr/bin/bash)
==1818447==    by 0x4025DF4: ??? (in /usr/bin/bash)
==1818447==    by 0x4029C73: initialize_shell_variables (in /usr/bin/bash)
==1818447==    by 0x400679B: ??? (in /usr/bin/bash)
==1818447==    by 0x40035C1: main (in /usr/bin/bash)
==1818447== 
==1818447== 20 bytes in 1 blocks are still reachable in loss record 146 of 358
==1818447==    at 0x49A1B26: malloc (vg_replace_malloc.c:447)
==1818447==    by 0x401F977: ??? (in /usr/bin/bash)
==1818447==    by 0x4024EAF: ??? (in /usr/bin/bash)
==1818447==    by 0x4025DE3: ??? (in /usr/bin/bash)
==1818447==    by 0x4029E86: initialize_shell_variables (in /usr/bin/bash)
==1818447==    by 0x400679B: ??? (in /usr/bin/bash)
==1818447==    by 0x40035C1: main (in /usr/bin/bash)
==1818447== 
==1818447== 20 bytes in 1 blocks are still reachable in loss record 147 of 358
==1818447==    at 0x49A1B26: malloc (vg_replace_malloc.c:447)
==1818447==    by 0x4024ED0: ??? (in /usr/bin/bash)
==1818447==    by 0x4025DE3: ??? (in /usr/bin/bash)
==1818447==    by 0x4029E86: initialize_shell_variables (in /usr/bin/bash)
==1818447==    by 0x400679B: ??? (in /usr/bin/bash)
==1818447==    by 0x40035C1: main (in /usr/bin/bash)
==1818447== 
==1818447== 24 bytes in 1 blocks are still reachable in loss record 148 of 358
==1818447==    at 0x49A1B26: malloc (vg_replace_malloc.c:447)
==1818447==    by 0x407A784: xmalloc (in /usr/bin/bash)
==1818447==    by 0x400686E: ??? (in /usr/bin/bash)
==1818447==    by 0x40035C1: main (in /usr/bin/bash)
==1818447== 
==1818447== 24 bytes in 1 blocks are still reachable in loss record 149 of 358
==1818447==    at 0x49A1B26: malloc (vg_replace_malloc.c:447)
==1818447==    by 0x401271E: ??? (in /usr/bin/bash)
==1818447==    by 0x4006767: ??? (in /usr/bin/bash)
==1818447==    by 0x40035C1: main (in /usr/bin/bash)
==1818447== 
==1818447== 24 bytes in 1 blocks are still reachable in loss record 150 of 358
==1818447==    at 0x49A1B26: malloc (vg_replace_malloc.c:447)
==1818447==    by 0x401277C: ??? (in /usr/bin/bash)
==1818447==    by 0x4006767: ??? (in /usr/bin/bash)
==1818447==    by 0x40035C1: main (in /usr/bin/bash)
==1818447== 
==1818447== 24 bytes in 1 blocks are still reachable in loss record 151 of 358
==1818447==    at 0x49A1B26: malloc (vg_replace_malloc.c:447)
==1818447==    by 0x40257E4: make_variable_value (in /usr/bin/bash)
==1818447==    by 0x4025DF4: ??? (in /usr/bin/bash)
==1818447==    by 0x4029A44: initialize_shell_variables (in /usr/bin/bash)
==1818447==    by 0x400679B: ??? (in /usr/bin/bash)
==1818447==    by 0x40035C1: main (in /usr/bin/bash)
==1818447== 
==1818447== 24 bytes in 1 blocks are still reachable in loss record 152 of 358
==1818447==    at 0x49A1B26: malloc (vg_replace_malloc.c:447)
==1818447==    by 0x40257E4: make_variable_value (in /usr/bin/bash)
==1818447==    by 0x4025DF4: ??? (in /usr/bin/bash)
==1818447==    by 0x4029AE3: initialize_shell_variables (in /usr/bin/bash)
==1818447==    by 0x400679B: ??? (in /usr/bin/bash)
==1818447==    by 0x40035C1: main (in /usr/bin/bash)
==1818447== 
==1818447== 24 bytes in 1 blocks are still reachable in loss record 153 of 358
==1818447==    at 0x49A1B26: malloc (vg_replace_malloc.c:447)
==1818447==    by 0x40257E4: make_variable_value (in /usr/bin/bash)
==1818447==    by 0x4025DF4: ??? (in /usr/bin/bash)
==1818447==    by 0x4029AF6: initialize_shell_variables (in /usr/bin/bash)
==1818447==    by 0x400679B: ??? (in /usr/bin/bash)
==1818447==    by 0x40035C1: main (in /usr/bin/bash)
==1818447== 
==1818447== 24 bytes in 1 blocks are still reachable in loss record 154 of 358
==1818447==    at 0x49A1B26: malloc (vg_replace_malloc.c:447)
==1818447==    by 0x4063472: array_create_element (in /usr/bin/bash)
==1818447==    by 0x4063C08: array_insert (in /usr/bin/bash)
==1818447==    by 0x4029D62: initialize_shell_variables (in /usr/bin/bash)
==1818447==    by 0x400679B: ??? (in /usr/bin/bash)
==1818447==    by 0x40035C1: main (in /usr/bin/bash)
==1818447== 
==1818447== 24 bytes in 1 blocks are still reachable in loss record 155 of 358
==1818447==    at 0x49A1B26: malloc (vg_replace_malloc.c:447)
==1818447==    by 0x407A784: xmalloc (in /usr/bin/bash)
==1818447==    by 0x400451F: main (in /usr/bin/bash)
==1818447== 
==1818447== 24 bytes in 1 blocks are still reachable in loss record 156 of 358
==1818447==    at 0x49A1B26: malloc (vg_replace_malloc.c:447)
==1818447==    by 0x4063472: array_create_element (in /usr/bin/bash)
==1818447==    by 0x4063A6B: array_rshift (in /usr/bin/bash)
==1818447==    by 0x4003E19: main (in /usr/bin/bash)
==1818447== 
==1818447== 24 bytes in 1 blocks are still reachable in loss record 157 of 358
==1818447==    at 0x49A1B26: malloc (vg_replace_malloc.c:447)
==1818447==    by 0x4004D90: init_yy_io (in /usr/bin/bash)
==1818447==    by 0x4004E34: pop_stream (in /usr/bin/bash)
==1818447==    by 0x40E6A6F: ??? (in /usr/bin/bash)
==1818447==    by 0x4087B7A: parse_string (in /usr/bin/bash)
==1818447==    by 0x401026E: xparse_dolparen (in /usr/bin/bash)
==1818447==    by 0x4053AED: ??? (in /usr/bin/bash)
==1818447==    by 0x405547E: ??? (in /usr/bin/bash)
==1818447==    by 0x405572D: ??? (in /usr/bin/bash)
==1818447==    by 0x40442BC: expand_string_assignment (in /usr/bin/bash)
==1818447==    by 0x4046395: ??? (in /usr/bin/bash)
==1818447==    by 0x4046A0C: ??? (in /usr/bin/bash)
==1818447== 
==1818447== 29 bytes in 1 blocks are still reachable in loss record 158 of 358
==1818447==    at 0x49A1B26: malloc (vg_replace_malloc.c:447)
==1818447==    by 0x4027807: ??? (in /usr/bin/bash)
==1818447==    by 0x401BC3C: execute_command_internal (in /usr/bin/bash)
==1818447==    by 0x401D718: execute_command_internal (in /usr/bin/bash)
==1818447==    by 0x401E54D: execute_command (in /usr/bin/bash)
==1818447==    by 0x401BFF1: execute_command_internal (in /usr/bin/bash)
==1818447==    by 0x401E54D: execute_command (in /usr/bin/bash)
==1818447==    by 0x400FE57: reader_loop (in /usr/bin/bash)
==1818447==    by 0x40038C6: main (in /usr/bin/bash)
==1818447== 
==1818447== 32 bytes in 1 blocks are still reachable in loss record 159 of 358
==1818447==    at 0x49A1B26: malloc (vg_replace_malloc.c:447)
==1818447==    by 0x4059D3D: hash_insert (in /usr/bin/bash)
==1818447==    by 0x4024EF6: ??? (in /usr/bin/bash)
==1818447==    by 0x4025DE3: ??? (in /usr/bin/bash)
==1818447==    by 0x40296FB: set_pwd (in /usr/bin/bash)
==1818447==    by 0x4029A13: initialize_shell_variables (in /usr/bin/bash)
==1818447==    by 0x400679B: ??? (in /usr/bin/bash)
==1818447==    by 0x40035C1: main (in /usr/bin/bash)
==1818447== 
==1818447== 32 bytes in 1 blocks are still reachable in loss record 160 of 358
==1818447==    at 0x49A1B26: malloc (vg_replace_malloc.c:447)
==1818447==    by 0x4059D3D: hash_insert (in /usr/bin/bash)
==1818447==    by 0x4024EF6: ??? (in /usr/bin/bash)
==1818447==    by 0x4025DE3: ??? (in /usr/bin/bash)
==1818447==    by 0x402976B: set_pwd (in /usr/bin/bash)
==1818447==    by 0x4029A13: initialize_shell_variables (in /usr/bin/bash)
==1818447==    by 0x400679B: ??? (in /usr/bin/bash)
==1818447==    by 0x40035C1: main (in /usr/bin/bash)
==1818447== 
==1818447== 32 bytes in 1 blocks are still reachable in loss record 161 of 358
==1818447==    at 0x49A1B26: malloc (vg_replace_malloc.c:447)
==1818447==    by 0x4059D3D: hash_insert (in /usr/bin/bash)
==1818447==    by 0x4024EF6: ??? (in /usr/bin/bash)
==1818447==    by 0x4025DE3: ??? (in /usr/bin/bash)
==1818447==    by 0x4029A26: initialize_shell_variables (in /usr/bin/bash)
==1818447==    by 0x400679B: ??? (in /usr/bin/bash)
==1818447==    by 0x40035C1: main (in /usr/bin/bash)
==1818447== 
==1818447== 32 bytes in 1 blocks are still reachable in loss record 162 of 358
==1818447==    at 0x49A1B26: malloc (vg_replace_malloc.c:447)
==1818447==    by 0x4059D3D: hash_insert (in /usr/bin/bash)
==1818447==    by 0x4024EF6: ??? (in /usr/bin/bash)
==1818447==    by 0x4025DE3: ??? (in /usr/bin/bash)
==1818447==    by 0x4029A44: initialize_shell_variables (in /usr/bin/bash)
==1818447==    by 0x400679B: ??? (in /usr/bin/bash)
==1818447==    by 0x40035C1: main (in /usr/bin/bash)
==1818447== 
==1818447== 32 bytes in 1 blocks are still reachable in loss record 163 of 358
==1818447==    at 0x49A1B26: malloc (vg_replace_malloc.c:447)
==1818447==    by 0x4059D3D: hash_insert (in /usr/bin/bash)
==1818447==    by 0x4024EF6: ??? (in /usr/bin/bash)
==1818447==    by 0x4025DE3: ??? (in /usr/bin/bash)
==1818447==    by 0x4029A57: initialize_shell_variables (in /usr/bin/bash)
==1818447==    by 0x400679B: ??? (in /usr/bin/bash)
==1818447==    by 0x40035C1: main (in /usr/bin/bash)
==1818447== 
==1818447== 32 bytes in 1 blocks are still reachable in loss record 164 of 358
==1818447==    at 0x49A1B26: malloc (vg_replace_malloc.c:447)
==1818447==    by 0x4059D3D: hash_insert (in /usr/bin/bash)
==1818447==    by 0x4024EF6: ??? (in /usr/bin/bash)
==1818447==    by 0x4025DE3: ??? (in /usr/bin/bash)
==1818447==    by 0x402A20A: initialize_shell_variables (in /usr/bin/bash)
==1818447==    by 0x400679B: ??? (in /usr/bin/bash)
==1818447==    by 0x40035C1: main (in /usr/bin/bash)
==1818447== 
==1818447== 32 bytes in 1 blocks are still reachable in loss record 165 of 358
==1818447==    at 0x49A1B26: malloc (vg_replace_malloc.c:447)
==1818447==    by 0x4059D3D: hash_insert (in /usr/bin/bash)
==1818447==    by 0x4024EF6: ??? (in /usr/bin/bash)
==1818447==    by 0x4025DE3: ??? (in /usr/bin/bash)
==1818447==    by 0x4029A9F: initialize_shell_variables (in /usr/bin/bash)
==1818447==    by 0x400679B: ??? (in /usr/bin/bash)
==1818447==    by 0x40035C1: main (in /usr/bin/bash)
==1818447== 
==1818447== 32 bytes in 1 blocks are still reachable in loss record 166 of 358
==1818447==    at 0x49A1B26: malloc (vg_replace_malloc.c:447)
==1818447==    by 0x4059D3D: hash_insert (in /usr/bin/bash)
==1818447==    by 0x4024EF6: ??? (in /usr/bin/bash)
==1818447==    by 0x4025DE3: ??? (in /usr/bin/bash)
==1818447==    by 0x4029AC1: initialize_shell_variables (in /usr/bin/bash)
==1818447==    by 0x400679B: ??? (in /usr/bin/bash)
==1818447==    by 0x40035C1: main (in /usr/bin/bash)
==1818447== 
==1818447== 32 bytes in 1 blocks are still reachable in loss record 167 of 358
==1818447==    at 0x49A1B26: malloc (vg_replace_malloc.c:447)
==1818447==    by 0x4059D3D: hash_insert (in /usr/bin/bash)
==1818447==    by 0x4024EF6: ??? (in /usr/bin/bash)
==1818447==    by 0x4025DE3: ??? (in /usr/bin/bash)
==1818447==    by 0x4029AD4: initialize_shell_variables (in /usr/bin/bash)
==1818447==    by 0x400679B: ??? (in /usr/bin/bash)
==1818447==    by 0x40035C1: main (in /usr/bin/bash)
==1818447== 
==1818447== 32 bytes in 1 blocks are still reachable in loss record 168 of 358
==1818447==    at 0x49A1B26: malloc (vg_replace_malloc.c:447)
==1818447==    by 0x4059D3D: hash_insert (in /usr/bin/bash)
==1818447==    by 0x4024EF6: ??? (in /usr/bin/bash)
==1818447==    by 0x4025DE3: ??? (in /usr/bin/bash)
==1818447==    by 0x4029AE3: initialize_shell_variables (in /usr/bin/bash)
==1818447==    by 0x400679B: ??? (in /usr/bin/bash)
==1818447==    by 0x40035C1: main (in /usr/bin/bash)
==1818447== 
==1818447== 32 bytes in 1 blocks are still reachable in loss record 169 of 358
==1818447==    at 0x49A1B26: malloc (vg_replace_malloc.c:447)
==1818447==    by 0x4059D3D: hash_insert (in /usr/bin/bash)
==1818447==    by 0x4024EF6: ??? (in /usr/bin/bash)
==1818447==    by 0x4025DE3: ??? (in /usr/bin/bash)
==1818447==    by 0x4029AF6: initialize_shell_variables (in /usr/bin/bash)
==1818447==    by 0x400679B: ??? (in /usr/bin/bash)
==1818447==    by 0x40035C1: main (in /usr/bin/bash)
==1818447== 
==1818447== 32 bytes in 1 blocks are still reachable in loss record 170 of 358
==1818447==    at 0x49A1B26: malloc (vg_replace_malloc.c:447)
==1818447==    by 0x4059D3D: hash_insert (in /usr/bin/bash)
==1818447==    by 0x4024EF6: ??? (in /usr/bin/bash)
==1818447==    by 0x4025DE3: ??? (in /usr/bin/bash)
==1818447==    by 0x4026C3B: adjust_shell_level (in /usr/bin/bash)
==1818447==    by 0x4029B59: initialize_shell_variables (in /usr/bin/bash)
==1818447==    by 0x400679B: ??? (in /usr/bin/bash)
==1818447==    by 0x40035C1: main (in /usr/bin/bash)
==1818447== 
==1818447== 32 bytes in 1 blocks are still reachable in loss record 171 of 358
==1818447==    at 0x49A1B26: malloc (vg_replace_malloc.c:447)
==1818447==    by 0x4059D3D: hash_insert (in /usr/bin/bash)
==1818447==    by 0x4024EF6: ??? (in /usr/bin/bash)
==1818447==    by 0x4025DE3: ??? (in /usr/bin/bash)
==1818447==    by 0x4029933: set_ppid (in /usr/bin/bash)
==1818447==    by 0x4029B5E: initialize_shell_variables (in /usr/bin/bash)
==1818447==    by 0x400679B: ??? (in /usr/bin/bash)
==1818447==    by 0x40035C1: main (in /usr/bin/bash)
==1818447== 
==1818447== 32 bytes in 1 blocks are still reachable in loss record 172 of 358
==1818447==    at 0x49A1B26: malloc (vg_replace_malloc.c:447)
==1818447==    by 0x4059D3D: hash_insert (in /usr/bin/bash)
==1818447==    by 0x4024EF6: ??? (in /usr/bin/bash)
==1818447==    by 0x4025DE3: ??? (in /usr/bin/bash)
==1818447==    by 0x4029B8D: initialize_shell_variables (in /usr/bin/bash)
==1818447==    by 0x400679B: ??? (in /usr/bin/bash)
==1818447==    by 0x40035C1: main (in /usr/bin/bash)
==1818447== 
==1818447== 32 bytes in 1 blocks are still reachable in loss record 173 of 358
==1818447==    at 0x49A1B26: malloc (vg_replace_malloc.c:447)
==1818447==    by 0x4059D3D: hash_insert (in /usr/bin/bash)
==1818447==    by 0x4024EF6: ??? (in /usr/bin/bash)
==1818447==    by 0x4025DE3: ??? (in /usr/bin/bash)
==1818447==    by 0x4029BB6: initialize_shell_variables (in /usr/bin/bash)
==1818447==    by 0x400679B: ??? (in /usr/bin/bash)
==1818447==    by 0x40035C1: main (in /usr/bin/bash)
==1818447== 
==1818447== 32 bytes in 1 blocks are still reachable in loss record 174 of 358
==1818447==    at 0x49A1B26: malloc (vg_replace_malloc.c:447)
==1818447==    by 0x4059D3D: hash_insert (in /usr/bin/bash)
==1818447==    by 0x4024EF6: ??? (in /usr/bin/bash)
==1818447==    by 0x4025DE3: ??? (in /usr/bin/bash)
==1818447==    by 0x4029C2A: initialize_shell_variables (in /usr/bin/bash)
==1818447==    by 0x400679B: ??? (in /usr/bin/bash)
==1818447==    by 0x40035C1: main (in /usr/bin/bash)
==1818447== 
==1818447== 32 bytes in 1 blocks are still reachable in loss record 175 of 358
==1818447==    at 0x49A1B26: malloc (vg_replace_malloc.c:447)
==1818447==    by 0x4059D3D: hash_insert (in /usr/bin/bash)
==1818447==    by 0x4024EF6: ??? (in /usr/bin/bash)
==1818447==    by 0x4025DE3: ??? (in /usr/bin/bash)
==1818447==    by 0x402A5E9: initialize_shell_variables (in /usr/bin/bash)
==1818447==    by 0x400679B: ??? (in /usr/bin/bash)
==1818447==    by 0x40035C1: main (in /usr/bin/bash)
==1818447== 
==1818447== 32 bytes in 1 blocks are still reachable in loss record 176 of 358
==1818447==    at 0x49A1B26: malloc (vg_replace_malloc.c:447)
==1818447==    by 0x4059D3D: hash_insert (in /usr/bin/bash)
==1818447==    by 0x4024EF6: ??? (in /usr/bin/bash)
==1818447==    by 0x4025DE3: ??? (in /usr/bin/bash)
==1818447==    by 0x4029C73: initialize_shell_variables (in /usr/bin/bash)
==1818447==    by 0x400679B: ??? (in /usr/bin/bash)
==1818447==    by 0x40035C1: main (in /usr/bin/bash)
==1818447== 
==1818447== 32 bytes in 1 blocks are still reachable in loss record 177 of 358
==1818447==    at 0x49A1B26: malloc (vg_replace_malloc.c:447)
==1818447==    by 0x4059D3D: hash_insert (in /usr/bin/bash)
==1818447==    by 0x4024EF6: ??? (in /usr/bin/bash)
==1818447==    by 0x40254C0: make_new_array_variable (in /usr/bin/bash)
==1818447==    by 0x4029C8A: initialize_shell_variables (in /usr/bin/bash)
==1818447==    by 0x400679B: ??? (in /usr/bin/bash)
==1818447==    by 0x40035C1: main (in /usr/bin/bash)
==1818447== 
==1818447== 32 bytes in 1 blocks are still reachable in loss record 178 of 358
==1818447==    at 0x49A1B26: malloc (vg_replace_malloc.c:447)
==1818447==    by 0x40254CD: make_new_array_variable (in /usr/bin/bash)
==1818447==    by 0x4029C8A: initialize_shell_variables (in /usr/bin/bash)
==1818447==    by 0x400679B: ??? (in /usr/bin/bash)
==1818447==    by 0x40035C1: main (in /usr/bin/bash)
==1818447== 
==1818447== 32 bytes in 1 blocks are still reachable in loss record 179 of 358
==1818447==    at 0x49A1B26: malloc (vg_replace_malloc.c:447)
==1818447==    by 0x40254F5: make_new_array_variable (in /usr/bin/bash)
==1818447==    by 0x4029C8A: initialize_shell_variables (in /usr/bin/bash)
==1818447==    by 0x400679B: ??? (in /usr/bin/bash)
==1818447==    by 0x40035C1: main (in /usr/bin/bash)
==1818447== 
==1818447== 32 bytes in 1 blocks are still reachable in loss record 180 of 358
==1818447==    at 0x49A1B26: malloc (vg_replace_malloc.c:447)
==1818447==    by 0x406344E: array_create_element (in /usr/bin/bash)
==1818447==    by 0x4063C08: array_insert (in /usr/bin/bash)
==1818447==    by 0x4029CC7: initialize_shell_variables (in /usr/bin/bash)
==1818447==    by 0x400679B: ??? (in /usr/bin/bash)
==1818447==    by 0x40035C1: main (in /usr/bin/bash)
==1818447== 
==1818447== 32 bytes in 1 blocks are still reachable in loss record 181 of 358
==1818447==    at 0x49A1B26: malloc (vg_replace_malloc.c:447)
==1818447==    by 0x406344E: array_create_element (in /usr/bin/bash)
==1818447==    by 0x4063C08: array_insert (in /usr/bin/bash)
==1818447==    by 0x4029CDB: initialize_shell_variables (in /usr/bin/bash)
==1818447==    by 0x400679B: ??? (in /usr/bin/bash)
==1818447==    by 0x40035C1: main (in /usr/bin/bash)
==1818447== 
==1818447== 32 bytes in 1 blocks are still reachable in loss record 182 of 358
==1818447==    at 0x49A1B26: malloc (vg_replace_malloc.c:447)
==1818447==    by 0x406344E: array_create_element (in /usr/bin/bash)
==1818447==    by 0x4063C08: array_insert (in /usr/bin/bash)
==1818447==    by 0x4029D10: initialize_shell_variables (in /usr/bin/bash)
==1818447==    by 0x400679B: ??? (in /usr/bin/bash)
==1818447==    by 0x40035C1: main (in /usr/bin/bash)
==1818447== 
==1818447== 32 bytes in 1 blocks are still reachable in loss record 183 of 358
==1818447==    at 0x49A1B26: malloc (vg_replace_malloc.c:447)
==1818447==    by 0x406344E: array_create_element (in /usr/bin/bash)
==1818447==    by 0x4063C08: array_insert (in /usr/bin/bash)
==1818447==    by 0x4029D3E: initialize_shell_variables (in /usr/bin/bash)
==1818447==    by 0x400679B: ??? (in /usr/bin/bash)
==1818447==    by 0x40035C1: main (in /usr/bin/bash)
==1818447== 
==1818447== 32 bytes in 1 blocks are still reachable in loss record 184 of 358
==1818447==    at 0x49A1B26: malloc (vg_replace_malloc.c:447)
==1818447==    by 0x406344E: array_create_element (in /usr/bin/bash)
==1818447==    by 0x4063C08: array_insert (in /usr/bin/bash)
==1818447==    by 0x4029D52: initialize_shell_variables (in /usr/bin/bash)
==1818447==    by 0x400679B: ??? (in /usr/bin/bash)
==1818447==    by 0x40035C1: main (in /usr/bin/bash)
==1818447== 
==1818447== 32 bytes in 1 blocks are still reachable in loss record 185 of 358
==1818447==    at 0x49A1B26: malloc (vg_replace_malloc.c:447)
==1818447==    by 0x406344E: array_create_element (in /usr/bin/bash)
==1818447==    by 0x4063C08: array_insert (in /usr/bin/bash)
==1818447==    by 0x4029D62: initialize_shell_variables (in /usr/bin/bash)
==1818447==    by 0x400679B: ??? (in /usr/bin/bash)
==1818447==    by 0x40035C1: main (in /usr/bin/bash)
==1818447== 
==1818447== 32 bytes in 1 blocks are still reachable in loss record 186 of 358
==1818447==    at 0x49A1B26: malloc (vg_replace_malloc.c:447)
==1818447==    by 0x4059D3D: hash_insert (in /usr/bin/bash)
==1818447==    by 0x4024EF6: ??? (in /usr/bin/bash)
==1818447==    by 0x4025DE3: ??? (in /usr/bin/bash)
==1818447==    by 0x402AB2E: initialize_shell_variables (in /usr/bin/bash)
==1818447==    by 0x400679B: ??? (in /usr/bin/bash)
==1818447==    by 0x40035C1: main (in /usr/bin/bash)
==1818447== 
==1818447== 32 bytes in 1 blocks are still reachable in loss record 187 of 358
==1818447==    at 0x49A1B26: malloc (vg_replace_malloc.c:447)
==1818447==    by 0x4059D3D: hash_insert (in /usr/bin/bash)
==1818447==    by 0x4024EF6: ??? (in /usr/bin/bash)
==1818447==    by 0x4025DE3: ??? (in /usr/bin/bash)
==1818447==    by 0x402AB18: initialize_shell_variables (in /usr/bin/bash)
==1818447==    by 0x400679B: ??? (in /usr/bin/bash)
==1818447==    by 0x40035C1: main (in /usr/bin/bash)
==1818447== 
==1818447== 32 bytes in 1 blocks are still reachable in loss record 188 of 358
==1818447==    at 0x49A1B26: malloc (vg_replace_malloc.c:447)
==1818447==    by 0x4059D3D: hash_insert (in /usr/bin/bash)
==1818447==    by 0x4024EF6: ??? (in /usr/bin/bash)
==1818447==    by 0x4025DE3: ??? (in /usr/bin/bash)
==1818447==    by 0x4029E86: initialize_shell_variables (in /usr/bin/bash)
==1818447==    by 0x400679B: ??? (in /usr/bin/bash)
==1818447==    by 0x40035C1: main (in /usr/bin/bash)
==1818447== 
==1818447== 32 bytes in 1 blocks are still reachable in loss record 189 of 358
==1818447==    at 0x49A1B26: malloc (vg_replace_malloc.c:447)
==1818447==    by 0x4059D3D: hash_insert (in /usr/bin/bash)
==1818447==    by 0x4024EF6: ??? (in /usr/bin/bash)
==1818447==    by 0x4025DE3: ??? (in /usr/bin/bash)
==1818447==    by 0x4029F2E: initialize_shell_variables (in /usr/bin/bash)
==1818447==    by 0x400679B: ??? (in /usr/bin/bash)
==1818447==    by 0x40035C1: main (in /usr/bin/bash)
==1818447== 
==1818447== 32 bytes in 1 blocks are still reachable in loss record 190 of 358
==1818447==    at 0x49A1B26: malloc (vg_replace_malloc.c:447)
==1818447==    by 0x4059D3D: hash_insert (in /usr/bin/bash)
==1818447==    by 0x4024EF6: ??? (in /usr/bin/bash)
==1818447==    by 0x4025DE3: ??? (in /usr/bin/bash)
==1818447==    by 0x4029F56: initialize_shell_variables (in /usr/bin/bash)
==1818447==    by 0x400679B: ??? (in /usr/bin/bash)
==1818447==    by 0x40035C1: main (in /usr/bin/bash)
==1818447== 
==1818447== 32 bytes in 1 blocks are still reachable in loss record 191 of 358
==1818447==    at 0x49A1B26: malloc (vg_replace_malloc.c:447)
==1818447==    by 0x4059D3D: hash_insert (in /usr/bin/bash)
==1818447==    by 0x4024EF6: ??? (in /usr/bin/bash)
==1818447==    by 0x4025DE3: ??? (in /usr/bin/bash)
==1818447==    by 0x4029F82: initialize_shell_variables (in /usr/bin/bash)
==1818447==    by 0x400679B: ??? (in /usr/bin/bash)
==1818447==    by 0x40035C1: main (in /usr/bin/bash)
==1818447== 
==1818447== 32 bytes in 1 blocks are still reachable in loss record 192 of 358
==1818447==    at 0x49A1B26: malloc (vg_replace_malloc.c:447)
==1818447==    by 0x4059D3D: hash_insert (in /usr/bin/bash)
==1818447==    by 0x4024EF6: ??? (in /usr/bin/bash)
==1818447==    by 0x4025DE3: ??? (in /usr/bin/bash)
==1818447==    by 0x4029FA5: initialize_shell_variables (in /usr/bin/bash)
==1818447==    by 0x400679B: ??? (in /usr/bin/bash)
==1818447==    by 0x40035C1: main (in /usr/bin/bash)
==1818447== 
==1818447== 32 bytes in 1 blocks are still reachable in loss record 193 of 358
==1818447==    at 0x49A1B26: malloc (vg_replace_malloc.c:447)
==1818447==    by 0x4059D3D: hash_insert (in /usr/bin/bash)
==1818447==    by 0x4024EF6: ??? (in /usr/bin/bash)
==1818447==    by 0x4025DE3: ??? (in /usr/bin/bash)
==1818447==    by 0x4029FD1: initialize_shell_variables (in /usr/bin/bash)
==1818447==    by 0x400679B: ??? (in /usr/bin/bash)
==1818447==    by 0x40035C1: main (in /usr/bin/bash)
==1818447== 
==1818447== 32 bytes in 1 blocks are still reachable in loss record 194 of 358
==1818447==    at 0x49A1B26: malloc (vg_replace_malloc.c:447)
==1818447==    by 0x4059D3D: hash_insert (in /usr/bin/bash)
==1818447==    by 0x4024EF6: ??? (in /usr/bin/bash)
==1818447==    by 0x4025DE3: ??? (in /usr/bin/bash)
==1818447==    by 0x402A001: initialize_shell_variables (in /usr/bin/bash)
==1818447==    by 0x400679B: ??? (in /usr/bin/bash)
==1818447==    by 0x40035C1: main (in /usr/bin/bash)
==1818447== 
==1818447== 32 bytes in 1 blocks are still reachable in loss record 195 of 358
==1818447==    at 0x49A1B26: malloc (vg_replace_malloc.c:447)
==1818447==    by 0x4059D3D: hash_insert (in /usr/bin/bash)
==1818447==    by 0x4024EF6: ??? (in /usr/bin/bash)
==1818447==    by 0x4025DE3: ??? (in /usr/bin/bash)
==1818447==    by 0x402A028: initialize_shell_variables (in /usr/bin/bash)
==1818447==    by 0x400679B: ??? (in /usr/bin/bash)
==1818447==    by 0x40035C1: main (in /usr/bin/bash)
==1818447== 
==1818447== 32 bytes in 1 blocks are still reachable in loss record 196 of 358
==1818447==    at 0x49A1B26: malloc (vg_replace_malloc.c:447)
==1818447==    by 0x4059D3D: hash_insert (in /usr/bin/bash)
==1818447==    by 0x4024EF6: ??? (in /usr/bin/bash)
==1818447==    by 0x4025DE3: ??? (in /usr/bin/bash)
==1818447==    by 0x402A05B: initialize_shell_variables (in /usr/bin/bash)
==1818447==    by 0x400679B: ??? (in /usr/bin/bash)
==1818447==    by 0x40035C1: main (in /usr/bin/bash)
==1818447== 
==1818447== 32 bytes in 1 blocks are still reachable in loss record 197 of 358
==1818447==    at 0x49A1B26: malloc (vg_replace_malloc.c:447)
==1818447==    by 0x4059D3D: hash_insert (in /usr/bin/bash)
==1818447==    by 0x4024EF6: ??? (in /usr/bin/bash)
==1818447==    by 0x4025DE3: ??? (in /usr/bin/bash)
==1818447==    by 0x402A07B: initialize_shell_variables (in /usr/bin/bash)
==1818447==    by 0x400679B: ??? (in /usr/bin/bash)
==1818447==    by 0x40035C1: main (in /usr/bin/bash)
==1818447== 
==1818447== 32 bytes in 1 blocks are still reachable in loss record 198 of 358
==1818447==    at 0x49A1B26: malloc (vg_replace_malloc.c:447)
==1818447==    by 0x4059D3D: hash_insert (in /usr/bin/bash)
==1818447==    by 0x4024EF6: ??? (in /usr/bin/bash)
==1818447==    by 0x4025DE3: ??? (in /usr/bin/bash)
==1818447==    by 0x402A09E: initialize_shell_variables (in /usr/bin/bash)
==1818447==    by 0x400679B: ??? (in /usr/bin/bash)
==1818447==    by 0x40035C1: main (in /usr/bin/bash)
==1818447== 
==1818447== 32 bytes in 1 blocks are still reachable in loss record 199 of 358
==1818447==    at 0x49A1B26: malloc (vg_replace_malloc.c:447)
==1818447==    by 0x4059D3D: hash_insert (in /usr/bin/bash)
==1818447==    by 0x4024EF6: ??? (in /usr/bin/bash)
==1818447==    by 0x4025DE3: ??? (in /usr/bin/bash)
==1818447==    by 0x402A0C1: initialize_shell_variables (in /usr/bin/bash)
==1818447==    by 0x400679B: ??? (in /usr/bin/bash)
==1818447==    by 0x40035C1: main (in /usr/bin/bash)
==1818447== 
==1818447== 32 bytes in 1 blocks are still reachable in loss record 200 of 358
==1818447==    at 0x49A1B26: malloc (vg_replace_malloc.c:447)
==1818447==    by 0x4059D3D: hash_insert (in /usr/bin/bash)
==1818447==    by 0x4024EF6: ??? (in /usr/bin/bash)
==1818447==    by 0x4025DE3: ??? (in /usr/bin/bash)
==1818447==    by 0x402A0E8: initialize_shell_variables (in /usr/bin/bash)
==1818447==    by 0x400679B: ??? (in /usr/bin/bash)
==1818447==    by 0x40035C1: main (in /usr/bin/bash)
==1818447== 
==1818447== 32 bytes in 1 blocks are still reachable in loss record 201 of 358
==1818447==    at 0x49A1B26: malloc (vg_replace_malloc.c:447)
==1818447==    by 0x4059D3D: hash_insert (in /usr/bin/bash)
==1818447==    by 0x4024EF6: ??? (in /usr/bin/bash)
==1818447==    by 0x40254C0: make_new_array_variable (in /usr/bin/bash)
==1818447==    by 0x402A75C: initialize_shell_variables (in /usr/bin/bash)
==1818447==    by 0x400679B: ??? (in /usr/bin/bash)
==1818447==    by 0x40035C1: main (in /usr/bin/bash)
==1818447== 
==1818447== 32 bytes in 1 blocks are still reachable in loss record 202 of 358
==1818447==    at 0x49A1B26: malloc (vg_replace_malloc.c:447)
==1818447==    by 0x40254CD: make_new_array_variable (in /usr/bin/bash)
==1818447==    by 0x402A75C: initialize_shell_variables (in /usr/bin/bash)
==1818447==    by 0x400679B: ??? (in /usr/bin/bash)
==1818447==    by 0x40035C1: main (in /usr/bin/bash)
==1818447== 
==1818447== 32 bytes in 1 blocks are still reachable in loss record 203 of 358
==1818447==    at 0x49A1B26: malloc (vg_replace_malloc.c:447)
==1818447==    by 0x40254F5: make_new_array_variable (in /usr/bin/bash)
==1818447==    by 0x402A75C: initialize_shell_variables (in /usr/bin/bash)
==1818447==    by 0x400679B: ??? (in /usr/bin/bash)
==1818447==    by 0x40035C1: main (in /usr/bin/bash)
==1818447== 
==1818447== 32 bytes in 1 blocks are still reachable in loss record 204 of 358
==1818447==    at 0x49A1B26: malloc (vg_replace_malloc.c:447)
==1818447==    by 0x4059D3D: hash_insert (in /usr/bin/bash)
==1818447==    by 0x4024EF6: ??? (in /usr/bin/bash)
==1818447==    by 0x40254C0: make_new_array_variable (in /usr/bin/bash)
==1818447==    by 0x402A735: initialize_shell_variables (in /usr/bin/bash)
==1818447==    by 0x400679B: ??? (in /usr/bin/bash)
==1818447==    by 0x40035C1: main (in /usr/bin/bash)
==1818447== 
==1818447== 32 bytes in 1 blocks are still reachable in loss record 205 of 358
==1818447==    at 0x49A1B26: malloc (vg_replace_malloc.c:447)
==1818447==    by 0x40254CD: make_new_array_variable (in /usr/bin/bash)
==1818447==    by 0x402A735: initialize_shell_variables (in /usr/bin/bash)
==1818447==    by 0x400679B: ??? (in /usr/bin/bash)
==1818447==    by 0x40035C1: main (in /usr/bin/bash)
==1818447== 
==1818447== 32 bytes in 1 blocks are still reachable in loss record 206 of 358
==1818447==    at 0x49A1B26: malloc (vg_replace_malloc.c:447)
==1818447==    by 0x40254F5: make_new_array_variable (in /usr/bin/bash)
==1818447==    by 0x402A735: initialize_shell_variables (in /usr/bin/bash)
==1818447==    by 0x400679B: ??? (in /usr/bin/bash)
==1818447==    by 0x40035C1: main (in /usr/bin/bash)
==1818447== 
==1818447== 32 bytes in 1 blocks are still reachable in loss record 207 of 358
==1818447==    at 0x49A1B26: malloc (vg_replace_malloc.c:447)
==1818447==    by 0x4059D3D: hash_insert (in /usr/bin/bash)
==1818447==    by 0x4024EF6: ??? (in /usr/bin/bash)
==1818447==    by 0x40254C0: make_new_array_variable (in /usr/bin/bash)
==1818447==    by 0x402A715: initialize_shell_variables (in /usr/bin/bash)
==1818447==    by 0x400679B: ??? (in /usr/bin/bash)
==1818447==    by 0x40035C1: main (in /usr/bin/bash)
==1818447== 
==1818447== 32 bytes in 1 blocks are still reachable in loss record 208 of 358
==1818447==    at 0x49A1B26: malloc (vg_replace_malloc.c:447)
==1818447==    by 0x40254CD: make_new_array_variable (in /usr/bin/bash)
==1818447==    by 0x402A715: initialize_shell_variables (in /usr/bin/bash)
==1818447==    by 0x400679B: ??? (in /usr/bin/bash)
==1818447==    by 0x40035C1: main (in /usr/bin/bash)
==1818447== 
==1818447== 32 bytes in 1 blocks are still reachable in loss record 209 of 358
==1818447==    at 0x49A1B26: malloc (vg_replace_malloc.c:447)
==1818447==    by 0x40254F5: make_new_array_variable (in /usr/bin/bash)
==1818447==    by 0x402A715: initialize_shell_variables (in /usr/bin/bash)
==1818447==    by 0x400679B: ??? (in /usr/bin/bash)
==1818447==    by 0x40035C1: main (in /usr/bin/bash)
==1818447== 
==1818447== 32 bytes in 1 blocks are still reachable in loss record 210 of 358
==1818447==    at 0x49A1B26: malloc (vg_replace_malloc.c:447)
==1818447==    by 0x4059D3D: hash_insert (in /usr/bin/bash)
==1818447==    by 0x4024EF6: ??? (in /usr/bin/bash)
==1818447==    by 0x40254C0: make_new_array_variable (in /usr/bin/bash)
==1818447==    by 0x402A6F5: initialize_shell_variables (in /usr/bin/bash)
==1818447==    by 0x400679B: ??? (in /usr/bin/bash)
==1818447==    by 0x40035C1: main (in /usr/bin/bash)
==1818447== 
==1818447== 32 bytes in 1 blocks are still reachable in loss record 211 of 358
==1818447==    at 0x49A1B26: malloc (vg_replace_malloc.c:447)
==1818447==    by 0x40254CD: make_new_array_variable (in /usr/bin/bash)
==1818447==    by 0x402A6F5: initialize_shell_variables (in /usr/bin/bash)
==1818447==    by 0x400679B: ??? (in /usr/bin/bash)
==1818447==    by 0x40035C1: main (in /usr/bin/bash)
==1818447== 
==1818447== 32 bytes in 1 blocks are still reachable in loss record 212 of 358
==1818447==    at 0x49A1B26: malloc (vg_replace_malloc.c:447)
==1818447==    by 0x40254F5: make_new_array_variable (in /usr/bin/bash)
==1818447==    by 0x402A6F5: initialize_shell_variables (in /usr/bin/bash)
==1818447==    by 0x400679B: ??? (in /usr/bin/bash)
==1818447==    by 0x40035C1: main (in /usr/bin/bash)
==1818447== 
==1818447== 32 bytes in 1 blocks are still reachable in loss record 213 of 358
==1818447==    at 0x49A1B26: malloc (vg_replace_malloc.c:447)
==1818447==    by 0x4059D3D: hash_insert (in /usr/bin/bash)
==1818447==    by 0x4024EF6: ??? (in /usr/bin/bash)
==1818447==    by 0x40254C0: make_new_array_variable (in /usr/bin/bash)
==1818447==    by 0x402A6D5: initialize_shell_variables (in /usr/bin/bash)
==1818447==    by 0x400679B: ??? (in /usr/bin/bash)
==1818447==    by 0x40035C1: main (in /usr/bin/bash)
==1818447== 
==1818447== 32 bytes in 1 blocks are still reachable in loss record 214 of 358
==1818447==    at 0x49A1B26: malloc (vg_replace_malloc.c:447)
==1818447==    by 0x40254CD: make_new_array_variable (in /usr/bin/bash)
==1818447==    by 0x402A6D5: initialize_shell_variables (in /usr/bin/bash)
==1818447==    by 0x400679B: ??? (in /usr/bin/bash)
==1818447==    by 0x40035C1: main (in /usr/bin/bash)
==1818447== 
==1818447== 32 bytes in 1 blocks are still reachable in loss record 215 of 358
==1818447==    at 0x49A1B26: malloc (vg_replace_malloc.c:447)
==1818447==    by 0x40254F5: make_new_array_variable (in /usr/bin/bash)
==1818447==    by 0x402A6D5: initialize_shell_variables (in /usr/bin/bash)
==1818447==    by 0x400679B: ??? (in /usr/bin/bash)
==1818447==    by 0x40035C1: main (in /usr/bin/bash)
==1818447== 
==1818447== 32 bytes in 1 blocks are still reachable in loss record 216 of 358
==1818447==    at 0x49A1B26: malloc (vg_replace_malloc.c:447)
==1818447==    by 0x4059D3D: hash_insert (in /usr/bin/bash)
==1818447==    by 0x4024EF6: ??? (in /usr/bin/bash)
==1818447==    by 0x40254C0: make_new_array_variable (in /usr/bin/bash)
==1818447==    by 0x402A6B5: initialize_shell_variables (in /usr/bin/bash)
==1818447==    by 0x400679B: ??? (in /usr/bin/bash)
==1818447==    by 0x40035C1: main (in /usr/bin/bash)
==1818447== 
==1818447== 32 bytes in 1 blocks are still reachable in loss record 217 of 358
==1818447==    at 0x49A1B26: malloc (vg_replace_malloc.c:447)
==1818447==    by 0x40254CD: make_new_array_variable (in /usr/bin/bash)
==1818447==    by 0x402A6B5: initialize_shell_variables (in /usr/bin/bash)
==1818447==    by 0x400679B: ??? (in /usr/bin/bash)
==1818447==    by 0x40035C1: main (in /usr/bin/bash)
==1818447== 
==1818447== 32 bytes in 1 blocks are still reachable in loss record 218 of 358
==1818447==    at 0x49A1B26: malloc (vg_replace_malloc.c:447)
==1818447==    by 0x40254F5: make_new_array_variable (in /usr/bin/bash)
==1818447==    by 0x402A6B5: initialize_shell_variables (in /usr/bin/bash)
==1818447==    by 0x400679B: ??? (in /usr/bin/bash)
==1818447==    by 0x40035C1: main (in /usr/bin/bash)
==1818447== 
==1818447== 32 bytes in 1 blocks are still reachable in loss record 219 of 358
==1818447==    at 0x49A1B26: malloc (vg_replace_malloc.c:447)
==1818447==    by 0x4059D3D: hash_insert (in /usr/bin/bash)
==1818447==    by 0x4024EF6: ??? (in /usr/bin/bash)
==1818447==    by 0x402A674: initialize_shell_variables (in /usr/bin/bash)
==1818447==    by 0x400679B: ??? (in /usr/bin/bash)
==1818447==    by 0x40035C1: main (in /usr/bin/bash)
==1818447== 
==1818447== 32 bytes in 1 blocks are still reachable in loss record 220 of 358
==1818447==    at 0x49A1B26: malloc (vg_replace_malloc.c:447)
==1818447==    by 0x4059D3D: hash_insert (in /usr/bin/bash)
==1818447==    by 0x4024EF6: ??? (in /usr/bin/bash)
==1818447==    by 0x402A628: initialize_shell_variables (in /usr/bin/bash)
==1818447==    by 0x400679B: ??? (in /usr/bin/bash)
==1818447==    by 0x40035C1: main (in /usr/bin/bash)
==1818447== 
==1818447== 32 bytes in 1 blocks are still reachable in loss record 221 of 358
==1818447==    at 0x49A1B26: malloc (vg_replace_malloc.c:447)
==1818447==    by 0x4059D3D: hash_insert (in /usr/bin/bash)
==1818447==    by 0x4024EF6: ??? (in /usr/bin/bash)
==1818447==    by 0x40254C0: make_new_array_variable (in /usr/bin/bash)
==1818447==    by 0x402A5F6: initialize_shell_variables (in /usr/bin/bash)
==1818447==    by 0x400679B: ??? (in /usr/bin/bash)
==1818447==    by 0x40035C1: main (in /usr/bin/bash)
==1818447== 
==1818447== 32 bytes in 1 blocks are still reachable in loss record 222 of 358
==1818447==    at 0x49A1B26: malloc (vg_replace_malloc.c:447)
==1818447==    by 0x40254CD: make_new_array_variable (in /usr/bin/bash)
==1818447==    by 0x402A5F6: initialize_shell_variables (in /usr/bin/bash)
==1818447==    by 0x400679B: ??? (in /usr/bin/bash)
==1818447==    by 0x40035C1: main (in /usr/bin/bash)
==1818447== 
==1818447== 32 bytes in 1 blocks are still reachable in loss record 223 of 358
==1818447==    at 0x49A1B26: malloc (vg_replace_malloc.c:447)
==1818447==    by 0x40254F5: make_new_array_variable (in /usr/bin/bash)
==1818447==    by 0x402A5F6: initialize_shell_variables (in /usr/bin/bash)
==1818447==    by 0x400679B: ??? (in /usr/bin/bash)
==1818447==    by 0x40035C1: main (in /usr/bin/bash)
==1818447== 
==1818447== 32 bytes in 1 blocks are still reachable in loss record 224 of 358
==1818447==    at 0x49A1B26: malloc (vg_replace_malloc.c:447)
==1818447==    by 0x4059D3D: hash_insert (in /usr/bin/bash)
==1818447==    by 0x4024EF6: ??? (in /usr/bin/bash)
==1818447==    by 0x4025DE3: ??? (in /usr/bin/bash)
==1818447==    by 0x40919B9: set_shellopts (in /usr/bin/bash)
==1818447==    by 0x40067CF: ??? (in /usr/bin/bash)
==1818447==    by 0x40035C1: main (in /usr/bin/bash)
==1818447== 
==1818447== 32 bytes in 1 blocks are still reachable in loss record 225 of 358
==1818447==    at 0x49A1B26: malloc (vg_replace_malloc.c:447)
==1818447==    by 0x4059D3D: hash_insert (in /usr/bin/bash)
==1818447==    by 0x4024EF6: ??? (in /usr/bin/bash)
==1818447==    by 0x4025DE3: ??? (in /usr/bin/bash)
==1818447==    by 0x409FF6C: set_bashopts (in /usr/bin/bash)
==1818447==    by 0x40067EE: ??? (in /usr/bin/bash)
==1818447==    by 0x40035C1: main (in /usr/bin/bash)
==1818447== 
==1818447== 32 bytes in 1 blocks are still reachable in loss record 226 of 358
==1818447==    at 0x49A1B26: malloc (vg_replace_malloc.c:447)
==1818447==    by 0x406344E: array_create_element (in /usr/bin/bash)
==1818447==    by 0x4063A6B: array_rshift (in /usr/bin/bash)
==1818447==    by 0x4003E19: main (in /usr/bin/bash)
==1818447== 
==1818447== 32 bytes in 1 blocks are still reachable in loss record 227 of 358
==1818447==    at 0x49A1B26: malloc (vg_replace_malloc.c:447)
==1818447==    by 0x406344E: array_create_element (in /usr/bin/bash)
==1818447==    by 0x4063A6B: array_rshift (in /usr/bin/bash)
==1818447==    by 0x4003E3E: main (in /usr/bin/bash)
==1818447== 
==1818447== 32 bytes in 1 blocks are still reachable in loss record 228 of 358
==1818447==    at 0x49A1B26: malloc (vg_replace_malloc.c:447)
==1818447==    by 0x406344E: array_create_element (in /usr/bin/bash)
==1818447==    by 0x4063A6B: array_rshift (in /usr/bin/bash)
==1818447==    by 0x4003E5A: main (in /usr/bin/bash)
==1818447== 
==1818447== 32 bytes in 1 blocks are still reachable in loss record 229 of 358
==1818447==    at 0x49A1B26: malloc (vg_replace_malloc.c:447)
==1818447==    by 0x405AFD1: begin_unwind_frame (in /usr/bin/bash)
==1818447==    by 0x401E4F2: execute_command (in /usr/bin/bash)
==1818447==    by 0x400FE57: reader_loop (in /usr/bin/bash)
==1818447==    by 0x40038C6: main (in /usr/bin/bash)
==1818447== 
==1818447== 32 bytes in 1 blocks are still reachable in loss record 230 of 358
==1818447==    at 0x49A1B26: malloc (vg_replace_malloc.c:447)
==1818447==    by 0x401E5E9: execute_command (in /usr/bin/bash)
==1818447==    by 0x400FE57: reader_loop (in /usr/bin/bash)
==1818447==    by 0x40038C6: main (in /usr/bin/bash)
==1818447== 
==1818447== 32 bytes in 1 blocks are still reachable in loss record 231 of 358
==1818447==    at 0x49A1B26: malloc (vg_replace_malloc.c:447)
==1818447==    by 0x405AFD1: begin_unwind_frame (in /usr/bin/bash)
==1818447==    by 0x4027DA7: ??? (in /usr/bin/bash)
==1818447==    by 0x401BC3C: execute_command_internal (in /usr/bin/bash)
==1818447==    by 0x401E54D: execute_command (in /usr/bin/bash)
==1818447==    by 0x400FE57: reader_loop (in /usr/bin/bash)
==1818447==    by 0x40038C6: main (in /usr/bin/bash)
==1818447== 
==1818447== 32 bytes in 1 blocks are still reachable in loss record 232 of 358
==1818447==    at 0x49A1B26: malloc (vg_replace_malloc.c:447)
==1818447==    by 0x4028C96: ??? (in /usr/bin/bash)
==1818447==    by 0x401BC3C: execute_command_internal (in /usr/bin/bash)
==1818447==    by 0x401E54D: execute_command (in /usr/bin/bash)
==1818447==    by 0x400FE57: reader_loop (in /usr/bin/bash)
==1818447==    by 0x40038C6: main (in /usr/bin/bash)
==1818447== 
==1818447== 32 bytes in 1 blocks are still reachable in loss record 233 of 358
==1818447==    at 0x49A1B26: malloc (vg_replace_malloc.c:447)
==1818447==    by 0x405AFD1: begin_unwind_frame (in /usr/bin/bash)
==1818447==    by 0x4028EB8: ??? (in /usr/bin/bash)
==1818447==    by 0x401BC3C: execute_command_internal (in /usr/bin/bash)
==1818447==    by 0x401E54D: execute_command (in /usr/bin/bash)
==1818447==    by 0x400FE57: reader_loop (in /usr/bin/bash)
==1818447==    by 0x40038C6: main (in /usr/bin/bash)
==1818447== 
==1818447== 32 bytes in 1 blocks are still reachable in loss record 234 of 358
==1818447==    at 0x49A1B26: malloc (vg_replace_malloc.c:447)
==1818447==    by 0x4059D3D: hash_insert (in /usr/bin/bash)
==1818447==    by 0x4024EF6: ??? (in /usr/bin/bash)
==1818447==    by 0x40254C0: make_new_array_variable (in /usr/bin/bash)
==1818447==    by 0x403004F: set_pipestatus_array (in /usr/bin/bash)
==1818447==    by 0x40292D1: ??? (in /usr/bin/bash)
==1818447==    by 0x401BC3C: execute_command_internal (in /usr/bin/bash)
==1818447==    by 0x401E54D: execute_command (in /usr/bin/bash)
==1818447==    by 0x400FE57: reader_loop (in /usr/bin/bash)
==1818447==    by 0x40038C6: main (in /usr/bin/bash)
==1818447== 
==1818447== 32 bytes in 1 blocks are still reachable in loss record 235 of 358
==1818447==    at 0x49A1B26: malloc (vg_replace_malloc.c:447)
==1818447==    by 0x402898C: ??? (in /usr/bin/bash)
==1818447==    by 0x401BC3C: execute_command_internal (in /usr/bin/bash)
==1818447==    by 0x401E54D: execute_command (in /usr/bin/bash)
==1818447==    by 0x401B63E: execute_command_internal (in /usr/bin/bash)
==1818447==    by 0x401E54D: execute_command (in /usr/bin/bash)
==1818447==    by 0x401BFA7: execute_command_internal (in /usr/bin/bash)
==1818447==    by 0x401E54D: execute_command (in /usr/bin/bash)
==1818447==    by 0x400FE57: reader_loop (in /usr/bin/bash)
==1818447==    by 0x40038C6: main (in /usr/bin/bash)
==1818447== 
==1818447== 32 bytes in 1 blocks are still reachable in loss record 236 of 358
==1818447==    at 0x49A1B26: malloc (vg_replace_malloc.c:447)
==1818447==    by 0x4028A02: ??? (in /usr/bin/bash)
==1818447==    by 0x401BC3C: execute_command_internal (in /usr/bin/bash)
==1818447==    by 0x401E54D: execute_command (in /usr/bin/bash)
==1818447==    by 0x401B63E: execute_command_internal (in /usr/bin/bash)
==1818447==    by 0x401E54D: execute_command (in /usr/bin/bash)
==1818447==    by 0x401BFA7: execute_command_internal (in /usr/bin/bash)
==1818447==    by 0x401E54D: execute_command (in /usr/bin/bash)
==1818447==    by 0x400FE57: reader_loop (in /usr/bin/bash)
==1818447==    by 0x40038C6: main (in /usr/bin/bash)
==1818447== 
==1818447== 32 bytes in 1 blocks are still reachable in loss record 237 of 358
==1818447==    at 0x49A1B26: malloc (vg_replace_malloc.c:447)
==1818447==    by 0x402898C: ??? (in /usr/bin/bash)
==1818447==    by 0x401BC3C: execute_command_internal (in /usr/bin/bash)
==1818447==    by 0x401E54D: execute_command (in /usr/bin/bash)
==1818447==    by 0x401DBD7: execute_command_internal (in /usr/bin/bash)
==1818447==    by 0x401E54D: execute_command (in /usr/bin/bash)
==1818447==    by 0x401BFA7: execute_command_internal (in /usr/bin/bash)
==1818447==    by 0x401E54D: execute_command (in /usr/bin/bash)
==1818447==    by 0x400FE57: reader_loop (in /usr/bin/bash)
==1818447==    by 0x40038C6: main (in /usr/bin/bash)
==1818447== 
==1818447== 32 bytes in 1 blocks are still reachable in loss record 238 of 358
==1818447==    at 0x49A1B26: malloc (vg_replace_malloc.c:447)
==1818447==    by 0x4028A02: ??? (in /usr/bin/bash)
==1818447==    by 0x401BC3C: execute_command_internal (in /usr/bin/bash)
==1818447==    by 0x401E54D: execute_command (in /usr/bin/bash)
==1818447==    by 0x401DBD7: execute_command_internal (in /usr/bin/bash)
==1818447==    by 0x401E54D: execute_command (in /usr/bin/bash)
==1818447==    by 0x401BFA7: execute_command_internal (in /usr/bin/bash)
==1818447==    by 0x401E54D: execute_command (in /usr/bin/bash)
==1818447==    by 0x400FE57: reader_loop (in /usr/bin/bash)
==1818447==    by 0x40038C6: main (in /usr/bin/bash)
==1818447== 
==1818447== 32 bytes in 1 blocks are still reachable in loss record 239 of 358
==1818447==    at 0x49A1B26: malloc (vg_replace_malloc.c:447)
==1818447==    by 0x4084B58: ??? (in /usr/bin/bash)
==1818447==    by 0x4087AA1: parse_string (in /usr/bin/bash)
==1818447==    by 0x401026E: xparse_dolparen (in /usr/bin/bash)
==1818447==    by 0x40415C3: ??? (in /usr/bin/bash)
==1818447==    by 0x405566F: ??? (in /usr/bin/bash)
==1818447==    by 0x40442BC: expand_string_assignment (in /usr/bin/bash)
==1818447==    by 0x4046395: ??? (in /usr/bin/bash)
==1818447==    by 0x4046A0C: ??? (in /usr/bin/bash)
==1818447==    by 0x40E65FA: ??? (in /usr/bin/bash)
==1818447==    by 0x4058503: ??? (in /usr/bin/bash)
==1818447==    by 0x4027BF1: ??? (in /usr/bin/bash)
==1818447== 
==1818447== 32 bytes in 1 blocks are still reachable in loss record 240 of 358
==1818447==    at 0x49A1B26: malloc (vg_replace_malloc.c:447)
==1818447==    by 0x4084C8A: ??? (in /usr/bin/bash)
==1818447==    by 0x4087AA1: parse_string (in /usr/bin/bash)
==1818447==    by 0x401026E: xparse_dolparen (in /usr/bin/bash)
==1818447==    by 0x40415C3: ??? (in /usr/bin/bash)
==1818447==    by 0x405566F: ??? (in /usr/bin/bash)
==1818447==    by 0x40442BC: expand_string_assignment (in /usr/bin/bash)
==1818447==    by 0x4046395: ??? (in /usr/bin/bash)
==1818447==    by 0x4046A0C: ??? (in /usr/bin/bash)
==1818447==    by 0x40E65FA: ??? (in /usr/bin/bash)
==1818447==    by 0x4058503: ??? (in /usr/bin/bash)
==1818447==    by 0x4027BF1: ??? (in /usr/bin/bash)
==1818447== 
==1818447== 32 bytes in 1 blocks are still reachable in loss record 241 of 358
==1818447==    at 0x49A1B26: malloc (vg_replace_malloc.c:447)
==1818447==    by 0x4084CCD: ??? (in /usr/bin/bash)
==1818447==    by 0x4087AA1: parse_string (in /usr/bin/bash)
==1818447==    by 0x401026E: xparse_dolparen (in /usr/bin/bash)
==1818447==    by 0x40415C3: ??? (in /usr/bin/bash)
==1818447==    by 0x405566F: ??? (in /usr/bin/bash)
==1818447==    by 0x40442BC: expand_string_assignment (in /usr/bin/bash)
==1818447==    by 0x4046395: ??? (in /usr/bin/bash)
==1818447==    by 0x4046A0C: ??? (in /usr/bin/bash)
==1818447==    by 0x40E65FA: ??? (in /usr/bin/bash)
==1818447==    by 0x4058503: ??? (in /usr/bin/bash)
==1818447==    by 0x4027BF1: ??? (in /usr/bin/bash)
==1818447== 
==1818447== 32 bytes in 1 blocks are still reachable in loss record 242 of 358
==1818447==    at 0x49A1B26: malloc (vg_replace_malloc.c:447)
==1818447==    by 0x4084D12: ??? (in /usr/bin/bash)
==1818447==    by 0x4087AA1: parse_string (in /usr/bin/bash)
==1818447==    by 0x401026E: xparse_dolparen (in /usr/bin/bash)
==1818447==    by 0x40415C3: ??? (in /usr/bin/bash)
==1818447==    by 0x405566F: ??? (in /usr/bin/bash)
==1818447==    by 0x40442BC: expand_string_assignment (in /usr/bin/bash)
==1818447==    by 0x4046395: ??? (in /usr/bin/bash)
==1818447==    by 0x4046A0C: ??? (in /usr/bin/bash)
==1818447==    by 0x40E65FA: ??? (in /usr/bin/bash)
==1818447==    by 0x4058503: ??? (in /usr/bin/bash)
==1818447==    by 0x4027BF1: ??? (in /usr/bin/bash)
==1818447== 
==1818447== 32 bytes in 1 blocks are still reachable in loss record 243 of 358
==1818447==    at 0x49A1B26: malloc (vg_replace_malloc.c:447)
==1818447==    by 0x4084D51: ??? (in /usr/bin/bash)
==1818447==    by 0x4087AA1: parse_string (in /usr/bin/bash)
==1818447==    by 0x401026E: xparse_dolparen (in /usr/bin/bash)
==1818447==    by 0x40415C3: ??? (in /usr/bin/bash)
==1818447==    by 0x405566F: ??? (in /usr/bin/bash)
==1818447==    by 0x40442BC: expand_string_assignment (in /usr/bin/bash)
==1818447==    by 0x4046395: ??? (in /usr/bin/bash)
==1818447==    by 0x4046A0C: ??? (in /usr/bin/bash)
==1818447==    by 0x40E65FA: ??? (in /usr/bin/bash)
==1818447==    by 0x4058503: ??? (in /usr/bin/bash)
==1818447==    by 0x4027BF1: ??? (in /usr/bin/bash)
==1818447== 
==1818447== 32 bytes in 1 blocks are still reachable in loss record 244 of 358
==1818447==    at 0x49A1B26: malloc (vg_replace_malloc.c:447)
==1818447==    by 0x4084D92: ??? (in /usr/bin/bash)
==1818447==    by 0x4087AA1: parse_string (in /usr/bin/bash)
==1818447==    by 0x401026E: xparse_dolparen (in /usr/bin/bash)
==1818447==    by 0x40415C3: ??? (in /usr/bin/bash)
==1818447==    by 0x405566F: ??? (in /usr/bin/bash)
==1818447==    by 0x40442BC: expand_string_assignment (in /usr/bin/bash)
==1818447==    by 0x4046395: ??? (in /usr/bin/bash)
==1818447==    by 0x4046A0C: ??? (in /usr/bin/bash)
==1818447==    by 0x40E65FA: ??? (in /usr/bin/bash)
==1818447==    by 0x4058503: ??? (in /usr/bin/bash)
==1818447==    by 0x4027BF1: ??? (in /usr/bin/bash)
==1818447== 
==1818447== 32 bytes in 1 blocks are still reachable in loss record 245 of 358
==1818447==    at 0x49A1B26: malloc (vg_replace_malloc.c:447)
==1818447==    by 0x4084DD1: ??? (in /usr/bin/bash)
==1818447==    by 0x4087AA1: parse_string (in /usr/bin/bash)
==1818447==    by 0x401026E: xparse_dolparen (in /usr/bin/bash)
==1818447==    by 0x40415C3: ??? (in /usr/bin/bash)
==1818447==    by 0x405566F: ??? (in /usr/bin/bash)
==1818447==    by 0x40442BC: expand_string_assignment (in /usr/bin/bash)
==1818447==    by 0x4046395: ??? (in /usr/bin/bash)
==1818447==    by 0x4046A0C: ??? (in /usr/bin/bash)
==1818447==    by 0x40E65FA: ??? (in /usr/bin/bash)
==1818447==    by 0x4058503: ??? (in /usr/bin/bash)
==1818447==    by 0x4027BF1: ??? (in /usr/bin/bash)
==1818447== 
==1818447== 32 bytes in 1 blocks are still reachable in loss record 246 of 358
==1818447==    at 0x49A1B26: malloc (vg_replace_malloc.c:447)
==1818447==    by 0x4085139: ??? (in /usr/bin/bash)
==1818447==    by 0x4087AA1: parse_string (in /usr/bin/bash)
==1818447==    by 0x401026E: xparse_dolparen (in /usr/bin/bash)
==1818447==    by 0x40415C3: ??? (in /usr/bin/bash)
==1818447==    by 0x405566F: ??? (in /usr/bin/bash)
==1818447==    by 0x40442BC: expand_string_assignment (in /usr/bin/bash)
==1818447==    by 0x4046395: ??? (in /usr/bin/bash)
==1818447==    by 0x4046A0C: ??? (in /usr/bin/bash)
==1818447==    by 0x40E65FA: ??? (in /usr/bin/bash)
==1818447==    by 0x4058503: ??? (in /usr/bin/bash)
==1818447==    by 0x4027BF1: ??? (in /usr/bin/bash)
==1818447== 
==1818447== 32 bytes in 1 blocks are still reachable in loss record 247 of 358
==1818447==    at 0x49A1B26: malloc (vg_replace_malloc.c:447)
==1818447==    by 0x4084EB9: ??? (in /usr/bin/bash)
==1818447==    by 0x4087AA1: parse_string (in /usr/bin/bash)
==1818447==    by 0x401026E: xparse_dolparen (in /usr/bin/bash)
==1818447==    by 0x40415C3: ??? (in /usr/bin/bash)
==1818447==    by 0x405566F: ??? (in /usr/bin/bash)
==1818447==    by 0x40442BC: expand_string_assignment (in /usr/bin/bash)
==1818447==    by 0x4046395: ??? (in /usr/bin/bash)
==1818447==    by 0x4046A0C: ??? (in /usr/bin/bash)
==1818447==    by 0x40E65FA: ??? (in /usr/bin/bash)
==1818447==    by 0x4058503: ??? (in /usr/bin/bash)
==1818447==    by 0x4027BF1: ??? (in /usr/bin/bash)
==1818447== 
==1818447== 32 bytes in 1 blocks are still reachable in loss record 248 of 358
==1818447==    at 0x49A1B26: malloc (vg_replace_malloc.c:447)
==1818447==    by 0x4063624: array_copy (in /usr/bin/bash)
==1818447==    by 0x400F4AD: save_parser_state (in /usr/bin/bash)
==1818447==    by 0x40101E6: xparse_dolparen (in /usr/bin/bash)
==1818447==    by 0x4053AED: ??? (in /usr/bin/bash)
==1818447==    by 0x405547E: ??? (in /usr/bin/bash)
==1818447==    by 0x405572D: ??? (in /usr/bin/bash)
==1818447==    by 0x40442BC: expand_string_assignment (in /usr/bin/bash)
==1818447==    by 0x4046395: ??? (in /usr/bin/bash)
==1818447==    by 0x4046A0C: ??? (in /usr/bin/bash)
==1818447==    by 0x40E65FA: ??? (in /usr/bin/bash)
==1818447==    by 0x4058503: ??? (in /usr/bin/bash)
==1818447== 
==1818447== 32 bytes in 1 blocks are still reachable in loss record 249 of 358
==1818447==    at 0x49A1B26: malloc (vg_replace_malloc.c:447)
==1818447==    by 0x4063642: array_copy (in /usr/bin/bash)
==1818447==    by 0x400F4AD: save_parser_state (in /usr/bin/bash)
==1818447==    by 0x40101E6: xparse_dolparen (in /usr/bin/bash)
==1818447==    by 0x4053AED: ??? (in /usr/bin/bash)
==1818447==    by 0x405547E: ??? (in /usr/bin/bash)
==1818447==    by 0x405572D: ??? (in /usr/bin/bash)
==1818447==    by 0x40442BC: expand_string_assignment (in /usr/bin/bash)
==1818447==    by 0x4046395: ??? (in /usr/bin/bash)
==1818447==    by 0x4046A0C: ??? (in /usr/bin/bash)
==1818447==    by 0x40E65FA: ??? (in /usr/bin/bash)
==1818447==    by 0x4058503: ??? (in /usr/bin/bash)
==1818447== 
==1818447== 32 bytes in 1 blocks are still reachable in loss record 250 of 358
==1818447==    at 0x49A1B26: malloc (vg_replace_malloc.c:447)
==1818447==    by 0x406344E: array_create_element (in /usr/bin/bash)
==1818447==    by 0x40636A9: array_copy (in /usr/bin/bash)
==1818447==    by 0x400F4AD: save_parser_state (in /usr/bin/bash)
==1818447==    by 0x40101E6: xparse_dolparen (in /usr/bin/bash)
==1818447==    by 0x4053AED: ??? (in /usr/bin/bash)
==1818447==    by 0x405547E: ??? (in /usr/bin/bash)
==1818447==    by 0x405572D: ??? (in /usr/bin/bash)
==1818447==    by 0x40442BC: expand_string_assignment (in /usr/bin/bash)
==1818447==    by 0x4046395: ??? (in /usr/bin/bash)
==1818447==    by 0x4046A0C: ??? (in /usr/bin/bash)
==1818447==    by 0x40E65FA: ??? (in /usr/bin/bash)
==1818447== 
==1818447== 32 bytes in 1 blocks are still reachable in loss record 251 of 358
==1818447==    at 0x49A1B26: malloc (vg_replace_malloc.c:447)
==1818447==    by 0x4084B58: ??? (in /usr/bin/bash)
==1818447==    by 0x4087AA1: parse_string (in /usr/bin/bash)
==1818447==    by 0x401026E: xparse_dolparen (in /usr/bin/bash)
==1818447==    by 0x4053AED: ??? (in /usr/bin/bash)
==1818447==    by 0x405547E: ??? (in /usr/bin/bash)
==1818447==    by 0x405572D: ??? (in /usr/bin/bash)
==1818447==    by 0x40442BC: expand_string_assignment (in /usr/bin/bash)
==1818447==    by 0x4046395: ??? (in /usr/bin/bash)
==1818447==    by 0x4046A0C: ??? (in /usr/bin/bash)
==1818447==    by 0x40E65FA: ??? (in /usr/bin/bash)
==1818447==    by 0x4058503: ??? (in /usr/bin/bash)
==1818447== 
==1818447== 32 bytes in 1 blocks are still reachable in loss record 252 of 358
==1818447==    at 0x49A1B26: malloc (vg_replace_malloc.c:447)
==1818447==    by 0x4084C8A: ??? (in /usr/bin/bash)
==1818447==    by 0x4087AA1: parse_string (in /usr/bin/bash)
==1818447==    by 0x401026E: xparse_dolparen (in /usr/bin/bash)
==1818447==    by 0x4053AED: ??? (in /usr/bin/bash)
==1818447==    by 0x405547E: ??? (in /usr/bin/bash)
==1818447==    by 0x405572D: ??? (in /usr/bin/bash)
==1818447==    by 0x40442BC: expand_string_assignment (in /usr/bin/bash)
==1818447==    by 0x4046395: ??? (in /usr/bin/bash)
==1818447==    by 0x4046A0C: ??? (in /usr/bin/bash)
==1818447==    by 0x40E65FA: ??? (in /usr/bin/bash)
==1818447==    by 0x4058503: ??? (in /usr/bin/bash)
==1818447== 
==1818447== 32 bytes in 1 blocks are still reachable in loss record 253 of 358
==1818447==    at 0x49A1B26: malloc (vg_replace_malloc.c:447)
==1818447==    by 0x4084CCD: ??? (in /usr/bin/bash)
==1818447==    by 0x4087AA1: parse_string (in /usr/bin/bash)
==1818447==    by 0x401026E: xparse_dolparen (in /usr/bin/bash)
==1818447==    by 0x4053AED: ??? (in /usr/bin/bash)
==1818447==    by 0x405547E: ??? (in /usr/bin/bash)
==1818447==    by 0x405572D: ??? (in /usr/bin/bash)
==1818447==    by 0x40442BC: expand_string_assignment (in /usr/bin/bash)
==1818447==    by 0x4046395: ??? (in /usr/bin/bash)
==1818447==    by 0x4046A0C: ??? (in /usr/bin/bash)
==1818447==    by 0x40E65FA: ??? (in /usr/bin/bash)
==1818447==    by 0x4058503: ??? (in /usr/bin/bash)
==1818447== 
==1818447== 32 bytes in 1 blocks are still reachable in loss record 254 of 358
==1818447==    at 0x49A1B26: malloc (vg_replace_malloc.c:447)
==1818447==    by 0x4084D12: ??? (in /usr/bin/bash)
==1818447==    by 0x4087AA1: parse_string (in /usr/bin/bash)
==1818447==    by 0x401026E: xparse_dolparen (in /usr/bin/bash)
==1818447==    by 0x4053AED: ??? (in /usr/bin/bash)
==1818447==    by 0x405547E: ??? (in /usr/bin/bash)
==1818447==    by 0x405572D: ??? (in /usr/bin/bash)
==1818447==    by 0x40442BC: expand_string_assignment (in /usr/bin/bash)
==1818447==    by 0x4046395: ??? (in /usr/bin/bash)
==1818447==    by 0x4046A0C: ??? (in /usr/bin/bash)
==1818447==    by 0x40E65FA: ??? (in /usr/bin/bash)
==1818447==    by 0x4058503: ??? (in /usr/bin/bash)
==1818447== 
==1818447== 32 bytes in 1 blocks are still reachable in loss record 255 of 358
==1818447==    at 0x49A1B26: malloc (vg_replace_malloc.c:447)
==1818447==    by 0x4084D51: ??? (in /usr/bin/bash)
==1818447==    by 0x4087AA1: parse_string (in /usr/bin/bash)
==1818447==    by 0x401026E: xparse_dolparen (in /usr/bin/bash)
==1818447==    by 0x4053AED: ??? (in /usr/bin/bash)
==1818447==    by 0x405547E: ??? (in /usr/bin/bash)
==1818447==    by 0x405572D: ??? (in /usr/bin/bash)
==1818447==    by 0x40442BC: expand_string_assignment (in /usr/bin/bash)
==1818447==    by 0x4046395: ??? (in /usr/bin/bash)
==1818447==    by 0x4046A0C: ??? (in /usr/bin/bash)
==1818447==    by 0x40E65FA: ??? (in /usr/bin/bash)
==1818447==    by 0x4058503: ??? (in /usr/bin/bash)
==1818447== 
==1818447== 32 bytes in 1 blocks are still reachable in loss record 256 of 358
==1818447==    at 0x49A1B26: malloc (vg_replace_malloc.c:447)
==1818447==    by 0x4084D92: ??? (in /usr/bin/bash)
==1818447==    by 0x4087AA1: parse_string (in /usr/bin/bash)
==1818447==    by 0x401026E: xparse_dolparen (in /usr/bin/bash)
==1818447==    by 0x4053AED: ??? (in /usr/bin/bash)
==1818447==    by 0x405547E: ??? (in /usr/bin/bash)
==1818447==    by 0x405572D: ??? (in /usr/bin/bash)
==1818447==    by 0x40442BC: expand_string_assignment (in /usr/bin/bash)
==1818447==    by 0x4046395: ??? (in /usr/bin/bash)
==1818447==    by 0x4046A0C: ??? (in /usr/bin/bash)
==1818447==    by 0x40E65FA: ??? (in /usr/bin/bash)
==1818447==    by 0x4058503: ??? (in /usr/bin/bash)
==1818447== 
==1818447== 32 bytes in 1 blocks are still reachable in loss record 257 of 358
==1818447==    at 0x49A1B26: malloc (vg_replace_malloc.c:447)
==1818447==    by 0x4084DD1: ??? (in /usr/bin/bash)
==1818447==    by 0x4087AA1: parse_string (in /usr/bin/bash)
==1818447==    by 0x401026E: xparse_dolparen (in /usr/bin/bash)
==1818447==    by 0x4053AED: ??? (in /usr/bin/bash)
==1818447==    by 0x405547E: ??? (in /usr/bin/bash)
==1818447==    by 0x405572D: ??? (in /usr/bin/bash)
==1818447==    by 0x40442BC: expand_string_assignment (in /usr/bin/bash)
==1818447==    by 0x4046395: ??? (in /usr/bin/bash)
==1818447==    by 0x4046A0C: ??? (in /usr/bin/bash)
==1818447==    by 0x40E65FA: ??? (in /usr/bin/bash)
==1818447==    by 0x4058503: ??? (in /usr/bin/bash)
==1818447== 
==1818447== 32 bytes in 1 blocks are still reachable in loss record 258 of 358
==1818447==    at 0x49A1B26: malloc (vg_replace_malloc.c:447)
==1818447==    by 0x4085139: ??? (in /usr/bin/bash)
==1818447==    by 0x4087AA1: parse_string (in /usr/bin/bash)
==1818447==    by 0x401026E: xparse_dolparen (in /usr/bin/bash)
==1818447==    by 0x4053AED: ??? (in /usr/bin/bash)
==1818447==    by 0x405547E: ??? (in /usr/bin/bash)
==1818447==    by 0x405572D: ??? (in /usr/bin/bash)
==1818447==    by 0x40442BC: expand_string_assignment (in /usr/bin/bash)
==1818447==    by 0x4046395: ??? (in /usr/bin/bash)
==1818447==    by 0x4046A0C: ??? (in /usr/bin/bash)
==1818447==    by 0x40E65FA: ??? (in /usr/bin/bash)
==1818447==    by 0x4058503: ??? (in /usr/bin/bash)
==1818447== 
==1818447== 32 bytes in 1 blocks are still reachable in loss record 259 of 358
==1818447==    at 0x49A1B26: malloc (vg_replace_malloc.c:447)
==1818447==    by 0x4084EB9: ??? (in /usr/bin/bash)
==1818447==    by 0x4087AA1: parse_string (in /usr/bin/bash)
==1818447==    by 0x401026E: xparse_dolparen (in /usr/bin/bash)
==1818447==    by 0x4053AED: ??? (in /usr/bin/bash)
==1818447==    by 0x405547E: ??? (in /usr/bin/bash)
==1818447==    by 0x405572D: ??? (in /usr/bin/bash)
==1818447==    by 0x40442BC: expand_string_assignment (in /usr/bin/bash)
==1818447==    by 0x4046395: ??? (in /usr/bin/bash)
==1818447==    by 0x4046A0C: ??? (in /usr/bin/bash)
==1818447==    by 0x40E65FA: ??? (in /usr/bin/bash)
==1818447==    by 0x4058503: ??? (in /usr/bin/bash)
==1818447== 
==1818447== 32 bytes in 1 blocks are still reachable in loss record 260 of 358
==1818447==    at 0x49A1B26: malloc (vg_replace_malloc.c:447)
==1818447==    by 0x4039555: make_child (in /usr/bin/bash)
==1818447==    by 0x404A372: command_substitute (in /usr/bin/bash)
==1818447==    by 0x4053B3A: ??? (in /usr/bin/bash)
==1818447==    by 0x405547E: ??? (in /usr/bin/bash)
==1818447==    by 0x405572D: ??? (in /usr/bin/bash)
==1818447==    by 0x40442BC: expand_string_assignment (in /usr/bin/bash)
==1818447==    by 0x4046395: ??? (in /usr/bin/bash)
==1818447==    by 0x4046A0C: ??? (in /usr/bin/bash)
==1818447==    by 0x40E65FA: ??? (in /usr/bin/bash)
==1818447==    by 0x4058503: ??? (in /usr/bin/bash)
==1818447==    by 0x4027BF1: ??? (in /usr/bin/bash)
==1818447== 
==1818447== 32 bytes in 1 blocks are still reachable in loss record 261 of 358
==1818447==    at 0x49A1B26: malloc (vg_replace_malloc.c:447)
==1818447==    by 0x4059D3D: hash_insert (in /usr/bin/bash)
==1818447==    by 0x4024EF6: ??? (in /usr/bin/bash)
==1818447==    by 0x4025DE3: ??? (in /usr/bin/bash)
==1818447==    by 0x4046975: ??? (in /usr/bin/bash)
==1818447==    by 0x40E65FA: ??? (in /usr/bin/bash)
==1818447==    by 0x4058503: ??? (in /usr/bin/bash)
==1818447==    by 0x4027BF1: ??? (in /usr/bin/bash)
==1818447==    by 0x401BC3C: execute_command_internal (in /usr/bin/bash)
==1818447==    by 0x401E54D: execute_command (in /usr/bin/bash)
==1818447==    by 0x401D6C6: execute_command_internal (in /usr/bin/bash)
==1818447==    by 0x401E54D: execute_command (in /usr/bin/bash)
==1818447== 
==1818447== 32 bytes in 1 blocks are still reachable in loss record 262 of 358
==1818447==    at 0x49A1B26: malloc (vg_replace_malloc.c:447)
==1818447==    by 0x402898C: ??? (in /usr/bin/bash)
==1818447==    by 0x401BC3C: execute_command_internal (in /usr/bin/bash)
==1818447==    by 0x401D718: execute_command_internal (in /usr/bin/bash)
==1818447==    by 0x401E54D: execute_command (in /usr/bin/bash)
==1818447==    by 0x401BFF1: execute_command_internal (in /usr/bin/bash)
==1818447==    by 0x401E54D: execute_command (in /usr/bin/bash)
==1818447==    by 0x400FE57: reader_loop (in /usr/bin/bash)
==1818447==    by 0x40038C6: main (in /usr/bin/bash)
==1818447== 
==1818447== 32 bytes in 1 blocks are still reachable in loss record 263 of 358
==1818447==    at 0x49A1B26: malloc (vg_replace_malloc.c:447)
==1818447==    by 0x4028A02: ??? (in /usr/bin/bash)
==1818447==    by 0x401BC3C: execute_command_internal (in /usr/bin/bash)
==1818447==    by 0x401D718: execute_command_internal (in /usr/bin/bash)
==1818447==    by 0x401E54D: execute_command (in /usr/bin/bash)
==1818447==    by 0x401BFF1: execute_command_internal (in /usr/bin/bash)
==1818447==    by 0x401E54D: execute_command (in /usr/bin/bash)
==1818447==    by 0x400FE57: reader_loop (in /usr/bin/bash)
==1818447==    by 0x40038C6: main (in /usr/bin/bash)
==1818447== 
==1818447== 32 bytes in 2 blocks are still reachable in loss record 264 of 358
==1818447==    at 0x49A1B26: malloc (vg_replace_malloc.c:447)
==1818447==    by 0x4012955: alloc_word_desc (in /usr/bin/bash)
==1818447==    by 0x40E977D: ??? (in /usr/bin/bash)
==1818447==    by 0x400BFEC: yyparse (in /usr/bin/bash)
==1818447==    by 0x400F99F: parse_command (in /usr/bin/bash)
==1818447==    by 0x400FB7B: read_command (in /usr/bin/bash)
==1818447==    by 0x400FDA5: reader_loop (in /usr/bin/bash)
==1818447==    by 0x40038C6: main (in /usr/bin/bash)
==1818447== 
==1818447== 32 bytes in 2 blocks are still reachable in loss record 265 of 358
==1818447==    at 0x49A1B26: malloc (vg_replace_malloc.c:447)
==1818447==    by 0x4012955: alloc_word_desc (in /usr/bin/bash)
==1818447==    by 0x40E83FC: ??? (in /usr/bin/bash)
==1818447==    by 0x400BFEC: yyparse (in /usr/bin/bash)
==1818447==    by 0x400F99F: parse_command (in /usr/bin/bash)
==1818447==    by 0x400FB7B: read_command (in /usr/bin/bash)
==1818447==    by 0x400FDA5: reader_loop (in /usr/bin/bash)
==1818447==    by 0x40038C6: main (in /usr/bin/bash)
==1818447== 
==1818447== 32 bytes in 2 blocks are still reachable in loss record 266 of 358
==1818447==    at 0x49A1B26: malloc (vg_replace_malloc.c:447)
==1818447==    by 0x401361D: make_simple_command (in /usr/bin/bash)
==1818447==    by 0x400E08B: yyparse (in /usr/bin/bash)
==1818447==    by 0x400F99F: parse_command (in /usr/bin/bash)
==1818447==    by 0x400FB7B: read_command (in /usr/bin/bash)
==1818447==    by 0x400FDA5: reader_loop (in /usr/bin/bash)
==1818447==    by 0x40038C6: main (in /usr/bin/bash)
==1818447== 
==1818447== 32 bytes in 2 blocks are still reachable in loss record 267 of 358
==1818447==    at 0x49A1B26: malloc (vg_replace_malloc.c:447)
==1818447==    by 0x401361D: make_simple_command (in /usr/bin/bash)
==1818447==    by 0x400C949: yyparse (in /usr/bin/bash)
==1818447==    by 0x40E6D4B: ??? (in /usr/bin/bash)
==1818447==    by 0x40085E1: ??? (in /usr/bin/bash)
==1818447==    by 0x40E7440: ??? (in /usr/bin/bash)
==1818447==    by 0x400BFEC: yyparse (in /usr/bin/bash)
==1818447==    by 0x400F99F: parse_command (in /usr/bin/bash)
==1818447==    by 0x400FB7B: read_command (in /usr/bin/bash)
==1818447==    by 0x400FDA5: reader_loop (in /usr/bin/bash)
==1818447==    by 0x40038C6: main (in /usr/bin/bash)
==1818447== 
==1818447== 32 bytes in 2 blocks are still reachable in loss record 268 of 358
==1818447==    at 0x49A1B26: malloc (vg_replace_malloc.c:447)
==1818447==    by 0x4012955: alloc_word_desc (in /usr/bin/bash)
==1818447==    by 0x40563A4: ??? (in /usr/bin/bash)
==1818447==    by 0x4057C17: ??? (in /usr/bin/bash)
==1818447==    by 0x4028043: ??? (in /usr/bin/bash)
==1818447==    by 0x401BC3C: execute_command_internal (in /usr/bin/bash)
==1818447==    by 0x401E54D: execute_command (in /usr/bin/bash)
==1818447==    by 0x401B63E: execute_command_internal (in /usr/bin/bash)
==1818447==    by 0x401E54D: execute_command (in /usr/bin/bash)
==1818447==    by 0x401BFA7: execute_command_internal (in /usr/bin/bash)
==1818447==    by 0x401E54D: execute_command (in /usr/bin/bash)
==1818447==    by 0x400FE57: reader_loop (in /usr/bin/bash)
==1818447== 
==1818447== 32 bytes in 2 blocks are still reachable in loss record 269 of 358
==1818447==    at 0x49A1B26: malloc (vg_replace_malloc.c:447)
==1818447==    by 0x4012955: alloc_word_desc (in /usr/bin/bash)
==1818447==    by 0x40563A4: ??? (in /usr/bin/bash)
==1818447==    by 0x4057C17: ??? (in /usr/bin/bash)
==1818447==    by 0x4028043: ??? (in /usr/bin/bash)
==1818447==    by 0x401BC3C: execute_command_internal (in /usr/bin/bash)
==1818447==    by 0x401E54D: execute_command (in /usr/bin/bash)
==1818447==    by 0x401DBD7: execute_command_internal (in /usr/bin/bash)
==1818447==    by 0x401E54D: execute_command (in /usr/bin/bash)
==1818447==    by 0x401BFA7: execute_command_internal (in /usr/bin/bash)
==1818447==    by 0x401E54D: execute_command (in /usr/bin/bash)
==1818447==    by 0x400FE57: reader_loop (in /usr/bin/bash)
==1818447== 
==1818447== 33 bytes in 1 blocks are still reachable in loss record 270 of 358
==1818447==    at 0x49A9897: realloc (vg_replace_malloc.c:1804)
==1818447==    by 0x4AE89AF: getcwd (in /usr/lib64/libc.so.6)
==1818447==    by 0x4081225: get_working_directory (in /usr/bin/bash)
==1818447==    by 0x40296E6: set_pwd (in /usr/bin/bash)
==1818447==    by 0x4029A13: initialize_shell_variables (in /usr/bin/bash)
==1818447==    by 0x400679B: ??? (in /usr/bin/bash)
==1818447==    by 0x40035C1: main (in /usr/bin/bash)
==1818447== 
==1818447== 33 bytes in 1 blocks are still reachable in loss record 271 of 358
==1818447==    at 0x49A1B26: malloc (vg_replace_malloc.c:447)
==1818447==    by 0x40257E4: make_variable_value (in /usr/bin/bash)
==1818447==    by 0x4025DF4: ??? (in /usr/bin/bash)
==1818447==    by 0x40296FB: set_pwd (in /usr/bin/bash)
==1818447==    by 0x4029A13: initialize_shell_variables (in /usr/bin/bash)
==1818447==    by 0x400679B: ??? (in /usr/bin/bash)
==1818447==    by 0x40035C1: main (in /usr/bin/bash)
==1818447== 
==1818447== 40 bytes in 1 blocks are still reachable in loss record 272 of 358
==1818447==    at 0x49A1B26: malloc (vg_replace_malloc.c:447)
==1818447==    by 0x40221B1: ??? (in /usr/bin/bash)
==1818447==    by 0x4029A05: initialize_shell_variables (in /usr/bin/bash)
==1818447==    by 0x400679B: ??? (in /usr/bin/bash)
==1818447==    by 0x40035C1: main (in /usr/bin/bash)
==1818447== 
==1818447== 41 bytes in 1 blocks are still reachable in loss record 273 of 358
==1818447==    at 0x49A1B26: malloc (vg_replace_malloc.c:447)
==1818447==    by 0x40257E4: make_variable_value (in /usr/bin/bash)
==1818447==    by 0x4025DF4: ??? (in /usr/bin/bash)
==1818447==    by 0x40919B9: set_shellopts (in /usr/bin/bash)
==1818447==    by 0x40067CF: ??? (in /usr/bin/bash)
==1818447==    by 0x40035C1: main (in /usr/bin/bash)
==1818447== 
==1818447== 45 bytes in 2 blocks are still reachable in loss record 274 of 358
==1818447==    at 0x49A1B26: malloc (vg_replace_malloc.c:447)
==1818447==    by 0x402EA30: ??? (in /usr/bin/bash)
==1818447==    by 0x402EBE2: ??? (in /usr/bin/bash)
==1818447==    by 0x402EF7E: ??? (in /usr/bin/bash)
==1818447==    by 0x407A41C: ??? (in /usr/bin/bash)
==1818447==    by 0x407B459: set_locale_var (in /usr/bin/bash)
==1818447==    by 0x407B72A: set_default_lang (in /usr/bin/bash)
==1818447==    by 0x40035C6: main (in /usr/bin/bash)
==1818447== 
==1818447== 45 bytes in 2 blocks are still reachable in loss record 275 of 358
==1818447==    at 0x49A1B26: malloc (vg_replace_malloc.c:447)
==1818447==    by 0x402EC0A: ??? (in /usr/bin/bash)
==1818447==    by 0x402EF7E: ??? (in /usr/bin/bash)
==1818447==    by 0x407A41C: ??? (in /usr/bin/bash)
==1818447==    by 0x407B459: set_locale_var (in /usr/bin/bash)
==1818447==    by 0x407B72A: set_default_lang (in /usr/bin/bash)
==1818447==    by 0x40035C6: main (in /usr/bin/bash)
==1818447== 
==1818447== 48 bytes in 1 blocks are still reachable in loss record 276 of 358
==1818447==    at 0x49A1B26: malloc (vg_replace_malloc.c:447)
==1818447==    by 0x401F95B: ??? (in /usr/bin/bash)
==1818447==    by 0x4024EAF: ??? (in /usr/bin/bash)
==1818447==    by 0x4025DE3: ??? (in /usr/bin/bash)
==1818447==    by 0x40296FB: set_pwd (in /usr/bin/bash)
==1818447==    by 0x4029A13: initialize_shell_variables (in /usr/bin/bash)
==1818447==    by 0x400679B: ??? (in /usr/bin/bash)
==1818447==    by 0x40035C1: main (in /usr/bin/bash)
==1818447== 
==1818447== 48 bytes in 1 blocks are still reachable in loss record 277 of 358
==1818447==    at 0x49A1B26: malloc (vg_replace_malloc.c:447)
==1818447==    by 0x401F95B: ??? (in /usr/bin/bash)
==1818447==    by 0x4024EAF: ??? (in /usr/bin/bash)
==1818447==    by 0x4025DE3: ??? (in /usr/bin/bash)
==1818447==    by 0x402976B: set_pwd (in /usr/bin/bash)
==1818447==    by 0x4029A13: initialize_shell_variables (in /usr/bin/bash)
==1818447==    by 0x400679B: ??? (in /usr/bin/bash)
==1818447==    by 0x40035C1: main (in /usr/bin/bash)
==1818447== 
==1818447== 48 bytes in 1 blocks are still reachable in loss record 278 of 358
==1818447==    at 0x49A1B26: malloc (vg_replace_malloc.c:447)
==1818447==    by 0x401F95B: ??? (in /usr/bin/bash)
==1818447==    by 0x4024EAF: ??? (in /usr/bin/bash)
==1818447==    by 0x4025DE3: ??? (in /usr/bin/bash)
==1818447==    by 0x4029A26: initialize_shell_variables (in /usr/bin/bash)
==1818447==    by 0x400679B: ??? (in /usr/bin/bash)
==1818447==    by 0x40035C1: main (in /usr/bin/bash)
==1818447== 
==1818447== 48 bytes in 1 blocks are still reachable in loss record 279 of 358
==1818447==    at 0x49A1B26: malloc (vg_replace_malloc.c:447)
==1818447==    by 0x401F95B: ??? (in /usr/bin/bash)
==1818447==    by 0x4024EAF: ??? (in /usr/bin/bash)
==1818447==    by 0x4025DE3: ??? (in /usr/bin/bash)
==1818447==    by 0x4029A44: initialize_shell_variables (in /usr/bin/bash)
==1818447==    by 0x400679B: ??? (in /usr/bin/bash)
==1818447==    by 0x40035C1: main (in /usr/bin/bash)
==1818447== 
==1818447== 48 bytes in 1 blocks are still reachable in loss record 280 of 358
==1818447==    at 0x49A1B26: malloc (vg_replace_malloc.c:447)
==1818447==    by 0x401F95B: ??? (in /usr/bin/bash)
==1818447==    by 0x4024EAF: ??? (in /usr/bin/bash)
==1818447==    by 0x4025DE3: ??? (in /usr/bin/bash)
==1818447==    by 0x4029A57: initialize_shell_variables (in /usr/bin/bash)
==1818447==    by 0x400679B: ??? (in /usr/bin/bash)
==1818447==    by 0x40035C1: main (in /usr/bin/bash)
==1818447== 
==1818447== 48 bytes in 1 blocks are still reachable in loss record 281 of 358
==1818447==    at 0x49A1B26: malloc (vg_replace_malloc.c:447)
==1818447==    by 0x401F95B: ??? (in /usr/bin/bash)
==1818447==    by 0x4024EAF: ??? (in /usr/bin/bash)
==1818447==    by 0x4025DE3: ??? (in /usr/bin/bash)
==1818447==    by 0x402A20A: initialize_shell_variables (in /usr/bin/bash)
==1818447==    by 0x400679B: ??? (in /usr/bin/bash)
==1818447==    by 0x40035C1: main (in /usr/bin/bash)
==1818447== 
==1818447== 48 bytes in 1 blocks are still reachable in loss record 282 of 358
==1818447==    at 0x49A1B26: malloc (vg_replace_malloc.c:447)
==1818447==    by 0x401F95B: ??? (in /usr/bin/bash)
==1818447==    by 0x4024EAF: ??? (in /usr/bin/bash)
==1818447==    by 0x4025DE3: ??? (in /usr/bin/bash)
==1818447==    by 0x4029A9F: initialize_shell_variables (in /usr/bin/bash)
==1818447==    by 0x400679B: ??? (in /usr/bin/bash)
==1818447==    by 0x40035C1: main (in /usr/bin/bash)
==1818447== 
==1818447== 48 bytes in 1 blocks are still reachable in loss record 283 of 358
==1818447==    at 0x49A1B26: malloc (vg_replace_malloc.c:447)
==1818447==    by 0x401F95B: ??? (in /usr/bin/bash)
==1818447==    by 0x4024EAF: ??? (in /usr/bin/bash)
==1818447==    by 0x4025DE3: ??? (in /usr/bin/bash)
==1818447==    by 0x4029AC1: initialize_shell_variables (in /usr/bin/bash)
==1818447==    by 0x400679B: ??? (in /usr/bin/bash)
==1818447==    by 0x40035C1: main (in /usr/bin/bash)
==1818447== 
==1818447== 48 bytes in 1 blocks are still reachable in loss record 284 of 358
==1818447==    at 0x49A1B26: malloc (vg_replace_malloc.c:447)
==1818447==    by 0x401F95B: ??? (in /usr/bin/bash)
==1818447==    by 0x4024EAF: ??? (in /usr/bin/bash)
==1818447==    by 0x4025DE3: ??? (in /usr/bin/bash)
==1818447==    by 0x4029AD4: initialize_shell_variables (in /usr/bin/bash)
==1818447==    by 0x400679B: ??? (in /usr/bin/bash)
==1818447==    by 0x40035C1: main (in /usr/bin/bash)
==1818447== 
==1818447== 48 bytes in 1 blocks are still reachable in loss record 285 of 358
==1818447==    at 0x49A1B26: malloc (vg_replace_malloc.c:447)
==1818447==    by 0x401F95B: ??? (in /usr/bin/bash)
==1818447==    by 0x4024EAF: ??? (in /usr/bin/bash)
==1818447==    by 0x4025DE3: ??? (in /usr/bin/bash)
==1818447==    by 0x4029AE3: initialize_shell_variables (in /usr/bin/bash)
==1818447==    by 0x400679B: ??? (in /usr/bin/bash)
==1818447==    by 0x40035C1: main (in /usr/bin/bash)
==1818447== 
==1818447== 48 bytes in 1 blocks are still reachable in loss record 286 of 358
==1818447==    at 0x49A1B26: malloc (vg_replace_malloc.c:447)
==1818447==    by 0x401F95B: ??? (in /usr/bin/bash)
==1818447==    by 0x4024EAF: ??? (in /usr/bin/bash)
==1818447==    by 0x4025DE3: ??? (in /usr/bin/bash)
==1818447==    by 0x4029AF6: initialize_shell_variables (in /usr/bin/bash)
==1818447==    by 0x400679B: ??? (in /usr/bin/bash)
==1818447==    by 0x40035C1: main (in /usr/bin/bash)
==1818447== 
==1818447== 48 bytes in 1 blocks are still reachable in loss record 287 of 358
==1818447==    at 0x49A1B26: malloc (vg_replace_malloc.c:447)
==1818447==    by 0x401F95B: ??? (in /usr/bin/bash)
==1818447==    by 0x4024EAF: ??? (in /usr/bin/bash)
==1818447==    by 0x4025DE3: ??? (in /usr/bin/bash)
==1818447==    by 0x4026C3B: adjust_shell_level (in /usr/bin/bash)
==1818447==    by 0x4029B59: initialize_shell_variables (in /usr/bin/bash)
==1818447==    by 0x400679B: ??? (in /usr/bin/bash)
==1818447==    by 0x40035C1: main (in /usr/bin/bash)
==1818447== 
==1818447== 48 bytes in 1 blocks are still reachable in loss record 288 of 358
==1818447==    at 0x49A1B26: malloc (vg_replace_malloc.c:447)
==1818447==    by 0x401F95B: ??? (in /usr/bin/bash)
==1818447==    by 0x4024EAF: ??? (in /usr/bin/bash)
==1818447==    by 0x4025DE3: ??? (in /usr/bin/bash)
==1818447==    by 0x4029933: set_ppid (in /usr/bin/bash)
==1818447==    by 0x4029B5E: initialize_shell_variables (in /usr/bin/bash)
==1818447==    by 0x400679B: ??? (in /usr/bin/bash)
==1818447==    by 0x40035C1: main (in /usr/bin/bash)
==1818447== 
==1818447== 48 bytes in 1 blocks are still reachable in loss record 289 of 358
==1818447==    at 0x49A1B26: malloc (vg_replace_malloc.c:447)
==1818447==    by 0x401F95B: ??? (in /usr/bin/bash)
==1818447==    by 0x4024EAF: ??? (in /usr/bin/bash)
==1818447==    by 0x4025DE3: ??? (in /usr/bin/bash)
==1818447==    by 0x4029B8D: initialize_shell_variables (in /usr/bin/bash)
==1818447==    by 0x400679B: ??? (in /usr/bin/bash)
==1818447==    by 0x40035C1: main (in /usr/bin/bash)
==1818447== 
==1818447== 48 bytes in 1 blocks are still reachable in loss record 290 of 358
==1818447==    at 0x49A1B26: malloc (vg_replace_malloc.c:447)
==1818447==    by 0x401F95B: ??? (in /usr/bin/bash)
==1818447==    by 0x4024EAF: ??? (in /usr/bin/bash)
==1818447==    by 0x4025DE3: ??? (in /usr/bin/bash)
==1818447==    by 0x4029BB6: initialize_shell_variables (in /usr/bin/bash)
==1818447==    by 0x400679B: ??? (in /usr/bin/bash)
==1818447==    by 0x40035C1: main (in /usr/bin/bash)
==1818447== 
==1818447== 48 bytes in 1 blocks are still reachable in loss record 291 of 358
==1818447==    at 0x49A1B26: malloc (vg_replace_malloc.c:447)
==1818447==    by 0x401F95B: ??? (in /usr/bin/bash)
==1818447==    by 0x4024EAF: ??? (in /usr/bin/bash)
==1818447==    by 0x4025DE3: ??? (in /usr/bin/bash)
==1818447==    by 0x4029C2A: initialize_shell_variables (in /usr/bin/bash)
==1818447==    by 0x400679B: ??? (in /usr/bin/bash)
==1818447==    by 0x40035C1: main (in /usr/bin/bash)
==1818447== 
==1818447== 48 bytes in 1 blocks are still reachable in loss record 292 of 358
==1818447==    at 0x49A1B26: malloc (vg_replace_malloc.c:447)
==1818447==    by 0x401F95B: ??? (in /usr/bin/bash)
==1818447==    by 0x4024EAF: ??? (in /usr/bin/bash)
==1818447==    by 0x4025DE3: ??? (in /usr/bin/bash)
==1818447==    by 0x402A5E9: initialize_shell_variables (in /usr/bin/bash)
==1818447==    by 0x400679B: ??? (in /usr/bin/bash)
==1818447==    by 0x40035C1: main (in /usr/bin/bash)
==1818447== 
==1818447== 48 bytes in 1 blocks are still reachable in loss record 293 of 358
==1818447==    at 0x49A1B26: malloc (vg_replace_malloc.c:447)
==1818447==    by 0x401F95B: ??? (in /usr/bin/bash)
==1818447==    by 0x4024EAF: ??? (in /usr/bin/bash)
==1818447==    by 0x4025DE3: ??? (in /usr/bin/bash)
==1818447==    by 0x4029C73: initialize_shell_variables (in /usr/bin/bash)
==1818447==    by 0x400679B: ??? (in /usr/bin/bash)
==1818447==    by 0x40035C1: main (in /usr/bin/bash)
==1818447== 
==1818447== 48 bytes in 1 blocks are still reachable in loss record 294 of 358
==1818447==    at 0x49A1B26: malloc (vg_replace_malloc.c:447)
==1818447==    by 0x401F95B: ??? (in /usr/bin/bash)
==1818447==    by 0x4024EAF: ??? (in /usr/bin/bash)
==1818447==    by 0x40254C0: make_new_array_variable (in /usr/bin/bash)
==1818447==    by 0x4029C8A: initialize_shell_variables (in /usr/bin/bash)
==1818447==    by 0x400679B: ??? (in /usr/bin/bash)
==1818447==    by 0x40035C1: main (in /usr/bin/bash)
==1818447== 
==1818447== 48 bytes in 1 blocks are still reachable in loss record 295 of 358
==1818447==    at 0x49A1B26: malloc (vg_replace_malloc.c:447)
==1818447==    by 0x401F95B: ??? (in /usr/bin/bash)
==1818447==    by 0x4024EAF: ??? (in /usr/bin/bash)
==1818447==    by 0x4025DE3: ??? (in /usr/bin/bash)
==1818447==    by 0x402AB2E: initialize_shell_variables (in /usr/bin/bash)
==1818447==    by 0x400679B: ??? (in /usr/bin/bash)
==1818447==    by 0x40035C1: main (in /usr/bin/bash)
==1818447== 
==1818447== 48 bytes in 1 blocks are still reachable in loss record 296 of 358
==1818447==    at 0x49A1B26: malloc (vg_replace_malloc.c:447)
==1818447==    by 0x401F95B: ??? (in /usr/bin/bash)
==1818447==    by 0x4024EAF: ??? (in /usr/bin/bash)
==1818447==    by 0x4025DE3: ??? (in /usr/bin/bash)
==1818447==    by 0x402AB18: initialize_shell_variables (in /usr/bin/bash)
==1818447==    by 0x400679B: ??? (in /usr/bin/bash)
==1818447==    by 0x40035C1: main (in /usr/bin/bash)
==1818447== 
==1818447== 48 bytes in 1 blocks are still reachable in loss record 297 of 358
==1818447==    at 0x49A1B26: malloc (vg_replace_malloc.c:447)
==1818447==    by 0x401F95B: ??? (in /usr/bin/bash)
==1818447==    by 0x4024EAF: ??? (in /usr/bin/bash)
==1818447==    by 0x4025DE3: ??? (in /usr/bin/bash)
==1818447==    by 0x4029E86: initialize_shell_variables (in /usr/bin/bash)
==1818447==    by 0x400679B: ??? (in /usr/bin/bash)
==1818447==    by 0x40035C1: main (in /usr/bin/bash)
==1818447== 
==1818447== 48 bytes in 1 blocks are still reachable in loss record 298 of 358
==1818447==    at 0x49A1B26: malloc (vg_replace_malloc.c:447)
==1818447==    by 0x401F95B: ??? (in /usr/bin/bash)
==1818447==    by 0x4024EAF: ??? (in /usr/bin/bash)
==1818447==    by 0x4025DE3: ??? (in /usr/bin/bash)
==1818447==    by 0x4029F2E: initialize_shell_variables (in /usr/bin/bash)
==1818447==    by 0x400679B: ??? (in /usr/bin/bash)
==1818447==    by 0x40035C1: main (in /usr/bin/bash)
==1818447== 
==1818447== 48 bytes in 1 blocks are still reachable in loss record 299 of 358
==1818447==    at 0x49A1B26: malloc (vg_replace_malloc.c:447)
==1818447==    by 0x401F95B: ??? (in /usr/bin/bash)
==1818447==    by 0x4024EAF: ??? (in /usr/bin/bash)
==1818447==    by 0x4025DE3: ??? (in /usr/bin/bash)
==1818447==    by 0x4029F56: initialize_shell_variables (in /usr/bin/bash)
==1818447==    by 0x400679B: ??? (in /usr/bin/bash)
==1818447==    by 0x40035C1: main (in /usr/bin/bash)
==1818447== 
==1818447== 48 bytes in 1 blocks are still reachable in loss record 300 of 358
==1818447==    at 0x49A1B26: malloc (vg_replace_malloc.c:447)
==1818447==    by 0x401F95B: ??? (in /usr/bin/bash)
==1818447==    by 0x4024EAF: ??? (in /usr/bin/bash)
==1818447==    by 0x4025DE3: ??? (in /usr/bin/bash)
==1818447==    by 0x4029F82: initialize_shell_variables (in /usr/bin/bash)
==1818447==    by 0x400679B: ??? (in /usr/bin/bash)
==1818447==    by 0x40035C1: main (in /usr/bin/bash)
==1818447== 
==1818447== 48 bytes in 1 blocks are still reachable in loss record 301 of 358
==1818447==    at 0x49A1B26: malloc (vg_replace_malloc.c:447)
==1818447==    by 0x401F95B: ??? (in /usr/bin/bash)
==1818447==    by 0x4024EAF: ??? (in /usr/bin/bash)
==1818447==    by 0x4025DE3: ??? (in /usr/bin/bash)
==1818447==    by 0x4029FA5: initialize_shell_variables (in /usr/bin/bash)
==1818447==    by 0x400679B: ??? (in /usr/bin/bash)
==1818447==    by 0x40035C1: main (in /usr/bin/bash)
==1818447== 
==1818447== 48 bytes in 1 blocks are still reachable in loss record 302 of 358
==1818447==    at 0x49A1B26: malloc (vg_replace_malloc.c:447)
==1818447==    by 0x401F95B: ??? (in /usr/bin/bash)
==1818447==    by 0x4024EAF: ??? (in /usr/bin/bash)
==1818447==    by 0x4025DE3: ??? (in /usr/bin/bash)
==1818447==    by 0x4029FD1: initialize_shell_variables (in /usr/bin/bash)
==1818447==    by 0x400679B: ??? (in /usr/bin/bash)
==1818447==    by 0x40035C1: main (in /usr/bin/bash)
==1818447== 
==1818447== 48 bytes in 1 blocks are still reachable in loss record 303 of 358
==1818447==    at 0x49A1B26: malloc (vg_replace_malloc.c:447)
==1818447==    by 0x401F95B: ??? (in /usr/bin/bash)
==1818447==    by 0x4024EAF: ??? (in /usr/bin/bash)
==1818447==    by 0x4025DE3: ??? (in /usr/bin/bash)
==1818447==    by 0x402A001: initialize_shell_variables (in /usr/bin/bash)
==1818447==    by 0x400679B: ??? (in /usr/bin/bash)
==1818447==    by 0x40035C1: main (in /usr/bin/bash)
==1818447== 
==1818447== 48 bytes in 1 blocks are still reachable in loss record 304 of 358
==1818447==    at 0x49A1B26: malloc (vg_replace_malloc.c:447)
==1818447==    by 0x401F95B: ??? (in /usr/bin/bash)
==1818447==    by 0x4024EAF: ??? (in /usr/bin/bash)
==1818447==    by 0x4025DE3: ??? (in /usr/bin/bash)
==1818447==    by 0x402A028: initialize_shell_variables (in /usr/bin/bash)
==1818447==    by 0x400679B: ??? (in /usr/bin/bash)
==1818447==    by 0x40035C1: main (in /usr/bin/bash)
==1818447== 
==1818447== 48 bytes in 1 blocks are still reachable in loss record 305 of 358
==1818447==    at 0x49A1B26: malloc (vg_replace_malloc.c:447)
==1818447==    by 0x401F95B: ??? (in /usr/bin/bash)
==1818447==    by 0x4024EAF: ??? (in /usr/bin/bash)
==1818447==    by 0x4025DE3: ??? (in /usr/bin/bash)
==1818447==    by 0x402A05B: initialize_shell_variables (in /usr/bin/bash)
==1818447==    by 0x400679B: ??? (in /usr/bin/bash)
==1818447==    by 0x40035C1: main (in /usr/bin/bash)
==1818447== 
==1818447== 48 bytes in 1 blocks are still reachable in loss record 306 of 358
==1818447==    at 0x49A1B26: malloc (vg_replace_malloc.c:447)
==1818447==    by 0x401F95B: ??? (in /usr/bin/bash)
==1818447==    by 0x4024EAF: ??? (in /usr/bin/bash)
==1818447==    by 0x4025DE3: ??? (in /usr/bin/bash)
==1818447==    by 0x402A07B: initialize_shell_variables (in /usr/bin/bash)
==1818447==    by 0x400679B: ??? (in /usr/bin/bash)
==1818447==    by 0x40035C1: main (in /usr/bin/bash)
==1818447== 
==1818447== 48 bytes in 1 blocks are still reachable in loss record 307 of 358
==1818447==    at 0x49A1B26: malloc (vg_replace_malloc.c:447)
==1818447==    by 0x401F95B: ??? (in /usr/bin/bash)
==1818447==    by 0x4024EAF: ??? (in /usr/bin/bash)
==1818447==    by 0x4025DE3: ??? (in /usr/bin/bash)
==1818447==    by 0x402A09E: initialize_shell_variables (in /usr/bin/bash)
==1818447==    by 0x400679B: ??? (in /usr/bin/bash)
==1818447==    by 0x40035C1: main (in /usr/bin/bash)
==1818447== 
==1818447== 48 bytes in 1 blocks are still reachable in loss record 308 of 358
==1818447==    at 0x49A1B26: malloc (vg_replace_malloc.c:447)
==1818447==    by 0x401F95B: ??? (in /usr/bin/bash)
==1818447==    by 0x4024EAF: ??? (in /usr/bin/bash)
==1818447==    by 0x4025DE3: ??? (in /usr/bin/bash)
==1818447==    by 0x402A0C1: initialize_shell_variables (in /usr/bin/bash)
==1818447==    by 0x400679B: ??? (in /usr/bin/bash)
==1818447==    by 0x40035C1: main (in /usr/bin/bash)
==1818447== 
==1818447== 48 bytes in 1 blocks are still reachable in loss record 309 of 358
==1818447==    at 0x49A1B26: malloc (vg_replace_malloc.c:447)
==1818447==    by 0x401F95B: ??? (in /usr/bin/bash)
==1818447==    by 0x4024EAF: ??? (in /usr/bin/bash)
==1818447==    by 0x4025DE3: ??? (in /usr/bin/bash)
==1818447==    by 0x402A0E8: initialize_shell_variables (in /usr/bin/bash)
==1818447==    by 0x400679B: ??? (in /usr/bin/bash)
==1818447==    by 0x40035C1: main (in /usr/bin/bash)
==1818447== 
==1818447== 48 bytes in 1 blocks are still reachable in loss record 310 of 358
==1818447==    at 0x49A1B26: malloc (vg_replace_malloc.c:447)
==1818447==    by 0x401F95B: ??? (in /usr/bin/bash)
==1818447==    by 0x4024EAF: ??? (in /usr/bin/bash)
==1818447==    by 0x40254C0: make_new_array_variable (in /usr/bin/bash)
==1818447==    by 0x402A75C: initialize_shell_variables (in /usr/bin/bash)
==1818447==    by 0x400679B: ??? (in /usr/bin/bash)
==1818447==    by 0x40035C1: main (in /usr/bin/bash)
==1818447== 
==1818447== 48 bytes in 1 blocks are still reachable in loss record 311 of 358
==1818447==    at 0x49A1B26: malloc (vg_replace_malloc.c:447)
==1818447==    by 0x401F95B: ??? (in /usr/bin/bash)
==1818447==    by 0x4024EAF: ??? (in /usr/bin/bash)
==1818447==    by 0x40254C0: make_new_array_variable (in /usr/bin/bash)
==1818447==    by 0x402A735: initialize_shell_variables (in /usr/bin/bash)
==1818447==    by 0x400679B: ??? (in /usr/bin/bash)
==1818447==    by 0x40035C1: main (in /usr/bin/bash)
==1818447== 
==1818447== 48 bytes in 1 blocks are still reachable in loss record 312 of 358
==1818447==    at 0x49A1B26: malloc (vg_replace_malloc.c:447)
==1818447==    by 0x401F95B: ??? (in /usr/bin/bash)
==1818447==    by 0x4024EAF: ??? (in /usr/bin/bash)
==1818447==    by 0x40254C0: make_new_array_variable (in /usr/bin/bash)
==1818447==    by 0x402A715: initialize_shell_variables (in /usr/bin/bash)
==1818447==    by 0x400679B: ??? (in /usr/bin/bash)
==1818447==    by 0x40035C1: main (in /usr/bin/bash)
==1818447== 
==1818447== 48 bytes in 1 blocks are still reachable in loss record 313 of 358
==1818447==    at 0x49A1B26: malloc (vg_replace_malloc.c:447)
==1818447==    by 0x401F95B: ??? (in /usr/bin/bash)
==1818447==    by 0x4024EAF: ??? (in /usr/bin/bash)
==1818447==    by 0x40254C0: make_new_array_variable (in /usr/bin/bash)
==1818447==    by 0x402A6F5: initialize_shell_variables (in /usr/bin/bash)
==1818447==    by 0x400679B: ??? (in /usr/bin/bash)
==1818447==    by 0x40035C1: main (in /usr/bin/bash)
==1818447== 
==1818447== 48 bytes in 1 blocks are still reachable in loss record 314 of 358
==1818447==    at 0x49A1B26: malloc (vg_replace_malloc.c:447)
==1818447==    by 0x401F95B: ??? (in /usr/bin/bash)
==1818447==    by 0x4024EAF: ??? (in /usr/bin/bash)
==1818447==    by 0x40254C0: make_new_array_variable (in /usr/bin/bash)
==1818447==    by 0x402A6D5: initialize_shell_variables (in /usr/bin/bash)
==1818447==    by 0x400679B: ??? (in /usr/bin/bash)
==1818447==    by 0x40035C1: main (in /usr/bin/bash)
==1818447== 
==1818447== 48 bytes in 1 blocks are still reachable in loss record 315 of 358
==1818447==    at 0x49A1B26: malloc (vg_replace_malloc.c:447)
==1818447==    by 0x401F95B: ??? (in /usr/bin/bash)
==1818447==    by 0x4024EAF: ??? (in /usr/bin/bash)
==1818447==    by 0x40254C0: make_new_array_variable (in /usr/bin/bash)
==1818447==    by 0x402A6B5: initialize_shell_variables (in /usr/bin/bash)
==1818447==    by 0x400679B: ??? (in /usr/bin/bash)
==1818447==    by 0x40035C1: main (in /usr/bin/bash)
==1818447== 
==1818447== 48 bytes in 1 blocks are still reachable in loss record 316 of 358
==1818447==    at 0x49A1B26: malloc (vg_replace_malloc.c:447)
==1818447==    by 0x401F95B: ??? (in /usr/bin/bash)
==1818447==    by 0x4024EAF: ??? (in /usr/bin/bash)
==1818447==    by 0x402A674: initialize_shell_variables (in /usr/bin/bash)
==1818447==    by 0x400679B: ??? (in /usr/bin/bash)
==1818447==    by 0x40035C1: main (in /usr/bin/bash)
==1818447== 
==1818447== 48 bytes in 1 blocks are still reachable in loss record 317 of 358
==1818447==    at 0x49A1B26: malloc (vg_replace_malloc.c:447)
==1818447==    by 0x401F95B: ??? (in /usr/bin/bash)
==1818447==    by 0x4024EAF: ??? (in /usr/bin/bash)
==1818447==    by 0x402A628: initialize_shell_variables (in /usr/bin/bash)
==1818447==    by 0x400679B: ??? (in /usr/bin/bash)
==1818447==    by 0x40035C1: main (in /usr/bin/bash)
==1818447== 
==1818447== 48 bytes in 1 blocks are still reachable in loss record 318 of 358
==1818447==    at 0x49A1B26: malloc (vg_replace_malloc.c:447)
==1818447==    by 0x401F95B: ??? (in /usr/bin/bash)
==1818447==    by 0x4024EAF: ??? (in /usr/bin/bash)
==1818447==    by 0x40254C0: make_new_array_variable (in /usr/bin/bash)
==1818447==    by 0x402A5F6: initialize_shell_variables (in /usr/bin/bash)
==1818447==    by 0x400679B: ??? (in /usr/bin/bash)
==1818447==    by 0x40035C1: main (in /usr/bin/bash)
==1818447== 
==1818447== 48 bytes in 1 blocks are still reachable in loss record 319 of 358
==1818447==    at 0x49A1B26: malloc (vg_replace_malloc.c:447)
==1818447==    by 0x401F95B: ??? (in /usr/bin/bash)
==1818447==    by 0x4024EAF: ??? (in /usr/bin/bash)
==1818447==    by 0x4025DE3: ??? (in /usr/bin/bash)
==1818447==    by 0x40919B9: set_shellopts (in /usr/bin/bash)
==1818447==    by 0x40067CF: ??? (in /usr/bin/bash)
==1818447==    by 0x40035C1: main (in /usr/bin/bash)
==1818447== 
==1818447== 48 bytes in 1 blocks are still reachable in loss record 320 of 358
==1818447==    at 0x49A1B26: malloc (vg_replace_malloc.c:447)
==1818447==    by 0x401F95B: ??? (in /usr/bin/bash)
==1818447==    by 0x4024EAF: ??? (in /usr/bin/bash)
==1818447==    by 0x4025DE3: ??? (in /usr/bin/bash)
==1818447==    by 0x409FF6C: set_bashopts (in /usr/bin/bash)
==1818447==    by 0x40067EE: ??? (in /usr/bin/bash)
==1818447==    by 0x40035C1: main (in /usr/bin/bash)
==1818447== 
==1818447== 48 bytes in 1 blocks are still reachable in loss record 321 of 358
==1818447==    at 0x49A1B26: malloc (vg_replace_malloc.c:447)
==1818447==    by 0x405AA60: fd_to_buffered_stream (in /usr/bin/bash)
==1818447==    by 0x405FB55: with_input_from_buffered_stream (in /usr/bin/bash)
==1818447==    by 0x4003F56: main (in /usr/bin/bash)
==1818447== 
==1818447== 48 bytes in 1 blocks are still reachable in loss record 322 of 358
==1818447==    at 0x49A1B26: malloc (vg_replace_malloc.c:447)
==1818447==    by 0x401F95B: ??? (in /usr/bin/bash)
==1818447==    by 0x4024EAF: ??? (in /usr/bin/bash)
==1818447==    by 0x40254C0: make_new_array_variable (in /usr/bin/bash)
==1818447==    by 0x403004F: set_pipestatus_array (in /usr/bin/bash)
==1818447==    by 0x40292D1: ??? (in /usr/bin/bash)
==1818447==    by 0x401BC3C: execute_command_internal (in /usr/bin/bash)
==1818447==    by 0x401E54D: execute_command (in /usr/bin/bash)
==1818447==    by 0x400FE57: reader_loop (in /usr/bin/bash)
==1818447==    by 0x40038C6: main (in /usr/bin/bash)
==1818447== 
==1818447== 48 bytes in 1 blocks are still reachable in loss record 323 of 358
==1818447==    at 0x49A1B26: malloc (vg_replace_malloc.c:447)
==1818447==    by 0x401F95B: ??? (in /usr/bin/bash)
==1818447==    by 0x4024EAF: ??? (in /usr/bin/bash)
==1818447==    by 0x4025DE3: ??? (in /usr/bin/bash)
==1818447==    by 0x4046975: ??? (in /usr/bin/bash)
==1818447==    by 0x40E65FA: ??? (in /usr/bin/bash)
==1818447==    by 0x4058503: ??? (in /usr/bin/bash)
==1818447==    by 0x4027BF1: ??? (in /usr/bin/bash)
==1818447==    by 0x401BC3C: execute_command_internal (in /usr/bin/bash)
==1818447==    by 0x401E54D: execute_command (in /usr/bin/bash)
==1818447==    by 0x401D6C6: execute_command_internal (in /usr/bin/bash)
==1818447==    by 0x401E54D: execute_command (in /usr/bin/bash)
==1818447== 
==1818447== 48 bytes in 3 blocks are still reachable in loss record 324 of 358
==1818447==    at 0x49A1B26: malloc (vg_replace_malloc.c:447)
==1818447==    by 0x401361D: make_simple_command (in /usr/bin/bash)
==1818447==    by 0x400C949: yyparse (in /usr/bin/bash)
==1818447==    by 0x400F99F: parse_command (in /usr/bin/bash)
==1818447==    by 0x400FB7B: read_command (in /usr/bin/bash)
==1818447==    by 0x400FDA5: reader_loop (in /usr/bin/bash)
==1818447==    by 0x40038C6: main (in /usr/bin/bash)
==1818447== 
==1818447== 48 bytes in 3 blocks are still reachable in loss record 325 of 358
==1818447==    at 0x49A1B26: malloc (vg_replace_malloc.c:447)
==1818447==    by 0x4012955: alloc_word_desc (in /usr/bin/bash)
==1818447==    by 0x40E977D: ??? (in /usr/bin/bash)
==1818447==    by 0x400BFEC: yyparse (in /usr/bin/bash)
==1818447==    by 0x40E6D4B: ??? (in /usr/bin/bash)
==1818447==    by 0x40085E1: ??? (in /usr/bin/bash)
==1818447==    by 0x40E7440: ??? (in /usr/bin/bash)
==1818447==    by 0x400BFEC: yyparse (in /usr/bin/bash)
==1818447==    by 0x400F99F: parse_command (in /usr/bin/bash)
==1818447==    by 0x400FB7B: read_command (in /usr/bin/bash)
==1818447==    by 0x400FDA5: reader_loop (in /usr/bin/bash)
==1818447==    by 0x40038C6: main (in /usr/bin/bash)
==1818447== 
==1818447== 48 bytes in 3 blocks are still reachable in loss record 326 of 358
==1818447==    at 0x49A1B26: malloc (vg_replace_malloc.c:447)
==1818447==    by 0x4012A29: make_bare_word (in /usr/bin/bash)
==1818447==    by 0x4030298: copy_word_list (in /usr/bin/bash)
==1818447==    by 0x4057B56: ??? (in /usr/bin/bash)
==1818447==    by 0x4028043: ??? (in /usr/bin/bash)
==1818447==    by 0x401BC3C: execute_command_internal (in /usr/bin/bash)
==1818447==    by 0x401E54D: execute_command (in /usr/bin/bash)
==1818447==    by 0x401B63E: execute_command_internal (in /usr/bin/bash)
==1818447==    by 0x401E54D: execute_command (in /usr/bin/bash)
==1818447==    by 0x401BFA7: execute_command_internal (in /usr/bin/bash)
==1818447==    by 0x401E54D: execute_command (in /usr/bin/bash)
==1818447==    by 0x400FE57: reader_loop (in /usr/bin/bash)
==1818447== 
==1818447== 48 bytes in 3 blocks are still reachable in loss record 327 of 358
==1818447==    at 0x49A1B26: malloc (vg_replace_malloc.c:447)
==1818447==    by 0x40302B8: copy_word_list (in /usr/bin/bash)
==1818447==    by 0x4057B56: ??? (in /usr/bin/bash)
==1818447==    by 0x4028043: ??? (in /usr/bin/bash)
==1818447==    by 0x401BC3C: execute_command_internal (in /usr/bin/bash)
==1818447==    by 0x401E54D: execute_command (in /usr/bin/bash)
==1818447==    by 0x401B63E: execute_command_internal (in /usr/bin/bash)
==1818447==    by 0x401E54D: execute_command (in /usr/bin/bash)
==1818447==    by 0x401BFA7: execute_command_internal (in /usr/bin/bash)
==1818447==    by 0x401E54D: execute_command (in /usr/bin/bash)
==1818447==    by 0x400FE57: reader_loop (in /usr/bin/bash)
==1818447==    by 0x40038C6: main (in /usr/bin/bash)
==1818447== 
==1818447== 48 bytes in 3 blocks are still reachable in loss record 328 of 358
==1818447==    at 0x49A1B26: malloc (vg_replace_malloc.c:447)
==1818447==    by 0x4012CB9: make_word_list (in /usr/bin/bash)
==1818447==    by 0x4056C88: ??? (in /usr/bin/bash)
==1818447==    by 0x4057C17: ??? (in /usr/bin/bash)
==1818447==    by 0x4028043: ??? (in /usr/bin/bash)
==1818447==    by 0x401BC3C: execute_command_internal (in /usr/bin/bash)
==1818447==    by 0x401E54D: execute_command (in /usr/bin/bash)
==1818447==    by 0x401B63E: execute_command_internal (in /usr/bin/bash)
==1818447==    by 0x401E54D: execute_command (in /usr/bin/bash)
==1818447==    by 0x401BFA7: execute_command_internal (in /usr/bin/bash)
==1818447==    by 0x401E54D: execute_command (in /usr/bin/bash)
==1818447==    by 0x400FE57: reader_loop (in /usr/bin/bash)
==1818447== 
==1818447== 64 bytes in 1 blocks are still reachable in loss record 329 of 358
==1818447==    at 0x49A1B26: malloc (vg_replace_malloc.c:447)
==1818447==    by 0x4010FA6: ??? (in /usr/bin/bash)
==1818447==    by 0x4017859: ??? (in /usr/bin/bash)
==1818447==    by 0x401870F: print_simple_command (in /usr/bin/bash)
==1818447==    by 0x40277C5: ??? (in /usr/bin/bash)
==1818447==    by 0x401BC3C: execute_command_internal (in /usr/bin/bash)
==1818447==    by 0x401E54D: execute_command (in /usr/bin/bash)
==1818447==    by 0x400FE57: reader_loop (in /usr/bin/bash)
==1818447==    by 0x40038C6: main (in /usr/bin/bash)
==1818447== 
==1818447== 64 bytes in 4 blocks are still reachable in loss record 330 of 358
==1818447==    at 0x49A1B26: malloc (vg_replace_malloc.c:447)
==1818447==    by 0x4012955: alloc_word_desc (in /usr/bin/bash)
==1818447==    by 0x40563A4: ??? (in /usr/bin/bash)
==1818447==    by 0x4057C17: ??? (in /usr/bin/bash)
==1818447==    by 0x4027BF1: ??? (in /usr/bin/bash)
==1818447==    by 0x401BC3C: execute_command_internal (in /usr/bin/bash)
==1818447==    by 0x401E54D: execute_command (in /usr/bin/bash)
==1818447==    by 0x400FE57: reader_loop (in /usr/bin/bash)
==1818447==    by 0x40038C6: main (in /usr/bin/bash)
==1818447== 
==1818447== 64 bytes in 4 blocks are still reachable in loss record 331 of 358
==1818447==    at 0x49A1B26: malloc (vg_replace_malloc.c:447)
==1818447==    by 0x4012CB9: make_word_list (in /usr/bin/bash)
==1818447==    by 0x4056C88: ??? (in /usr/bin/bash)
==1818447==    by 0x4057C17: ??? (in /usr/bin/bash)
==1818447==    by 0x4027BF1: ??? (in /usr/bin/bash)
==1818447==    by 0x401BC3C: execute_command_internal (in /usr/bin/bash)
==1818447==    by 0x401E54D: execute_command (in /usr/bin/bash)
==1818447==    by 0x400FE57: reader_loop (in /usr/bin/bash)
==1818447==    by 0x40038C6: main (in /usr/bin/bash)
==1818447== 
==1818447== 78 bytes in 1 blocks are still reachable in loss record 332 of 358
==1818447==    at 0x49A9897: realloc (vg_replace_malloc.c:1804)
==1818447==    by 0x4007C74: ??? (in /usr/bin/bash)
==1818447==    by 0x40E7162: ??? (in /usr/bin/bash)
==1818447==    by 0x400BFEC: yyparse (in /usr/bin/bash)
==1818447==    by 0x400F99F: parse_command (in /usr/bin/bash)
==1818447==    by 0x400FB7B: read_command (in /usr/bin/bash)
==1818447==    by 0x400FDA5: reader_loop (in /usr/bin/bash)
==1818447==    by 0x40038C6: main (in /usr/bin/bash)
==1818447== 
==1818447== 92 bytes in 1 blocks are still reachable in loss record 333 of 358
==1818447==    at 0x49A1B26: malloc (vg_replace_malloc.c:447)
==1818447==    by 0x40257E4: make_variable_value (in /usr/bin/bash)
==1818447==    by 0x4025DF4: ??? (in /usr/bin/bash)
==1818447==    by 0x4029E86: initialize_shell_variables (in /usr/bin/bash)
==1818447==    by 0x400679B: ??? (in /usr/bin/bash)
==1818447==    by 0x40035C1: main (in /usr/bin/bash)
==1818447== 
==1818447== 176 bytes in 1 blocks are still reachable in loss record 334 of 358
==1818447==    at 0x49A1B26: malloc (vg_replace_malloc.c:447)
==1818447==    by 0x40257E4: make_variable_value (in /usr/bin/bash)
==1818447==    by 0x4025DF4: ??? (in /usr/bin/bash)
==1818447==    by 0x409FF6C: set_bashopts (in /usr/bin/bash)
==1818447==    by 0x40067EE: ??? (in /usr/bin/bash)
==1818447==    by 0x40035C1: main (in /usr/bin/bash)
==1818447== 
==1818447== 220 bytes in 16 blocks are still reachable in loss record 335 of 358
==1818447==    at 0x49A1B26: malloc (vg_replace_malloc.c:447)
==1818447==    by 0x401F977: ??? (in /usr/bin/bash)
==1818447==    by 0x4024EAF: ??? (in /usr/bin/bash)
==1818447==    by 0x4025DE3: ??? (in /usr/bin/bash)
==1818447==    by 0x402A2E1: initialize_shell_variables (in /usr/bin/bash)
==1818447==    by 0x400679B: ??? (in /usr/bin/bash)
==1818447==    by 0x40035C1: main (in /usr/bin/bash)
==1818447== 
==1818447== 220 bytes in 16 blocks are still reachable in loss record 336 of 358
==1818447==    at 0x49A1B26: malloc (vg_replace_malloc.c:447)
==1818447==    by 0x4024ED0: ??? (in /usr/bin/bash)
==1818447==    by 0x4025DE3: ??? (in /usr/bin/bash)
==1818447==    by 0x402A2E1: initialize_shell_variables (in /usr/bin/bash)
==1818447==    by 0x400679B: ??? (in /usr/bin/bash)
==1818447==    by 0x40035C1: main (in /usr/bin/bash)
==1818447== 
==1818447== 224 bytes in 7 blocks are still reachable in loss record 337 of 358
==1818447==    at 0x49A1B26: malloc (vg_replace_malloc.c:447)
==1818447==    by 0x402898C: ??? (in /usr/bin/bash)
==1818447==    by 0x401BC3C: execute_command_internal (in /usr/bin/bash)
==1818447==    by 0x401E54D: execute_command (in /usr/bin/bash)
==1818447==    by 0x400FE57: reader_loop (in /usr/bin/bash)
==1818447==    by 0x40038C6: main (in /usr/bin/bash)
==1818447== 
==1818447== 224 bytes in 7 blocks are still reachable in loss record 338 of 358
==1818447==    at 0x49A1B26: malloc (vg_replace_malloc.c:447)
==1818447==    by 0x4028A02: ??? (in /usr/bin/bash)
==1818447==    by 0x401BC3C: execute_command_internal (in /usr/bin/bash)
==1818447==    by 0x401E54D: execute_command (in /usr/bin/bash)
==1818447==    by 0x400FE57: reader_loop (in /usr/bin/bash)
==1818447==    by 0x40038C6: main (in /usr/bin/bash)
==1818447== 
==1818447== 228 bytes in 1 blocks are still reachable in loss record 339 of 358
==1818447==    at 0x49A1B26: malloc (vg_replace_malloc.c:447)
==1818447==    by 0x4084BA7: ??? (in /usr/bin/bash)
==1818447==    by 0x4087AA1: parse_string (in /usr/bin/bash)
==1818447==    by 0x401026E: xparse_dolparen (in /usr/bin/bash)
==1818447==    by 0x40415C3: ??? (in /usr/bin/bash)
==1818447==    by 0x405566F: ??? (in /usr/bin/bash)
==1818447==    by 0x40442BC: expand_string_assignment (in /usr/bin/bash)
==1818447==    by 0x4046395: ??? (in /usr/bin/bash)
==1818447==    by 0x4046A0C: ??? (in /usr/bin/bash)
==1818447==    by 0x40E65FA: ??? (in /usr/bin/bash)
==1818447==    by 0x4058503: ??? (in /usr/bin/bash)
==1818447==    by 0x4027BF1: ??? (in /usr/bin/bash)
==1818447== 
==1818447== 228 bytes in 1 blocks are still reachable in loss record 340 of 358
==1818447==    at 0x49A1B26: malloc (vg_replace_malloc.c:447)
==1818447==    by 0x4084BA7: ??? (in /usr/bin/bash)
==1818447==    by 0x4087AA1: parse_string (in /usr/bin/bash)
==1818447==    by 0x401026E: xparse_dolparen (in /usr/bin/bash)
==1818447==    by 0x4053AED: ??? (in /usr/bin/bash)
==1818447==    by 0x405547E: ??? (in /usr/bin/bash)
==1818447==    by 0x405572D: ??? (in /usr/bin/bash)
==1818447==    by 0x40442BC: expand_string_assignment (in /usr/bin/bash)
==1818447==    by 0x4046395: ??? (in /usr/bin/bash)
==1818447==    by 0x4046A0C: ??? (in /usr/bin/bash)
==1818447==    by 0x40E65FA: ??? (in /usr/bin/bash)
==1818447==    by 0x4058503: ??? (in /usr/bin/bash)
==1818447== 
==1818447== 256 bytes in 1 blocks are still reachable in loss record 341 of 358
==1818447==    at 0x49A1B26: malloc (vg_replace_malloc.c:447)
==1818447==    by 0x4007B9B: ??? (in /usr/bin/bash)
==1818447==    by 0x40E7162: ??? (in /usr/bin/bash)
==1818447==    by 0x400BFEC: yyparse (in /usr/bin/bash)
==1818447==    by 0x400F99F: parse_command (in /usr/bin/bash)
==1818447==    by 0x400FB7B: read_command (in /usr/bin/bash)
==1818447==    by 0x400FDA5: reader_loop (in /usr/bin/bash)
==1818447==    by 0x40038C6: main (in /usr/bin/bash)
==1818447== 
==1818447== 304 bytes in 15 blocks are still reachable in loss record 342 of 358
==1818447==    at 0x49A1B26: malloc (vg_replace_malloc.c:447)
==1818447==    by 0x40257E4: make_variable_value (in /usr/bin/bash)
==1818447==    by 0x4025DF4: ??? (in /usr/bin/bash)
==1818447==    by 0x402A2E1: initialize_shell_variables (in /usr/bin/bash)
==1818447==    by 0x400679B: ??? (in /usr/bin/bash)
==1818447==    by 0x40035C1: main (in /usr/bin/bash)
==1818447== 
==1818447== 467 bytes in 1 blocks are still reachable in loss record 343 of 358
==1818447==    at 0x49A1B26: malloc (vg_replace_malloc.c:447)
==1818447==    by 0x405AA4A: fd_to_buffered_stream (in /usr/bin/bash)
==1818447==    by 0x405FB55: with_input_from_buffered_stream (in /usr/bin/bash)
==1818447==    by 0x4003F56: main (in /usr/bin/bash)
==1818447== 
==1818447== 496 bytes in 1 blocks are still reachable in loss record 344 of 358
==1818447==    at 0x49A1B26: malloc (vg_replace_malloc.c:447)
==1818447==    by 0x402F027: ??? (in /usr/bin/bash)
==1818447==    by 0x407A41C: ??? (in /usr/bin/bash)
==1818447==    by 0x407B459: set_locale_var (in /usr/bin/bash)
==1818447==    by 0x407B72A: set_default_lang (in /usr/bin/bash)
==1818447==    by 0x40035C6: main (in /usr/bin/bash)
==1818447== 
==1818447== 496 bytes in 1 blocks are still reachable in loss record 345 of 358
==1818447==    at 0x49A1B26: malloc (vg_replace_malloc.c:447)
==1818447==    by 0x40E9A79: ??? (in /usr/bin/bash)
==1818447==    by 0x400BFEC: yyparse (in /usr/bin/bash)
==1818447==    by 0x400F99F: parse_command (in /usr/bin/bash)
==1818447==    by 0x400FB7B: read_command (in /usr/bin/bash)
==1818447==    by 0x400FDA5: reader_loop (in /usr/bin/bash)
==1818447==    by 0x40038C6: main (in /usr/bin/bash)
==1818447== 
==1818447== 512 bytes in 16 blocks are still reachable in loss record 346 of 358
==1818447==    at 0x49A1B26: malloc (vg_replace_malloc.c:447)
==1818447==    by 0x4059D3D: hash_insert (in /usr/bin/bash)
==1818447==    by 0x4024EF6: ??? (in /usr/bin/bash)
==1818447==    by 0x4025DE3: ??? (in /usr/bin/bash)
==1818447==    by 0x402A2E1: initialize_shell_variables (in /usr/bin/bash)
==1818447==    by 0x400679B: ??? (in /usr/bin/bash)
==1818447==    by 0x40035C1: main (in /usr/bin/bash)
==1818447== 
==1818447== 525 bytes in 16 blocks are still reachable in loss record 347 of 358
==1818447==    at 0x49A1B26: malloc (vg_replace_malloc.c:447)
==1818447==    by 0x402A338: initialize_shell_variables (in /usr/bin/bash)
==1818447==    by 0x400679B: ??? (in /usr/bin/bash)
==1818447==    by 0x40035C1: main (in /usr/bin/bash)
==1818447== 
==1818447== 525 bytes in 16 blocks are still reachable in loss record 348 of 358
==1818447==    at 0x49A1B26: malloc (vg_replace_malloc.c:447)
==1818447==    by 0x402ECB7: ??? (in /usr/bin/bash)
==1818447==    by 0x402EF7E: ??? (in /usr/bin/bash)
==1818447==    by 0x407A41C: ??? (in /usr/bin/bash)
==1818447==    by 0x407B459: set_locale_var (in /usr/bin/bash)
==1818447==    by 0x407B72A: set_default_lang (in /usr/bin/bash)
==1818447==    by 0x40035C6: main (in /usr/bin/bash)
==1818447== 
==1818447== 768 bytes in 16 blocks are still reachable in loss record 349 of 358
==1818447==    at 0x49A1B26: malloc (vg_replace_malloc.c:447)
==1818447==    by 0x401F95B: ??? (in /usr/bin/bash)
==1818447==    by 0x4024EAF: ??? (in /usr/bin/bash)
==1818447==    by 0x4025DE3: ??? (in /usr/bin/bash)
==1818447==    by 0x402A2E1: initialize_shell_variables (in /usr/bin/bash)
==1818447==    by 0x400679B: ??? (in /usr/bin/bash)
==1818447==    by 0x40035C1: main (in /usr/bin/bash)
==1818447== 
==1818447== 1,024 bytes in 1 blocks are still reachable in loss record 350 of 358
==1818447==    at 0x49A1B26: malloc (vg_replace_malloc.c:447)
==1818447==    by 0x4012894: cmd_init (in /usr/bin/bash)
==1818447==    by 0x4003826: main (in /usr/bin/bash)
==1818447== 
==1818447== 1,024 bytes in 1 blocks are still reachable in loss record 351 of 358
==1818447==    at 0x49A1B26: malloc (vg_replace_malloc.c:447)
==1818447==    by 0x40128BB: cmd_init (in /usr/bin/bash)
==1818447==    by 0x4003826: main (in /usr/bin/bash)
==1818447== 
==1818447== 1,024 bytes in 1 blocks are still reachable in loss record 352 of 358
==1818447==    at 0x49A1B26: malloc (vg_replace_malloc.c:447)
==1818447==    by 0x405AF36: uwp_init (in /usr/bin/bash)
==1818447==    by 0x400382B: main (in /usr/bin/bash)
==1818447== 
==1818447== 2,200 bytes in 1 blocks are still reachable in loss record 353 of 358
==1818447==    at 0x49A1B26: malloc (vg_replace_malloc.c:447)
==1818447==    by 0x4059087: ??? (in /usr/bin/bash)
==1818447==    by 0x405AAD9: fd_to_buffered_stream (in /usr/bin/bash)
==1818447==    by 0x405FB55: with_input_from_buffered_stream (in /usr/bin/bash)
==1818447==    by 0x4003F56: main (in /usr/bin/bash)
==1818447== 
==1818447== 4,096 bytes in 1 blocks are still reachable in loss record 354 of 358
==1818447==    at 0x49A1B26: malloc (vg_replace_malloc.c:447)
==1818447==    by 0x4059669: hash_create (in /usr/bin/bash)
==1818447==    by 0x4022209: ??? (in /usr/bin/bash)
==1818447==    by 0x4029A05: initialize_shell_variables (in /usr/bin/bash)
==1818447==    by 0x400679B: ??? (in /usr/bin/bash)
==1818447==    by 0x40035C1: main (in /usr/bin/bash)
==1818447== 
==1818447== 4,096 bytes in 1 blocks are still reachable in loss record 355 of 358
==1818447==    at 0x49A1B26: malloc (vg_replace_malloc.c:447)
==1818447==    by 0x4059669: hash_create (in /usr/bin/bash)
==1818447==    by 0x4022224: ??? (in /usr/bin/bash)
==1818447==    by 0x4029A05: initialize_shell_variables (in /usr/bin/bash)
==1818447==    by 0x400679B: ??? (in /usr/bin/bash)
==1818447==    by 0x40035C1: main (in /usr/bin/bash)
==1818447== 
==1818447== 8,192 bytes in 1 blocks are still reachable in loss record 356 of 358
==1818447==    at 0x49A1B26: malloc (vg_replace_malloc.c:447)
==1818447==    by 0x4059669: hash_create (in /usr/bin/bash)
==1818447==    by 0x40221F0: ??? (in /usr/bin/bash)
==1818447==    by 0x4029A05: initialize_shell_variables (in /usr/bin/bash)
==1818447==    by 0x400679B: ??? (in /usr/bin/bash)
==1818447==    by 0x40035C1: main (in /usr/bin/bash)
==1818447== 
==1818447== 8,192 bytes in 1 blocks are still reachable in loss record 357 of 358
==1818447==    at 0x49A1B26: malloc (vg_replace_malloc.c:447)
==1818447==    by 0x4059669: hash_create (in /usr/bin/bash)
==1818447==    by 0x402A681: initialize_shell_variables (in /usr/bin/bash)
==1818447==    by 0x400679B: ??? (in /usr/bin/bash)
==1818447==    by 0x40035C1: main (in /usr/bin/bash)
==1818447== 
==1818447== 8,192 bytes in 1 blocks are still reachable in loss record 358 of 358
==1818447==    at 0x49A1B26: malloc (vg_replace_malloc.c:447)
==1818447==    by 0x4059669: hash_create (in /usr/bin/bash)
==1818447==    by 0x402A635: initialize_shell_variables (in /usr/bin/bash)
==1818447==    by 0x400679B: ??? (in /usr/bin/bash)
==1818447==    by 0x40035C1: main (in /usr/bin/bash)
==1818447== 
==1818447== LEAK SUMMARY:
==1818447==    definitely lost: 0 bytes in 0 blocks
==1818447==    indirectly lost: 0 bytes in 0 blocks
==1818447==      possibly lost: 0 bytes in 0 blocks
==1818447==    still reachable: 52,251 bytes in 498 blocks
==1818447==         suppressed: 0 bytes in 0 blocks
==1818447== 
==1818447== For lists of detected and suppressed errors, rerun with: -s
==1818447== ERROR SUMMARY: 3 errors from 3 contexts (suppressed: 0 from 0)
