==77865== Memcheck, a memory error detector
==77865== Copyright (C) 2002-2017, and GNU GPL'd, by Julian Seward et al.
==77865== Using Valgrind-3.18.1 and LibVEX; rerun with -h for copyright info
==77865== Command: ./webserv exemple.conf
==77865== Parent PID: 70776
==77865== 
==77865== 
==77865== Process terminating with default action of signal 2 (SIGINT)
==77865==    at 0x4CBFC17: poll (poll.c:29)
==77865==    by 0x40806B: EventLoop::run() (EventLoop.cpp:59)
==77865==    by 0x413EDC: main (main.cpp:176)
==77865== 
==77865== HEAP SUMMARY:
==77865==     in use at exit: 89,508 bytes in 175 blocks
==77865==   total heap usage: 832 allocs, 657 frees, 165,505 bytes allocated
==77865== 
==77865== 4 bytes in 1 blocks are still reachable in loss record 1 of 58
==77865==    at 0x4849013: operator new(unsigned long) (in /usr/libexec/valgrind/vgpreload_memcheck-amd64-linux.so)
==77865==    by 0x423907: allocate (new_allocator.h:137)
==77865==    by 0x423907: allocate (alloc_traits.h:133)
==77865==    by 0x423907: _M_allocate (stl_vector.h:378)
==77865==    by 0x423907: _M_allocate_and_copy<__gnu_cxx::__normal_iterator<const unsigned int *, std::vector<unsigned int> > > (stl_vector.h:1614)
==77865==    by 0x423907: std::vector<unsigned int, std::allocator<unsigned int> >::operator=(std::vector<unsigned int, std::allocator<unsigned int> > const&) (vector.tcc:232)
==77865==    by 0x41C7CC: ServerConfig::operator=(ServerConfig const&) (ServerConfig.cpp:34)
==77865==    by 0x41C911: ServerConfig::ServerConfig(ServerConfig const&) (ServerConfig.cpp:49)
==77865==    by 0x409C70: construct (new_allocator.h:187)
==77865==    by 0x409C70: construct<ServerConfig> (alloc_traits.h:145)
==77865==    by 0x409C70: std::vector<ServerConfig, std::allocator<ServerConfig> >::_M_realloc_insert(__gnu_cxx::__normal_iterator<ServerConfig*, std::vector<ServerConfig, std::allocator<ServerConfig> > >, ServerConfig const&) (vector.tcc:462)
==77865==    by 0x407B52: push_back (stl_vector.h:1287)
==77865==    by 0x407B52: EventLoop::EventLoop(std::vector<ServerConfig, std::allocator<ServerConfig> > const&) (EventLoop.cpp:27)
==77865==    by 0x413ED2: main (main.cpp:175)
==77865== 
==77865== 4 bytes in 1 blocks are still reachable in loss record 2 of 58
==77865==    at 0x4849013: operator new(unsigned long) (in /usr/libexec/valgrind/vgpreload_memcheck-amd64-linux.so)
==77865==    by 0x423907: allocate (new_allocator.h:137)
==77865==    by 0x423907: allocate (alloc_traits.h:133)
==77865==    by 0x423907: _M_allocate (stl_vector.h:378)
==77865==    by 0x423907: _M_allocate_and_copy<__gnu_cxx::__normal_iterator<const unsigned int *, std::vector<unsigned int> > > (stl_vector.h:1614)
==77865==    by 0x423907: std::vector<unsigned int, std::allocator<unsigned int> >::operator=(std::vector<unsigned int, std::allocator<unsigned int> > const&) (vector.tcc:232)
==77865==    by 0x41C7CC: ServerConfig::operator=(ServerConfig const&) (ServerConfig.cpp:34)
==77865==    by 0x41C911: ServerConfig::ServerConfig(ServerConfig const&) (ServerConfig.cpp:49)
==77865==    by 0x409C8C: _Construct<ServerConfig, ServerConfig> (stl_construct.h:128)
==77865==    by 0x409C8C: __do_uninit_copy<ServerConfig *, ServerConfig *> (stl_uninitialized.h:120)
==77865==    by 0x409C8C: __uninit_copy<ServerConfig *, ServerConfig *> (stl_uninitialized.h:137)
==77865==    by 0x409C8C: uninitialized_copy<ServerConfig *, ServerConfig *> (stl_uninitialized.h:184)
==77865==    by 0x409C8C: __uninitialized_copy_a<ServerConfig *, ServerConfig *, ServerConfig> (stl_uninitialized.h:372)
==77865==    by 0x409C8C: __uninitialized_move_if_noexcept_a<ServerConfig *, ServerConfig *, std::allocator<ServerConfig> > (stl_uninitialized.h:396)
==77865==    by 0x409C8C: std::vector<ServerConfig, std::allocator<ServerConfig> >::_M_realloc_insert(__gnu_cxx::__normal_iterator<ServerConfig*, std::vector<ServerConfig, std::allocator<ServerConfig> > >, ServerConfig const&) (vector.tcc:486)
==77865==    by 0x407B52: push_back (stl_vector.h:1287)
==77865==    by 0x407B52: EventLoop::EventLoop(std::vector<ServerConfig, std::allocator<ServerConfig> > const&) (EventLoop.cpp:27)
==77865==    by 0x413ED2: main (main.cpp:175)
==77865== 
==77865== 16 bytes in 4 blocks are still reachable in loss record 3 of 58
==77865==    at 0x4849013: operator new(unsigned long) (in /usr/libexec/valgrind/vgpreload_memcheck-amd64-linux.so)
==77865==    by 0x423907: allocate (new_allocator.h:137)
==77865==    by 0x423907: allocate (alloc_traits.h:133)
==77865==    by 0x423907: _M_allocate (stl_vector.h:378)
==77865==    by 0x423907: _M_allocate_and_copy<__gnu_cxx::__normal_iterator<const unsigned int *, std::vector<unsigned int> > > (stl_vector.h:1614)
==77865==    by 0x423907: std::vector<unsigned int, std::allocator<unsigned int> >::operator=(std::vector<unsigned int, std::allocator<unsigned int> > const&) (vector.tcc:232)
==77865==    by 0x41C7CC: ServerConfig::operator=(ServerConfig const&) (ServerConfig.cpp:34)
==77865==    by 0x41C911: ServerConfig::ServerConfig(ServerConfig const&) (ServerConfig.cpp:49)
==77865==    by 0x409C70: construct (new_allocator.h:187)
==77865==    by 0x409C70: construct<ServerConfig> (alloc_traits.h:145)
==77865==    by 0x409C70: std::vector<ServerConfig, std::allocator<ServerConfig> >::_M_realloc_insert(__gnu_cxx::__normal_iterator<ServerConfig*, std::vector<ServerConfig, std::allocator<ServerConfig> > >, ServerConfig const&) (vector.tcc:462)
==77865==    by 0x407AA7: push_back (stl_vector.h:1287)
==77865==    by 0x407AA7: EventLoop::EventLoop(std::vector<ServerConfig, std::allocator<ServerConfig> > const&) (EventLoop.cpp:40)
==77865==    by 0x413ED2: main (main.cpp:175)
==77865== 
==77865== 17 bytes in 1 blocks are still reachable in loss record 4 of 58
==77865==    at 0x4849013: operator new(unsigned long) (in /usr/libexec/valgrind/vgpreload_memcheck-amd64-linux.so)
==77865==    by 0x41BEF6: _M_construct<char *> (basic_string.tcc:225)
==77865==    by 0x41BEF6: basic_string (basic_string.h:552)
==77865==    by 0x41BEF6: LocationConfig::LocationConfig(LocationConfig const&) (LocationConfig.hpp:51)
==77865==    by 0x42406C: _Construct<LocationConfig, LocationConfig> (stl_construct.h:128)
==77865==    by 0x42406C: __do_uninit_copy<__gnu_cxx::__normal_iterator<const LocationConfig *, std::vector<LocationConfig> >, LocationConfig *> (stl_uninitialized.h:120)
==77865==    by 0x42406C: __uninit_copy<__gnu_cxx::__normal_iterator<const LocationConfig *, std::vector<LocationConfig> >, LocationConfig *> (stl_uninitialized.h:137)
==77865==    by 0x42406C: uninitialized_copy<__gnu_cxx::__normal_iterator<const LocationConfig *, std::vector<LocationConfig> >, LocationConfig *> (stl_uninitialized.h:184)
==77865==    by 0x42406C: __uninitialized_copy_a<__gnu_cxx::__normal_iterator<const LocationConfig *, std::vector<LocationConfig> >, LocationConfig *, LocationConfig> (stl_uninitialized.h:372)
==77865==    by 0x42406C: LocationConfig* std::vector<LocationConfig, std::allocator<LocationConfig> >::_M_allocate_and_copy<__gnu_cxx::__normal_iterator<LocationConfig const*, std::vector<LocationConfig, std::allocator<LocationConfig> > > >(unsigned long, __gnu_cxx::__normal_iterator<LocationConfig const*, std::vector<LocationConfig, std::allocator<LocationConfig> > >, __gnu_cxx::__normal_iterator<LocationConfig const*, std::vector<LocationConfig, std::allocator<LocationConfig> > >) (stl_vector.h:1617)
==77865==    by 0x423A2D: std::vector<LocationConfig, std::allocator<LocationConfig> >::operator=(std::vector<LocationConfig, std::allocator<LocationConfig> > const&) (vector.tcc:232)
==77865==    by 0x41C82D: ServerConfig::operator=(ServerConfig const&) (ServerConfig.cpp:40)
==77865==    by 0x41C911: ServerConfig::ServerConfig(ServerConfig const&) (ServerConfig.cpp:49)
==77865==    by 0x409C8C: _Construct<ServerConfig, ServerConfig> (stl_construct.h:128)
==77865==    by 0x409C8C: __do_uninit_copy<ServerConfig *, ServerConfig *> (stl_uninitialized.h:120)
==77865==    by 0x409C8C: __uninit_copy<ServerConfig *, ServerConfig *> (stl_uninitialized.h:137)
==77865==    by 0x409C8C: uninitialized_copy<ServerConfig *, ServerConfig *> (stl_uninitialized.h:184)
==77865==    by 0x409C8C: __uninitialized_copy_a<ServerConfig *, ServerConfig *, ServerConfig> (stl_uninitialized.h:372)
==77865==    by 0x409C8C: __uninitialized_move_if_noexcept_a<ServerConfig *, ServerConfig *, std::allocator<ServerConfig> > (stl_uninitialized.h:396)
==77865==    by 0x409C8C: std::vector<ServerConfig, std::allocator<ServerConfig> >::_M_realloc_insert(__gnu_cxx::__normal_iterator<ServerConfig*, std::vector<ServerConfig, std::allocator<ServerConfig> > >, ServerConfig const&) (vector.tcc:486)
==77865==    by 0x407B52: push_back (stl_vector.h:1287)
==77865==    by 0x407B52: EventLoop::EventLoop(std::vector<ServerConfig, std::allocator<ServerConfig> > const&) (EventLoop.cpp:27)
==77865==    by 0x413ED2: main (main.cpp:175)
==77865== 
==77865== 19 bytes in 1 blocks are still reachable in loss record 5 of 58
==77865==    at 0x4849013: operator new(unsigned long) (in /usr/libexec/valgrind/vgpreload_memcheck-amd64-linux.so)
==77865==    by 0x41BEF6: _M_construct<char *> (basic_string.tcc:225)
==77865==    by 0x41BEF6: basic_string (basic_string.h:552)
==77865==    by 0x41BEF6: LocationConfig::LocationConfig(LocationConfig const&) (LocationConfig.hpp:51)
==77865==    by 0x42406C: _Construct<LocationConfig, LocationConfig> (stl_construct.h:128)
==77865==    by 0x42406C: __do_uninit_copy<__gnu_cxx::__normal_iterator<const LocationConfig *, std::vector<LocationConfig> >, LocationConfig *> (stl_uninitialized.h:120)
==77865==    by 0x42406C: __uninit_copy<__gnu_cxx::__normal_iterator<const LocationConfig *, std::vector<LocationConfig> >, LocationConfig *> (stl_uninitialized.h:137)
==77865==    by 0x42406C: uninitialized_copy<__gnu_cxx::__normal_iterator<const LocationConfig *, std::vector<LocationConfig> >, LocationConfig *> (stl_uninitialized.h:184)
==77865==    by 0x42406C: __uninitialized_copy_a<__gnu_cxx::__normal_iterator<const LocationConfig *, std::vector<LocationConfig> >, LocationConfig *, LocationConfig> (stl_uninitialized.h:372)
==77865==    by 0x42406C: LocationConfig* std::vector<LocationConfig, std::allocator<LocationConfig> >::_M_allocate_and_copy<__gnu_cxx::__normal_iterator<LocationConfig const*, std::vector<LocationConfig, std::allocator<LocationConfig> > > >(unsigned long, __gnu_cxx::__normal_iterator<LocationConfig const*, std::vector<LocationConfig, std::allocator<LocationConfig> > >, __gnu_cxx::__normal_iterator<LocationConfig const*, std::vector<LocationConfig, std::allocator<LocationConfig> > >) (stl_vector.h:1617)
==77865==    by 0x423A2D: std::vector<LocationConfig, std::allocator<LocationConfig> >::operator=(std::vector<LocationConfig, std::allocator<LocationConfig> > const&) (vector.tcc:232)
==77865==    by 0x41C82D: ServerConfig::operator=(ServerConfig const&) (ServerConfig.cpp:40)
==77865==    by 0x41C911: ServerConfig::ServerConfig(ServerConfig const&) (ServerConfig.cpp:49)
==77865==    by 0x409C70: construct (new_allocator.h:187)
==77865==    by 0x409C70: construct<ServerConfig> (alloc_traits.h:145)
==77865==    by 0x409C70: std::vector<ServerConfig, std::allocator<ServerConfig> >::_M_realloc_insert(__gnu_cxx::__normal_iterator<ServerConfig*, std::vector<ServerConfig, std::allocator<ServerConfig> > >, ServerConfig const&) (vector.tcc:462)
==77865==    by 0x407B52: push_back (stl_vector.h:1287)
==77865==    by 0x407B52: EventLoop::EventLoop(std::vector<ServerConfig, std::allocator<ServerConfig> > const&) (EventLoop.cpp:27)
==77865==    by 0x413ED2: main (main.cpp:175)
==77865== 
==77865== 24 bytes in 6 blocks are still reachable in loss record 6 of 58
==77865==    at 0x4849013: operator new(unsigned long) (in /usr/libexec/valgrind/vgpreload_memcheck-amd64-linux.so)
==77865==    by 0x423907: allocate (new_allocator.h:137)
==77865==    by 0x423907: allocate (alloc_traits.h:133)
==77865==    by 0x423907: _M_allocate (stl_vector.h:378)
==77865==    by 0x423907: _M_allocate_and_copy<__gnu_cxx::__normal_iterator<const unsigned int *, std::vector<unsigned int> > > (stl_vector.h:1614)
==77865==    by 0x423907: std::vector<unsigned int, std::allocator<unsigned int> >::operator=(std::vector<unsigned int, std::allocator<unsigned int> > const&) (vector.tcc:232)
==77865==    by 0x41C7CC: ServerConfig::operator=(ServerConfig const&) (ServerConfig.cpp:34)
==77865==    by 0x41C911: ServerConfig::ServerConfig(ServerConfig const&) (ServerConfig.cpp:49)
==77865==    by 0x40A2EC: _Construct<ServerConfig, ServerConfig> (stl_construct.h:128)
==77865==    by 0x40A2EC: __do_uninit_copy<__gnu_cxx::__normal_iterator<const ServerConfig *, std::vector<ServerConfig> >, ServerConfig *> (stl_uninitialized.h:120)
==77865==    by 0x40A2EC: __uninit_copy<__gnu_cxx::__normal_iterator<const ServerConfig *, std::vector<ServerConfig> >, ServerConfig *> (stl_uninitialized.h:137)
==77865==    by 0x40A2EC: uninitialized_copy<__gnu_cxx::__normal_iterator<const ServerConfig *, std::vector<ServerConfig> >, ServerConfig *> (stl_uninitialized.h:184)
==77865==    by 0x40A2EC: __uninitialized_copy_a<__gnu_cxx::__normal_iterator<const ServerConfig *, std::vector<ServerConfig> >, ServerConfig *, ServerConfig> (stl_uninitialized.h:372)
==77865==    by 0x40A2EC: ServerConfig* std::vector<ServerConfig, std::allocator<ServerConfig> >::_M_allocate_and_copy<__gnu_cxx::__normal_iterator<ServerConfig const*, std::vector<ServerConfig, std::allocator<ServerConfig> > > >(unsigned long, __gnu_cxx::__normal_iterator<ServerConfig const*, std::vector<ServerConfig, std::allocator<ServerConfig> > >, __gnu_cxx::__normal_iterator<ServerConfig const*, std::vector<ServerConfig, std::allocator<ServerConfig> > >) (stl_vector.h:1617)
==77865==    by 0x4091EF: std::vector<ServerConfig, std::allocator<ServerConfig> >::operator=(std::vector<ServerConfig, std::allocator<ServerConfig> > const&) (vector.tcc:232)
==77865==    by 0x413E84: main (main.cpp:174)
==77865== 
==77865== 31 bytes in 1 blocks are still reachable in loss record 7 of 58
==77865==    at 0x4849013: operator new(unsigned long) (in /usr/libexec/valgrind/vgpreload_memcheck-amd64-linux.so)
==77865==    by 0x49BFFEE: std::__cxx11::basic_string<char, std::char_traits<char>, std::allocator<char> >::_M_assign(std::__cxx11::basic_string<char, std::char_traits<char>, std::allocator<char> > const&) (in /usr/lib/x86_64-linux-gnu/libstdc++.so.6.0.30)
==77865==    by 0x41C7E6: assign (basic_string.h:1579)
==77865==    by 0x41C7E6: operator= (basic_string.h:813)
==77865==    by 0x41C7E6: ServerConfig::operator=(ServerConfig const&) (ServerConfig.cpp:36)
==77865==    by 0x41C911: ServerConfig::ServerConfig(ServerConfig const&) (ServerConfig.cpp:49)
==77865==    by 0x409C70: construct (new_allocator.h:187)
==77865==    by 0x409C70: construct<ServerConfig> (alloc_traits.h:145)
==77865==    by 0x409C70: std::vector<ServerConfig, std::allocator<ServerConfig> >::_M_realloc_insert(__gnu_cxx::__normal_iterator<ServerConfig*, std::vector<ServerConfig, std::allocator<ServerConfig> > >, ServerConfig const&) (vector.tcc:462)
==77865==    by 0x407AA7: push_back (stl_vector.h:1287)
==77865==    by 0x407AA7: EventLoop::EventLoop(std::vector<ServerConfig, std::allocator<ServerConfig> > const&) (EventLoop.cpp:40)
==77865==    by 0x413ED2: main (main.cpp:175)
==77865== 
==77865== 31 bytes in 1 blocks are still reachable in loss record 8 of 58
==77865==    at 0x4849013: operator new(unsigned long) (in /usr/libexec/valgrind/vgpreload_memcheck-amd64-linux.so)
==77865==    by 0x49BFFEE: std::__cxx11::basic_string<char, std::char_traits<char>, std::allocator<char> >::_M_assign(std::__cxx11::basic_string<char, std::char_traits<char>, std::allocator<char> > const&) (in /usr/lib/x86_64-linux-gnu/libstdc++.so.6.0.30)
==77865==    by 0x41C7E6: assign (basic_string.h:1579)
==77865==    by 0x41C7E6: operator= (basic_string.h:813)
==77865==    by 0x41C7E6: ServerConfig::operator=(ServerConfig const&) (ServerConfig.cpp:36)
==77865==    by 0x41C911: ServerConfig::ServerConfig(ServerConfig const&) (ServerConfig.cpp:49)
==77865==    by 0x409C70: construct (new_allocator.h:187)
==77865==    by 0x409C70: construct<ServerConfig> (alloc_traits.h:145)
==77865==    by 0x409C70: std::vector<ServerConfig, std::allocator<ServerConfig> >::_M_realloc_insert(__gnu_cxx::__normal_iterator<ServerConfig*, std::vector<ServerConfig, std::allocator<ServerConfig> > >, ServerConfig const&) (vector.tcc:462)
==77865==    by 0x407B52: push_back (stl_vector.h:1287)
==77865==    by 0x407B52: EventLoop::EventLoop(std::vector<ServerConfig, std::allocator<ServerConfig> > const&) (EventLoop.cpp:27)
==77865==    by 0x413ED2: main (main.cpp:175)
==77865== 
==77865== 31 bytes in 1 blocks are still reachable in loss record 9 of 58
==77865==    at 0x4849013: operator new(unsigned long) (in /usr/libexec/valgrind/vgpreload_memcheck-amd64-linux.so)
==77865==    by 0x49BFFEE: std::__cxx11::basic_string<char, std::char_traits<char>, std::allocator<char> >::_M_assign(std::__cxx11::basic_string<char, std::char_traits<char>, std::allocator<char> > const&) (in /usr/lib/x86_64-linux-gnu/libstdc++.so.6.0.30)
==77865==    by 0x41C7E6: assign (basic_string.h:1579)
==77865==    by 0x41C7E6: operator= (basic_string.h:813)
==77865==    by 0x41C7E6: ServerConfig::operator=(ServerConfig const&) (ServerConfig.cpp:36)
==77865==    by 0x41C911: ServerConfig::ServerConfig(ServerConfig const&) (ServerConfig.cpp:49)
==77865==    by 0x409C8C: _Construct<ServerConfig, ServerConfig> (stl_construct.h:128)
==77865==    by 0x409C8C: __do_uninit_copy<ServerConfig *, ServerConfig *> (stl_uninitialized.h:120)
==77865==    by 0x409C8C: __uninit_copy<ServerConfig *, ServerConfig *> (stl_uninitialized.h:137)
==77865==    by 0x409C8C: uninitialized_copy<ServerConfig *, ServerConfig *> (stl_uninitialized.h:184)
==77865==    by 0x409C8C: __uninitialized_copy_a<ServerConfig *, ServerConfig *, ServerConfig> (stl_uninitialized.h:372)
==77865==    by 0x409C8C: __uninitialized_move_if_noexcept_a<ServerConfig *, ServerConfig *, std::allocator<ServerConfig> > (stl_uninitialized.h:396)
==77865==    by 0x409C8C: std::vector<ServerConfig, std::allocator<ServerConfig> >::_M_realloc_insert(__gnu_cxx::__normal_iterator<ServerConfig*, std::vector<ServerConfig, std::allocator<ServerConfig> > >, ServerConfig const&) (vector.tcc:486)
==77865==    by 0x407B52: push_back (stl_vector.h:1287)
==77865==    by 0x407B52: EventLoop::EventLoop(std::vector<ServerConfig, std::allocator<ServerConfig> > const&) (EventLoop.cpp:27)
==77865==    by 0x413ED2: main (main.cpp:175)
==77865== 
==77865== 32 bytes in 1 blocks are still reachable in loss record 10 of 58
==77865==    at 0x4849013: operator new(unsigned long) (in /usr/libexec/valgrind/vgpreload_memcheck-amd64-linux.so)
==77865==    by 0x4138B4: allocate (new_allocator.h:137)
==77865==    by 0x4138B4: allocate (alloc_traits.h:133)
==77865==    by 0x4138B4: _M_allocate (stl_vector.h:378)
==77865==    by 0x4138B4: std::__cxx11::basic_string<char, std::char_traits<char>, std::allocator<char> >* std::vector<std::__cxx11::basic_string<char, std::char_traits<char>, std::allocator<char> >, std::allocator<std::__cxx11::basic_string<char, std::char_traits<char>, std::allocator<char> > > >::_M_allocate_and_copy<__gnu_cxx::__normal_iterator<std::__cxx11::basic_string<char, std::char_traits<char>, std::allocator<char> > const*, std::vector<std::__cxx11::basic_string<char, std::char_traits<char>, std::allocator<char> >, std::allocator<std::__cxx11::basic_string<char, std::char_traits<char>, std::allocator<char> > > > > >(unsigned long, __gnu_cxx::__normal_iterator<std::__cxx11::basic_string<char, std::char_traits<char>, std::allocator<char> > const*, std::vector<std::__cxx11::basic_string<char, std::char_traits<char>, std::allocator<char> >, std::allocator<std::__cxx11::basic_string<char, std::char_traits<char>, std::allocator<char> > > > >, __gnu_cxx::__normal_iterator<std::__cxx11::basic_string<char, std::char_traits<char>, std::allocator<char> > const*, std::vector<std::__cxx11::basic_string<char, std::char_traits<char>, std::allocator<char> >, std::allocator<std::__cxx11::basic_string<char, std::char_traits<char>, std::allocator<char> > > > >) (stl_vector.h:1614)
==77865==    by 0x413254: std::vector<std::__cxx11::basic_string<char, std::char_traits<char>, std::allocator<char> >, std::allocator<std::__cxx11::basic_string<char, std::char_traits<char>, std::allocator<char> > > >::operator=(std::vector<std::__cxx11::basic_string<char, std::char_traits<char>, std::allocator<char> >, std::allocator<std::__cxx11::basic_string<char, std::char_traits<char>, std::allocator<char> > > > const&) (vector.tcc:232)
==77865==    by 0x41C7BF: ServerConfig::operator=(ServerConfig const&) (ServerConfig.cpp:33)
==77865==    by 0x41C911: ServerConfig::ServerConfig(ServerConfig const&) (ServerConfig.cpp:49)
==77865==    by 0x409C70: construct (new_allocator.h:187)
==77865==    by 0x409C70: construct<ServerConfig> (alloc_traits.h:145)
==77865==    by 0x409C70: std::vector<ServerConfig, std::allocator<ServerConfig> >::_M_realloc_insert(__gnu_cxx::__normal_iterator<ServerConfig*, std::vector<ServerConfig, std::allocator<ServerConfig> > >, ServerConfig const&) (vector.tcc:462)
==77865==    by 0x407B52: push_back (stl_vector.h:1287)
==77865==    by 0x407B52: EventLoop::EventLoop(std::vector<ServerConfig, std::allocator<ServerConfig> > const&) (EventLoop.cpp:27)
==77865==    by 0x413ED2: main (main.cpp:175)
==77865== 
==77865== 32 bytes in 1 blocks are still reachable in loss record 11 of 58
==77865==    at 0x4849013: operator new(unsigned long) (in /usr/libexec/valgrind/vgpreload_memcheck-amd64-linux.so)
==77865==    by 0x4138B4: allocate (new_allocator.h:137)
==77865==    by 0x4138B4: allocate (alloc_traits.h:133)
==77865==    by 0x4138B4: _M_allocate (stl_vector.h:378)
==77865==    by 0x4138B4: std::__cxx11::basic_string<char, std::char_traits<char>, std::allocator<char> >* std::vector<std::__cxx11::basic_string<char, std::char_traits<char>, std::allocator<char> >, std::allocator<std::__cxx11::basic_string<char, std::char_traits<char>, std::allocator<char> > > >::_M_allocate_and_copy<__gnu_cxx::__normal_iterator<std::__cxx11::basic_string<char, std::char_traits<char>, std::allocator<char> > const*, std::vector<std::__cxx11::basic_string<char, std::char_traits<char>, std::allocator<char> >, std::allocator<std::__cxx11::basic_string<char, std::char_traits<char>, std::allocator<char> > > > > >(unsigned long, __gnu_cxx::__normal_iterator<std::__cxx11::basic_string<char, std::char_traits<char>, std::allocator<char> > const*, std::vector<std::__cxx11::basic_string<char, std::char_traits<char>, std::allocator<char> >, std::allocator<std::__cxx11::basic_string<char, std::char_traits<char>, std::allocator<char> > > > >, __gnu_cxx::__normal_iterator<std::__cxx11::basic_string<char, std::char_traits<char>, std::allocator<char> > const*, std::vector<std::__cxx11::basic_string<char, std::char_traits<char>, std::allocator<char> >, std::allocator<std::__cxx11::basic_string<char, std::char_traits<char>, std::allocator<char> > > > >) (stl_vector.h:1614)
==77865==    by 0x413254: std::vector<std::__cxx11::basic_string<char, std::char_traits<char>, std::allocator<char> >, std::allocator<std::__cxx11::basic_string<char, std::char_traits<char>, std::allocator<char> > > >::operator=(std::vector<std::__cxx11::basic_string<char, std::char_traits<char>, std::allocator<char> >, std::allocator<std::__cxx11::basic_string<char, std::char_traits<char>, std::allocator<char> > > > const&) (vector.tcc:232)
==77865==    by 0x41C7D9: ServerConfig::operator=(ServerConfig const&) (ServerConfig.cpp:35)
==77865==    by 0x41C911: ServerConfig::ServerConfig(ServerConfig const&) (ServerConfig.cpp:49)
==77865==    by 0x409C70: construct (new_allocator.h:187)
==77865==    by 0x409C70: construct<ServerConfig> (alloc_traits.h:145)
==77865==    by 0x409C70: std::vector<ServerConfig, std::allocator<ServerConfig> >::_M_realloc_insert(__gnu_cxx::__normal_iterator<ServerConfig*, std::vector<ServerConfig, std::allocator<ServerConfig> > >, ServerConfig const&) (vector.tcc:462)
==77865==    by 0x407B52: push_back (stl_vector.h:1287)
==77865==    by 0x407B52: EventLoop::EventLoop(std::vector<ServerConfig, std::allocator<ServerConfig> > const&) (EventLoop.cpp:27)
==77865==    by 0x413ED2: main (main.cpp:175)
==77865== 
==77865== 32 bytes in 1 blocks are still reachable in loss record 12 of 58
==77865==    at 0x4849013: operator new(unsigned long) (in /usr/libexec/valgrind/vgpreload_memcheck-amd64-linux.so)
==77865==    by 0x4138B4: allocate (new_allocator.h:137)
==77865==    by 0x4138B4: allocate (alloc_traits.h:133)
==77865==    by 0x4138B4: _M_allocate (stl_vector.h:378)
==77865==    by 0x4138B4: std::__cxx11::basic_string<char, std::char_traits<char>, std::allocator<char> >* std::vector<std::__cxx11::basic_string<char, std::char_traits<char>, std::allocator<char> >, std::allocator<std::__cxx11::basic_string<char, std::char_traits<char>, std::allocator<char> > > >::_M_allocate_and_copy<__gnu_cxx::__normal_iterator<std::__cxx11::basic_string<char, std::char_traits<char>, std::allocator<char> > const*, std::vector<std::__cxx11::basic_string<char, std::char_traits<char>, std::allocator<char> >, std::allocator<std::__cxx11::basic_string<char, std::char_traits<char>, std::allocator<char> > > > > >(unsigned long, __gnu_cxx::__normal_iterator<std::__cxx11::basic_string<char, std::char_traits<char>, std::allocator<char> > const*, std::vector<std::__cxx11::basic_string<char, std::char_traits<char>, std::allocator<char> >, std::allocator<std::__cxx11::basic_string<char, std::char_traits<char>, std::allocator<char> > > > >, __gnu_cxx::__normal_iterator<std::__cxx11::basic_string<char, std::char_traits<char>, std::allocator<char> > const*, std::vector<std::__cxx11::basic_string<char, std::char_traits<char>, std::allocator<char> >, std::allocator<std::__cxx11::basic_string<char, std::char_traits<char>, std::allocator<char> > > > >) (stl_vector.h:1614)
==77865==    by 0x413254: std::vector<std::__cxx11::basic_string<char, std::char_traits<char>, std::allocator<char> >, std::allocator<std::__cxx11::basic_string<char, std::char_traits<char>, std::allocator<char> > > >::operator=(std::vector<std::__cxx11::basic_string<char, std::char_traits<char>, std::allocator<char> >, std::allocator<std::__cxx11::basic_string<char, std::char_traits<char>, std::allocator<char> > > > const&) (vector.tcc:232)
==77865==    by 0x41C7F9: ServerConfig::operator=(ServerConfig const&) (ServerConfig.cpp:37)
==77865==    by 0x41C911: ServerConfig::ServerConfig(ServerConfig const&) (ServerConfig.cpp:49)
==77865==    by 0x409C70: construct (new_allocator.h:187)
==77865==    by 0x409C70: construct<ServerConfig> (alloc_traits.h:145)
==77865==    by 0x409C70: std::vector<ServerConfig, std::allocator<ServerConfig> >::_M_realloc_insert(__gnu_cxx::__normal_iterator<ServerConfig*, std::vector<ServerConfig, std::allocator<ServerConfig> > >, ServerConfig const&) (vector.tcc:462)
==77865==    by 0x407B52: push_back (stl_vector.h:1287)
==77865==    by 0x407B52: EventLoop::EventLoop(std::vector<ServerConfig, std::allocator<ServerConfig> > const&) (EventLoop.cpp:27)
==77865==    by 0x413ED2: main (main.cpp:175)
==77865== 
==77865== 32 bytes in 1 blocks are still reachable in loss record 13 of 58
==77865==    at 0x4849013: operator new(unsigned long) (in /usr/libexec/valgrind/vgpreload_memcheck-amd64-linux.so)
==77865==    by 0x41BFF1: allocate (new_allocator.h:137)
==77865==    by 0x41BFF1: allocate (alloc_traits.h:133)
==77865==    by 0x41BFF1: _M_allocate (stl_vector.h:378)
==77865==    by 0x41BFF1: _M_create_storage (stl_vector.h:395)
==77865==    by 0x41BFF1: _Vector_base (stl_vector.h:332)
==77865==    by 0x41BFF1: vector (stl_vector.h:597)
==77865==    by 0x41BFF1: LocationConfig::LocationConfig(LocationConfig const&) (LocationConfig.hpp:53)
==77865==    by 0x42406C: _Construct<LocationConfig, LocationConfig> (stl_construct.h:128)
==77865==    by 0x42406C: __do_uninit_copy<__gnu_cxx::__normal_iterator<const LocationConfig *, std::vector<LocationConfig> >, LocationConfig *> (stl_uninitialized.h:120)
==77865==    by 0x42406C: __uninit_copy<__gnu_cxx::__normal_iterator<const LocationConfig *, std::vector<LocationConfig> >, LocationConfig *> (stl_uninitialized.h:137)
==77865==    by 0x42406C: uninitialized_copy<__gnu_cxx::__normal_iterator<const LocationConfig *, std::vector<LocationConfig> >, LocationConfig *> (stl_uninitialized.h:184)
==77865==    by 0x42406C: __uninitialized_copy_a<__gnu_cxx::__normal_iterator<const LocationConfig *, std::vector<LocationConfig> >, LocationConfig *, LocationConfig> (stl_uninitialized.h:372)
==77865==    by 0x42406C: LocationConfig* std::vector<LocationConfig, std::allocator<LocationConfig> >::_M_allocate_and_copy<__gnu_cxx::__normal_iterator<LocationConfig const*, std::vector<LocationConfig, std::allocator<LocationConfig> > > >(unsigned long, __gnu_cxx::__normal_iterator<LocationConfig const*, std::vector<LocationConfig, std::allocator<LocationConfig> > >, __gnu_cxx::__normal_iterator<LocationConfig const*, std::vector<LocationConfig, std::allocator<LocationConfig> > >) (stl_vector.h:1617)
==77865==    by 0x423A2D: std::vector<LocationConfig, std::allocator<LocationConfig> >::operator=(std::vector<LocationConfig, std::allocator<LocationConfig> > const&) (vector.tcc:232)
==77865==    by 0x41C82D: ServerConfig::operator=(ServerConfig const&) (ServerConfig.cpp:40)
==77865==    by 0x41C911: ServerConfig::ServerConfig(ServerConfig const&) (ServerConfig.cpp:49)
==77865==    by 0x409C70: construct (new_allocator.h:187)
==77865==    by 0x409C70: construct<ServerConfig> (alloc_traits.h:145)
==77865==    by 0x409C70: std::vector<ServerConfig, std::allocator<ServerConfig> >::_M_realloc_insert(__gnu_cxx::__normal_iterator<ServerConfig*, std::vector<ServerConfig, std::allocator<ServerConfig> > >, ServerConfig const&) (vector.tcc:462)
==77865==    by 0x407B52: push_back (stl_vector.h:1287)
==77865==    by 0x407B52: EventLoop::EventLoop(std::vector<ServerConfig, std::allocator<ServerConfig> > const&) (EventLoop.cpp:27)
==77865==    by 0x413ED2: main (main.cpp:175)
==77865== 
==77865== 32 bytes in 1 blocks are still reachable in loss record 14 of 58
==77865==    at 0x4849013: operator new(unsigned long) (in /usr/libexec/valgrind/vgpreload_memcheck-amd64-linux.so)
==77865==    by 0x4138B4: allocate (new_allocator.h:137)
==77865==    by 0x4138B4: allocate (alloc_traits.h:133)
==77865==    by 0x4138B4: _M_allocate (stl_vector.h:378)
==77865==    by 0x4138B4: std::__cxx11::basic_string<char, std::char_traits<char>, std::allocator<char> >* std::vector<std::__cxx11::basic_string<char, std::char_traits<char>, std::allocator<char> >, std::allocator<std::__cxx11::basic_string<char, std::char_traits<char>, std::allocator<char> > > >::_M_allocate_and_copy<__gnu_cxx::__normal_iterator<std::__cxx11::basic_string<char, std::char_traits<char>, std::allocator<char> > const*, std::vector<std::__cxx11::basic_string<char, std::char_traits<char>, std::allocator<char> >, std::allocator<std::__cxx11::basic_string<char, std::char_traits<char>, std::allocator<char> > > > > >(unsigned long, __gnu_cxx::__normal_iterator<std::__cxx11::basic_string<char, std::char_traits<char>, std::allocator<char> > const*, std::vector<std::__cxx11::basic_string<char, std::char_traits<char>, std::allocator<char> >, std::allocator<std::__cxx11::basic_string<char, std::char_traits<char>, std::allocator<char> > > > >, __gnu_cxx::__normal_iterator<std::__cxx11::basic_string<char, std::char_traits<char>, std::allocator<char> > const*, std::vector<std::__cxx11::basic_string<char, std::char_traits<char>, std::allocator<char> >, std::allocator<std::__cxx11::basic_string<char, std::char_traits<char>, std::allocator<char> > > > >) (stl_vector.h:1614)
==77865==    by 0x413254: std::vector<std::__cxx11::basic_string<char, std::char_traits<char>, std::allocator<char> >, std::allocator<std::__cxx11::basic_string<char, std::char_traits<char>, std::allocator<char> > > >::operator=(std::vector<std::__cxx11::basic_string<char, std::char_traits<char>, std::allocator<char> >, std::allocator<std::__cxx11::basic_string<char, std::char_traits<char>, std::allocator<char> > > > const&) (vector.tcc:232)
==77865==    by 0x41C7BF: ServerConfig::operator=(ServerConfig const&) (ServerConfig.cpp:33)
==77865==    by 0x41C911: ServerConfig::ServerConfig(ServerConfig const&) (ServerConfig.cpp:49)
==77865==    by 0x409C8C: _Construct<ServerConfig, ServerConfig> (stl_construct.h:128)
==77865==    by 0x409C8C: __do_uninit_copy<ServerConfig *, ServerConfig *> (stl_uninitialized.h:120)
==77865==    by 0x409C8C: __uninit_copy<ServerConfig *, ServerConfig *> (stl_uninitialized.h:137)
==77865==    by 0x409C8C: uninitialized_copy<ServerConfig *, ServerConfig *> (stl_uninitialized.h:184)
==77865==    by 0x409C8C: __uninitialized_copy_a<ServerConfig *, ServerConfig *, ServerConfig> (stl_uninitialized.h:372)
==77865==    by 0x409C8C: __uninitialized_move_if_noexcept_a<ServerConfig *, ServerConfig *, std::allocator<ServerConfig> > (stl_uninitialized.h:396)
==77865==    by 0x409C8C: std::vector<ServerConfig, std::allocator<ServerConfig> >::_M_realloc_insert(__gnu_cxx::__normal_iterator<ServerConfig*, std::vector<ServerConfig, std::allocator<ServerConfig> > >, ServerConfig const&) (vector.tcc:486)
==77865==    by 0x407B52: push_back (stl_vector.h:1287)
==77865==    by 0x407B52: EventLoop::EventLoop(std::vector<ServerConfig, std::allocator<ServerConfig> > const&) (EventLoop.cpp:27)
==77865==    by 0x413ED2: main (main.cpp:175)
==77865== 
==77865== 32 bytes in 1 blocks are still reachable in loss record 15 of 58
==77865==    at 0x4849013: operator new(unsigned long) (in /usr/libexec/valgrind/vgpreload_memcheck-amd64-linux.so)
==77865==    by 0x4138B4: allocate (new_allocator.h:137)
==77865==    by 0x4138B4: allocate (alloc_traits.h:133)
==77865==    by 0x4138B4: _M_allocate (stl_vector.h:378)
==77865==    by 0x4138B4: std::__cxx11::basic_string<char, std::char_traits<char>, std::allocator<char> >* std::vector<std::__cxx11::basic_string<char, std::char_traits<char>, std::allocator<char> >, std::allocator<std::__cxx11::basic_string<char, std::char_traits<char>, std::allocator<char> > > >::_M_allocate_and_copy<__gnu_cxx::__normal_iterator<std::__cxx11::basic_string<char, std::char_traits<char>, std::allocator<char> > const*, std::vector<std::__cxx11::basic_string<char, std::char_traits<char>, std::allocator<char> >, std::allocator<std::__cxx11::basic_string<char, std::char_traits<char>, std::allocator<char> > > > > >(unsigned long, __gnu_cxx::__normal_iterator<std::__cxx11::basic_string<char, std::char_traits<char>, std::allocator<char> > const*, std::vector<std::__cxx11::basic_string<char, std::char_traits<char>, std::allocator<char> >, std::allocator<std::__cxx11::basic_string<char, std::char_traits<char>, std::allocator<char> > > > >, __gnu_cxx::__normal_iterator<std::__cxx11::basic_string<char, std::char_traits<char>, std::allocator<char> > const*, std::vector<std::__cxx11::basic_string<char, std::char_traits<char>, std::allocator<char> >, std::allocator<std::__cxx11::basic_string<char, std::char_traits<char>, std::allocator<char> > > > >) (stl_vector.h:1614)
==77865==    by 0x413254: std::vector<std::__cxx11::basic_string<char, std::char_traits<char>, std::allocator<char> >, std::allocator<std::__cxx11::basic_string<char, std::char_traits<char>, std::allocator<char> > > >::operator=(std::vector<std::__cxx11::basic_string<char, std::char_traits<char>, std::allocator<char> >, std::allocator<std::__cxx11::basic_string<char, std::char_traits<char>, std::allocator<char> > > > const&) (vector.tcc:232)
==77865==    by 0x41C7D9: ServerConfig::operator=(ServerConfig const&) (ServerConfig.cpp:35)
==77865==    by 0x41C911: ServerConfig::ServerConfig(ServerConfig const&) (ServerConfig.cpp:49)
==77865==    by 0x409C8C: _Construct<ServerConfig, ServerConfig> (stl_construct.h:128)
==77865==    by 0x409C8C: __do_uninit_copy<ServerConfig *, ServerConfig *> (stl_uninitialized.h:120)
==77865==    by 0x409C8C: __uninit_copy<ServerConfig *, ServerConfig *> (stl_uninitialized.h:137)
==77865==    by 0x409C8C: uninitialized_copy<ServerConfig *, ServerConfig *> (stl_uninitialized.h:184)
==77865==    by 0x409C8C: __uninitialized_copy_a<ServerConfig *, ServerConfig *, ServerConfig> (stl_uninitialized.h:372)
==77865==    by 0x409C8C: __uninitialized_move_if_noexcept_a<ServerConfig *, ServerConfig *, std::allocator<ServerConfig> > (stl_uninitialized.h:396)
==77865==    by 0x409C8C: std::vector<ServerConfig, std::allocator<ServerConfig> >::_M_realloc_insert(__gnu_cxx::__normal_iterator<ServerConfig*, std::vector<ServerConfig, std::allocator<ServerConfig> > >, ServerConfig const&) (vector.tcc:486)
==77865==    by 0x407B52: push_back (stl_vector.h:1287)
==77865==    by 0x407B52: EventLoop::EventLoop(std::vector<ServerConfig, std::allocator<ServerConfig> > const&) (EventLoop.cpp:27)
==77865==    by 0x413ED2: main (main.cpp:175)
==77865== 
==77865== 32 bytes in 1 blocks are still reachable in loss record 16 of 58
==77865==    at 0x4849013: operator new(unsigned long) (in /usr/libexec/valgrind/vgpreload_memcheck-amd64-linux.so)
==77865==    by 0x4138B4: allocate (new_allocator.h:137)
==77865==    by 0x4138B4: allocate (alloc_traits.h:133)
==77865==    by 0x4138B4: _M_allocate (stl_vector.h:378)
==77865==    by 0x4138B4: std::__cxx11::basic_string<char, std::char_traits<char>, std::allocator<char> >* std::vector<std::__cxx11::basic_string<char, std::char_traits<char>, std::allocator<char> >, std::allocator<std::__cxx11::basic_string<char, std::char_traits<char>, std::allocator<char> > > >::_M_allocate_and_copy<__gnu_cxx::__normal_iterator<std::__cxx11::basic_string<char, std::char_traits<char>, std::allocator<char> > const*, std::vector<std::__cxx11::basic_string<char, std::char_traits<char>, std::allocator<char> >, std::allocator<std::__cxx11::basic_string<char, std::char_traits<char>, std::allocator<char> > > > > >(unsigned long, __gnu_cxx::__normal_iterator<std::__cxx11::basic_string<char, std::char_traits<char>, std::allocator<char> > const*, std::vector<std::__cxx11::basic_string<char, std::char_traits<char>, std::allocator<char> >, std::allocator<std::__cxx11::basic_string<char, std::char_traits<char>, std::allocator<char> > > > >, __gnu_cxx::__normal_iterator<std::__cxx11::basic_string<char, std::char_traits<char>, std::allocator<char> > const*, std::vector<std::__cxx11::basic_string<char, std::char_traits<char>, std::allocator<char> >, std::allocator<std::__cxx11::basic_string<char, std::char_traits<char>, std::allocator<char> > > > >) (stl_vector.h:1614)
==77865==    by 0x413254: std::vector<std::__cxx11::basic_string<char, std::char_traits<char>, std::allocator<char> >, std::allocator<std::__cxx11::basic_string<char, std::char_traits<char>, std::allocator<char> > > >::operator=(std::vector<std::__cxx11::basic_string<char, std::char_traits<char>, std::allocator<char> >, std::allocator<std::__cxx11::basic_string<char, std::char_traits<char>, std::allocator<char> > > > const&) (vector.tcc:232)
==77865==    by 0x41C7F9: ServerConfig::operator=(ServerConfig const&) (ServerConfig.cpp:37)
==77865==    by 0x41C911: ServerConfig::ServerConfig(ServerConfig const&) (ServerConfig.cpp:49)
==77865==    by 0x409C8C: _Construct<ServerConfig, ServerConfig> (stl_construct.h:128)
==77865==    by 0x409C8C: __do_uninit_copy<ServerConfig *, ServerConfig *> (stl_uninitialized.h:120)
==77865==    by 0x409C8C: __uninit_copy<ServerConfig *, ServerConfig *> (stl_uninitialized.h:137)
==77865==    by 0x409C8C: uninitialized_copy<ServerConfig *, ServerConfig *> (stl_uninitialized.h:184)
==77865==    by 0x409C8C: __uninitialized_copy_a<ServerConfig *, ServerConfig *, ServerConfig> (stl_uninitialized.h:372)
==77865==    by 0x409C8C: __uninitialized_move_if_noexcept_a<ServerConfig *, ServerConfig *, std::allocator<ServerConfig> > (stl_uninitialized.h:396)
==77865==    by 0x409C8C: std::vector<ServerConfig, std::allocator<ServerConfig> >::_M_realloc_insert(__gnu_cxx::__normal_iterator<ServerConfig*, std::vector<ServerConfig, std::allocator<ServerConfig> > >, ServerConfig const&) (vector.tcc:486)
==77865==    by 0x407B52: push_back (stl_vector.h:1287)
==77865==    by 0x407B52: EventLoop::EventLoop(std::vector<ServerConfig, std::allocator<ServerConfig> > const&) (EventLoop.cpp:27)
==77865==    by 0x413ED2: main (main.cpp:175)
==77865== 
==77865== 32 bytes in 1 blocks are still reachable in loss record 17 of 58
==77865==    at 0x4849013: operator new(unsigned long) (in /usr/libexec/valgrind/vgpreload_memcheck-amd64-linux.so)
==77865==    by 0x41BFF1: allocate (new_allocator.h:137)
==77865==    by 0x41BFF1: allocate (alloc_traits.h:133)
==77865==    by 0x41BFF1: _M_allocate (stl_vector.h:378)
==77865==    by 0x41BFF1: _M_create_storage (stl_vector.h:395)
==77865==    by 0x41BFF1: _Vector_base (stl_vector.h:332)
==77865==    by 0x41BFF1: vector (stl_vector.h:597)
==77865==    by 0x41BFF1: LocationConfig::LocationConfig(LocationConfig const&) (LocationConfig.hpp:53)
==77865==    by 0x42406C: _Construct<LocationConfig, LocationConfig> (stl_construct.h:128)
==77865==    by 0x42406C: __do_uninit_copy<__gnu_cxx::__normal_iterator<const LocationConfig *, std::vector<LocationConfig> >, LocationConfig *> (stl_uninitialized.h:120)
==77865==    by 0x42406C: __uninit_copy<__gnu_cxx::__normal_iterator<const LocationConfig *, std::vector<LocationConfig> >, LocationConfig *> (stl_uninitialized.h:137)
==77865==    by 0x42406C: uninitialized_copy<__gnu_cxx::__normal_iterator<const LocationConfig *, std::vector<LocationConfig> >, LocationConfig *> (stl_uninitialized.h:184)
==77865==    by 0x42406C: __uninitialized_copy_a<__gnu_cxx::__normal_iterator<const LocationConfig *, std::vector<LocationConfig> >, LocationConfig *, LocationConfig> (stl_uninitialized.h:372)
==77865==    by 0x42406C: LocationConfig* std::vector<LocationConfig, std::allocator<LocationConfig> >::_M_allocate_and_copy<__gnu_cxx::__normal_iterator<LocationConfig const*, std::vector<LocationConfig, std::allocator<LocationConfig> > > >(unsigned long, __gnu_cxx::__normal_iterator<LocationConfig const*, std::vector<LocationConfig, std::allocator<LocationConfig> > >, __gnu_cxx::__normal_iterator<LocationConfig const*, std::vector<LocationConfig, std::allocator<LocationConfig> > >) (stl_vector.h:1617)
==77865==    by 0x423A2D: std::vector<LocationConfig, std::allocator<LocationConfig> >::operator=(std::vector<LocationConfig, std::allocator<LocationConfig> > const&) (vector.tcc:232)
==77865==    by 0x41C82D: ServerConfig::operator=(ServerConfig const&) (ServerConfig.cpp:40)
==77865==    by 0x41C911: ServerConfig::ServerConfig(ServerConfig const&) (ServerConfig.cpp:49)
==77865==    by 0x409C8C: _Construct<ServerConfig, ServerConfig> (stl_construct.h:128)
==77865==    by 0x409C8C: __do_uninit_copy<ServerConfig *, ServerConfig *> (stl_uninitialized.h:120)
==77865==    by 0x409C8C: __uninit_copy<ServerConfig *, ServerConfig *> (stl_uninitialized.h:137)
==77865==    by 0x409C8C: uninitialized_copy<ServerConfig *, ServerConfig *> (stl_uninitialized.h:184)
==77865==    by 0x409C8C: __uninitialized_copy_a<ServerConfig *, ServerConfig *, ServerConfig> (stl_uninitialized.h:372)
==77865==    by 0x409C8C: __uninitialized_move_if_noexcept_a<ServerConfig *, ServerConfig *, std::allocator<ServerConfig> > (stl_uninitialized.h:396)
==77865==    by 0x409C8C: std::vector<ServerConfig, std::allocator<ServerConfig> >::_M_realloc_insert(__gnu_cxx::__normal_iterator<ServerConfig*, std::vector<ServerConfig, std::allocator<ServerConfig> > >, ServerConfig const&) (vector.tcc:486)
==77865==    by 0x407B52: push_back (stl_vector.h:1287)
==77865==    by 0x407B52: EventLoop::EventLoop(std::vector<ServerConfig, std::allocator<ServerConfig> > const&) (EventLoop.cpp:27)
==77865==    by 0x413ED2: main (main.cpp:175)
==77865== 
==77865== 34 bytes in 2 blocks are still reachable in loss record 18 of 58
==77865==    at 0x4849013: operator new(unsigned long) (in /usr/libexec/valgrind/vgpreload_memcheck-amd64-linux.so)
==77865==    by 0x40A20B: _M_construct<char *> (basic_string.tcc:225)
==77865==    by 0x40A20B: basic_string (basic_string.h:552)
==77865==    by 0x40A20B: pair (stl_pair.h:185)
==77865==    by 0x40A20B: construct (new_allocator.h:187)
==77865==    by 0x40A20B: std::_Rb_tree<int, std::pair<int const, std::__cxx11::basic_string<char, std::char_traits<char>, std::allocator<char> > >, std::_Select1st<std::pair<int const, std::__cxx11::basic_string<char, std::char_traits<char>, std::allocator<char> > > >, std::less<int>, std::allocator<std::pair<int const, std::__cxx11::basic_string<char, std::char_traits<char>, std::allocator<char> > > > >::_M_construct_node(std::_Rb_tree_node<std::pair<int const, std::__cxx11::basic_string<char, std::char_traits<char>, std::allocator<char> > > >*, std::pair<int const, std::__cxx11::basic_string<char, std::char_traits<char>, std::allocator<char> > > const&) (stl_tree.h:574)
==77865==    by 0x423FFB: std::_Rb_tree_node<std::pair<int const, std::__cxx11::basic_string<char, std::char_traits<char>, std::allocator<char> > > >* std::_Rb_tree<int, std::pair<int const, std::__cxx11::basic_string<char, std::char_traits<char>, std::allocator<char> > >, std::_Select1st<std::pair<int const, std::__cxx11::basic_string<char, std::char_traits<char>, std::allocator<char> > > >, std::less<int>, std::allocator<std::pair<int const, std::__cxx11::basic_string<char, std::char_traits<char>, std::allocator<char> > > > >::_Reuse_or_alloc_node::operator()<std::pair<int const, std::__cxx11::basic_string<char, std::char_traits<char>, std::allocator<char> > > >(std::pair<int const, std::__cxx11::basic_string<char, std::char_traits<char>, std::allocator<char> > > const&) (stl_tree.h:0)
==77865==    by 0x423E62: _M_clone_node<false, std::_Rb_tree<int, std::pair<const int, std::basic_string<char> >, std::_Select1st<std::pair<const int, std::basic_string<char> > >, std::less<int> >::_Reuse_or_alloc_node> (stl_tree.h:647)
==77865==    by 0x423E62: std::_Rb_tree_node<std::pair<int const, std::__cxx11::basic_string<char, std::char_traits<char>, std::allocator<char> > > >* std::_Rb_tree<int, std::pair<int const, std::__cxx11::basic_string<char, std::char_traits<char>, std::allocator<char> > >, std::_Select1st<std::pair<int const, std::__cxx11::basic_string<char, std::char_traits<char>, std::allocator<char> > > >, std::less<int>, std::allocator<std::pair<int const, std::__cxx11::basic_string<char, std::char_traits<char>, std::allocator<char> > > > >::_M_copy<false, std::_Rb_tree<int, std::pair<int const, std::__cxx11::basic_string<char, std::char_traits<char>, std::allocator<char> > >, std::_Select1st<std::pair<int const, std::__cxx11::basic_string<char, std::char_traits<char>, std::allocator<char> > > >, std::less<int>, std::allocator<std::pair<int const, std::__cxx11::basic_string<char, std::char_traits<char>, std::allocator<char> > > > >::_Reuse_or_alloc_node>(std::_Rb_tree_node<std::pair<int const, std::__cxx11::basic_string<char, std::char_traits<char>, std::allocator<char> > > >*, std::_Rb_tree_node_base*, std::_Rb_tree<int, std::pair<int const, std::__cxx11::basic_string<char, std::char_traits<char>, std::allocator<char> > >, std::_Select1st<std::pair<int const, std::__cxx11::basic_string<char, std::char_traits<char>, std::allocator<char> > > >, std::less<int>, std::allocator<std::pair<int const, std::__cxx11::basic_string<char, std::char_traits<char>, std::allocator<char> > > > >::_Reuse_or_alloc_node&) (stl_tree.h:1897)
==77865==    by 0x423DAD: _M_copy<false, std::_Rb_tree<int, std::pair<const int, std::basic_string<char> >, std::_Select1st<std::pair<const int, std::basic_string<char> > >, std::less<int> >::_Reuse_or_alloc_node> (stl_tree.h:892)
==77865==    by 0x423DAD: std::_Rb_tree<int, std::pair<int const, std::__cxx11::basic_string<char, std::char_traits<char>, std::allocator<char> > >, std::_Select1st<std::pair<int const, std::__cxx11::basic_string<char, std::char_traits<char>, std::allocator<char> > > >, std::less<int>, std::allocator<std::pair<int const, std::__cxx11::basic_string<char, std::char_traits<char>, std::allocator<char> > > > >::operator=(std::_Rb_tree<int, std::pair<int const, std::__cxx11::basic_string<char, std::char_traits<char>, std::allocator<char> > >, std::_Select1st<std::pair<int const, std::__cxx11::basic_string<char, std::char_traits<char>, std::allocator<char> > > >, std::less<int>, std::allocator<std::pair<int const, std::__cxx11::basic_string<char, std::char_traits<char>, std::allocator<char> > > > > const&) (stl_tree.h:1805)
==77865==    by 0x41C81A: operator= (stl_map.h:324)
==77865==    by 0x41C81A: ServerConfig::operator=(ServerConfig const&) (ServerConfig.cpp:39)
==77865==    by 0x41C911: ServerConfig::ServerConfig(ServerConfig const&) (ServerConfig.cpp:49)
==77865==    by 0x40A2EC: _Construct<ServerConfig, ServerConfig> (stl_construct.h:128)
==77865==    by 0x40A2EC: __do_uninit_copy<__gnu_cxx::__normal_iterator<const ServerConfig *, std::vector<ServerConfig> >, ServerConfig *> (stl_uninitialized.h:120)
==77865==    by 0x40A2EC: __uninit_copy<__gnu_cxx::__normal_iterator<const ServerConfig *, std::vector<ServerConfig> >, ServerConfig *> (stl_uninitialized.h:137)
==77865==    by 0x40A2EC: uninitialized_copy<__gnu_cxx::__normal_iterator<const ServerConfig *, std::vector<ServerConfig> >, ServerConfig *> (stl_uninitialized.h:184)
==77865==    by 0x40A2EC: __uninitialized_copy_a<__gnu_cxx::__normal_iterator<const ServerConfig *, std::vector<ServerConfig> >, ServerConfig *, ServerConfig> (stl_uninitialized.h:372)
==77865==    by 0x40A2EC: ServerConfig* std::vector<ServerConfig, std::allocator<ServerConfig> >::_M_allocate_and_copy<__gnu_cxx::__normal_iterator<ServerConfig const*, std::vector<ServerConfig, std::allocator<ServerConfig> > > >(unsigned long, __gnu_cxx::__normal_iterator<ServerConfig const*, std::vector<ServerConfig, std::allocator<ServerConfig> > >, __gnu_cxx::__normal_iterator<ServerConfig const*, std::vector<ServerConfig, std::allocator<ServerConfig> > >) (stl_vector.h:1617)
==77865==    by 0x4091EF: std::vector<ServerConfig, std::allocator<ServerConfig> >::operator=(std::vector<ServerConfig, std::allocator<ServerConfig> > const&) (vector.tcc:232)
==77865==    by 0x413E84: main (main.cpp:174)
==77865== 
==77865== 34 bytes in 2 blocks are still reachable in loss record 19 of 58
==77865==    at 0x4849013: operator new(unsigned long) (in /usr/libexec/valgrind/vgpreload_memcheck-amd64-linux.so)
==77865==    by 0x40A20B: _M_construct<char *> (basic_string.tcc:225)
==77865==    by 0x40A20B: basic_string (basic_string.h:552)
==77865==    by 0x40A20B: pair (stl_pair.h:185)
==77865==    by 0x40A20B: construct (new_allocator.h:187)
==77865==    by 0x40A20B: std::_Rb_tree<int, std::pair<int const, std::__cxx11::basic_string<char, std::char_traits<char>, std::allocator<char> > >, std::_Select1st<std::pair<int const, std::__cxx11::basic_string<char, std::char_traits<char>, std::allocator<char> > > >, std::less<int>, std::allocator<std::pair<int const, std::__cxx11::basic_string<char, std::char_traits<char>, std::allocator<char> > > > >::_M_construct_node(std::_Rb_tree_node<std::pair<int const, std::__cxx11::basic_string<char, std::char_traits<char>, std::allocator<char> > > >*, std::pair<int const, std::__cxx11::basic_string<char, std::char_traits<char>, std::allocator<char> > > const&) (stl_tree.h:574)
==77865==    by 0x423FFB: std::_Rb_tree_node<std::pair<int const, std::__cxx11::basic_string<char, std::char_traits<char>, std::allocator<char> > > >* std::_Rb_tree<int, std::pair<int const, std::__cxx11::basic_string<char, std::char_traits<char>, std::allocator<char> > >, std::_Select1st<std::pair<int const, std::__cxx11::basic_string<char, std::char_traits<char>, std::allocator<char> > > >, std::less<int>, std::allocator<std::pair<int const, std::__cxx11::basic_string<char, std::char_traits<char>, std::allocator<char> > > > >::_Reuse_or_alloc_node::operator()<std::pair<int const, std::__cxx11::basic_string<char, std::char_traits<char>, std::allocator<char> > > >(std::pair<int const, std::__cxx11::basic_string<char, std::char_traits<char>, std::allocator<char> > > const&) (stl_tree.h:0)
==77865==    by 0x423E62: _M_clone_node<false, std::_Rb_tree<int, std::pair<const int, std::basic_string<char> >, std::_Select1st<std::pair<const int, std::basic_string<char> > >, std::less<int> >::_Reuse_or_alloc_node> (stl_tree.h:647)
==77865==    by 0x423E62: std::_Rb_tree_node<std::pair<int const, std::__cxx11::basic_string<char, std::char_traits<char>, std::allocator<char> > > >* std::_Rb_tree<int, std::pair<int const, std::__cxx11::basic_string<char, std::char_traits<char>, std::allocator<char> > >, std::_Select1st<std::pair<int const, std::__cxx11::basic_string<char, std::char_traits<char>, std::allocator<char> > > >, std::less<int>, std::allocator<std::pair<int const, std::__cxx11::basic_string<char, std::char_traits<char>, std::allocator<char> > > > >::_M_copy<false, std::_Rb_tree<int, std::pair<int const, std::__cxx11::basic_string<char, std::char_traits<char>, std::allocator<char> > >, std::_Select1st<std::pair<int const, std::__cxx11::basic_string<char, std::char_traits<char>, std::allocator<char> > > >, std::less<int>, std::allocator<std::pair<int const, std::__cxx11::basic_string<char, std::char_traits<char>, std::allocator<char> > > > >::_Reuse_or_alloc_node>(std::_Rb_tree_node<std::pair<int const, std::__cxx11::basic_string<char, std::char_traits<char>, std::allocator<char> > > >*, std::_Rb_tree_node_base*, std::_Rb_tree<int, std::pair<int const, std::__cxx11::basic_string<char, std::char_traits<char>, std::allocator<char> > >, std::_Select1st<std::pair<int const, std::__cxx11::basic_string<char, std::char_traits<char>, std::allocator<char> > > >, std::less<int>, std::allocator<std::pair<int const, std::__cxx11::basic_string<char, std::char_traits<char>, std::allocator<char> > > > >::_Reuse_or_alloc_node&) (stl_tree.h:1897)
==77865==    by 0x423E90: std::_Rb_tree_node<std::pair<int const, std::__cxx11::basic_string<char, std::char_traits<char>, std::allocator<char> > > >* std::_Rb_tree<int, std::pair<int const, std::__cxx11::basic_string<char, std::char_traits<char>, std::allocator<char> > >, std::_Select1st<std::pair<int const, std::__cxx11::basic_string<char, std::char_traits<char>, std::allocator<char> > > >, std::less<int>, std::allocator<std::pair<int const, std::__cxx11::basic_string<char, std::char_traits<char>, std::allocator<char> > > > >::_M_copy<false, std::_Rb_tree<int, std::pair<int const, std::__cxx11::basic_string<char, std::char_traits<char>, std::allocator<char> > >, std::_Select1st<std::pair<int const, std::__cxx11::basic_string<char, std::char_traits<char>, std::allocator<char> > > >, std::less<int>, std::allocator<std::pair<int const, std::__cxx11::basic_string<char, std::char_traits<char>, std::allocator<char> > > > >::_Reuse_or_alloc_node>(std::_Rb_tree_node<std::pair<int const, std::__cxx11::basic_string<char, std::char_traits<char>, std::allocator<char> > > >*, std::_Rb_tree_node_base*, std::_Rb_tree<int, std::pair<int const, std::__cxx11::basic_string<char, std::char_traits<char>, std::allocator<char> > >, std::_Select1st<std::pair<int const, std::__cxx11::basic_string<char, std::char_traits<char>, std::allocator<char> > > >, std::less<int>, std::allocator<std::pair<int const, std::__cxx11::basic_string<char, std::char_traits<char>, std::allocator<char> > > > >::_Reuse_or_alloc_node&) (stl_tree.h:1904)
==77865==    by 0x423DAD: _M_copy<false, std::_Rb_tree<int, std::pair<const int, std::basic_string<char> >, std::_Select1st<std::pair<const int, std::basic_string<char> > >, std::less<int> >::_Reuse_or_alloc_node> (stl_tree.h:892)
==77865==    by 0x423DAD: std::_Rb_tree<int, std::pair<int const, std::__cxx11::basic_string<char, std::char_traits<char>, std::allocator<char> > >, std::_Select1st<std::pair<int const, std::__cxx11::basic_string<char, std::char_traits<char>, std::allocator<char> > > >, std::less<int>, std::allocator<std::pair<int const, std::__cxx11::basic_string<char, std::char_traits<char>, std::allocator<char> > > > >::operator=(std::_Rb_tree<int, std::pair<int const, std::__cxx11::basic_string<char, std::char_traits<char>, std::allocator<char> > >, std::_Select1st<std::pair<int const, std::__cxx11::basic_string<char, std::char_traits<char>, std::allocator<char> > > >, std::less<int>, std::allocator<std::pair<int const, std::__cxx11::basic_string<char, std::char_traits<char>, std::allocator<char> > > > > const&) (stl_tree.h:1805)
==77865==    by 0x41C81A: operator= (stl_map.h:324)
==77865==    by 0x41C81A: ServerConfig::operator=(ServerConfig const&) (ServerConfig.cpp:39)
==77865==    by 0x41C911: ServerConfig::ServerConfig(ServerConfig const&) (ServerConfig.cpp:49)
==77865==    by 0x40A2EC: _Construct<ServerConfig, ServerConfig> (stl_construct.h:128)
==77865==    by 0x40A2EC: __do_uninit_copy<__gnu_cxx::__normal_iterator<const ServerConfig *, std::vector<ServerConfig> >, ServerConfig *> (stl_uninitialized.h:120)
==77865==    by 0x40A2EC: __uninit_copy<__gnu_cxx::__normal_iterator<const ServerConfig *, std::vector<ServerConfig> >, ServerConfig *> (stl_uninitialized.h:137)
==77865==    by 0x40A2EC: uninitialized_copy<__gnu_cxx::__normal_iterator<const ServerConfig *, std::vector<ServerConfig> >, ServerConfig *> (stl_uninitialized.h:184)
==77865==    by 0x40A2EC: __uninitialized_copy_a<__gnu_cxx::__normal_iterator<const ServerConfig *, std::vector<ServerConfig> >, ServerConfig *, ServerConfig> (stl_uninitialized.h:372)
==77865==    by 0x40A2EC: ServerConfig* std::vector<ServerConfig, std::allocator<ServerConfig> >::_M_allocate_and_copy<__gnu_cxx::__normal_iterator<ServerConfig const*, std::vector<ServerConfig, std::allocator<ServerConfig> > > >(unsigned long, __gnu_cxx::__normal_iterator<ServerConfig const*, std::vector<ServerConfig, std::allocator<ServerConfig> > >, __gnu_cxx::__normal_iterator<ServerConfig const*, std::vector<ServerConfig, std::allocator<ServerConfig> > >) (stl_vector.h:1617)
==77865==    by 0x4091EF: std::vector<ServerConfig, std::allocator<ServerConfig> >::operator=(std::vector<ServerConfig, std::allocator<ServerConfig> > const&) (vector.tcc:232)
==77865==    by 0x413E84: main (main.cpp:174)
==77865== 
==77865== 34 bytes in 2 blocks are still reachable in loss record 20 of 58
==77865==    at 0x4849013: operator new(unsigned long) (in /usr/libexec/valgrind/vgpreload_memcheck-amd64-linux.so)
==77865==    by 0x40A20B: _M_construct<char *> (basic_string.tcc:225)
==77865==    by 0x40A20B: basic_string (basic_string.h:552)
==77865==    by 0x40A20B: pair (stl_pair.h:185)
==77865==    by 0x40A20B: construct (new_allocator.h:187)
==77865==    by 0x40A20B: std::_Rb_tree<int, std::pair<int const, std::__cxx11::basic_string<char, std::char_traits<char>, std::allocator<char> > >, std::_Select1st<std::pair<int const, std::__cxx11::basic_string<char, std::char_traits<char>, std::allocator<char> > > >, std::less<int>, std::allocator<std::pair<int const, std::__cxx11::basic_string<char, std::char_traits<char>, std::allocator<char> > > > >::_M_construct_node(std::_Rb_tree_node<std::pair<int const, std::__cxx11::basic_string<char, std::char_traits<char>, std::allocator<char> > > >*, std::pair<int const, std::__cxx11::basic_string<char, std::char_traits<char>, std::allocator<char> > > const&) (stl_tree.h:574)
==77865==    by 0x423FFB: std::_Rb_tree_node<std::pair<int const, std::__cxx11::basic_string<char, std::char_traits<char>, std::allocator<char> > > >* std::_Rb_tree<int, std::pair<int const, std::__cxx11::basic_string<char, std::char_traits<char>, std::allocator<char> > >, std::_Select1st<std::pair<int const, std::__cxx11::basic_string<char, std::char_traits<char>, std::allocator<char> > > >, std::less<int>, std::allocator<std::pair<int const, std::__cxx11::basic_string<char, std::char_traits<char>, std::allocator<char> > > > >::_Reuse_or_alloc_node::operator()<std::pair<int const, std::__cxx11::basic_string<char, std::char_traits<char>, std::allocator<char> > > >(std::pair<int const, std::__cxx11::basic_string<char, std::char_traits<char>, std::allocator<char> > > const&) (stl_tree.h:0)
==77865==    by 0x423E62: _M_clone_node<false, std::_Rb_tree<int, std::pair<const int, std::basic_string<char> >, std::_Select1st<std::pair<const int, std::basic_string<char> > >, std::less<int> >::_Reuse_or_alloc_node> (stl_tree.h:647)
==77865==    by 0x423E62: std::_Rb_tree_node<std::pair<int const, std::__cxx11::basic_string<char, std::char_traits<char>, std::allocator<char> > > >* std::_Rb_tree<int, std::pair<int const, std::__cxx11::basic_string<char, std::char_traits<char>, std::allocator<char> > >, std::_Select1st<std::pair<int const, std::__cxx11::basic_string<char, std::char_traits<char>, std::allocator<char> > > >, std::less<int>, std::allocator<std::pair<int const, std::__cxx11::basic_string<char, std::char_traits<char>, std::allocator<char> > > > >::_M_copy<false, std::_Rb_tree<int, std::pair<int const, std::__cxx11::basic_string<char, std::char_traits<char>, std::allocator<char> > >, std::_Select1st<std::pair<int const, std::__cxx11::basic_string<char, std::char_traits<char>, std::allocator<char> > > >, std::less<int>, std::allocator<std::pair<int const, std::__cxx11::basic_string<char, std::char_traits<char>, std::allocator<char> > > > >::_Reuse_or_alloc_node>(std::_Rb_tree_node<std::pair<int const, std::__cxx11::basic_string<char, std::char_traits<char>, std::allocator<char> > > >*, std::_Rb_tree_node_base*, std::_Rb_tree<int, std::pair<int const, std::__cxx11::basic_string<char, std::char_traits<char>, std::allocator<char> > >, std::_Select1st<std::pair<int const, std::__cxx11::basic_string<char, std::char_traits<char>, std::allocator<char> > > >, std::less<int>, std::allocator<std::pair<int const, std::__cxx11::basic_string<char, std::char_traits<char>, std::allocator<char> > > > >::_Reuse_or_alloc_node&) (stl_tree.h:1897)
==77865==    by 0x423DAD: _M_copy<false, std::_Rb_tree<int, std::pair<const int, std::basic_string<char> >, std::_Select1st<std::pair<const int, std::basic_string<char> > >, std::less<int> >::_Reuse_or_alloc_node> (stl_tree.h:892)
==77865==    by 0x423DAD: std::_Rb_tree<int, std::pair<int const, std::__cxx11::basic_string<char, std::char_traits<char>, std::allocator<char> > >, std::_Select1st<std::pair<int const, std::__cxx11::basic_string<char, std::char_traits<char>, std::allocator<char> > > >, std::less<int>, std::allocator<std::pair<int const, std::__cxx11::basic_string<char, std::char_traits<char>, std::allocator<char> > > > >::operator=(std::_Rb_tree<int, std::pair<int const, std::__cxx11::basic_string<char, std::char_traits<char>, std::allocator<char> > >, std::_Select1st<std::pair<int const, std::__cxx11::basic_string<char, std::char_traits<char>, std::allocator<char> > > >, std::less<int>, std::allocator<std::pair<int const, std::__cxx11::basic_string<char, std::char_traits<char>, std::allocator<char> > > > > const&) (stl_tree.h:1805)
==77865==    by 0x41C81A: operator= (stl_map.h:324)
==77865==    by 0x41C81A: ServerConfig::operator=(ServerConfig const&) (ServerConfig.cpp:39)
==77865==    by 0x41C911: ServerConfig::ServerConfig(ServerConfig const&) (ServerConfig.cpp:49)
==77865==    by 0x409C70: construct (new_allocator.h:187)
==77865==    by 0x409C70: construct<ServerConfig> (alloc_traits.h:145)
==77865==    by 0x409C70: std::vector<ServerConfig, std::allocator<ServerConfig> >::_M_realloc_insert(__gnu_cxx::__normal_iterator<ServerConfig*, std::vector<ServerConfig, std::allocator<ServerConfig> > >, ServerConfig const&) (vector.tcc:462)
==77865==    by 0x407AA7: push_back (stl_vector.h:1287)
==77865==    by 0x407AA7: EventLoop::EventLoop(std::vector<ServerConfig, std::allocator<ServerConfig> > const&) (EventLoop.cpp:40)
==77865==    by 0x413ED2: main (main.cpp:175)
==77865== 
==77865== 34 bytes in 2 blocks are still reachable in loss record 21 of 58
==77865==    at 0x4849013: operator new(unsigned long) (in /usr/libexec/valgrind/vgpreload_memcheck-amd64-linux.so)
==77865==    by 0x40A20B: _M_construct<char *> (basic_string.tcc:225)
==77865==    by 0x40A20B: basic_string (basic_string.h:552)
==77865==    by 0x40A20B: pair (stl_pair.h:185)
==77865==    by 0x40A20B: construct (new_allocator.h:187)
==77865==    by 0x40A20B: std::_Rb_tree<int, std::pair<int const, std::__cxx11::basic_string<char, std::char_traits<char>, std::allocator<char> > >, std::_Select1st<std::pair<int const, std::__cxx11::basic_string<char, std::char_traits<char>, std::allocator<char> > > >, std::less<int>, std::allocator<std::pair<int const, std::__cxx11::basic_string<char, std::char_traits<char>, std::allocator<char> > > > >::_M_construct_node(std::_Rb_tree_node<std::pair<int const, std::__cxx11::basic_string<char, std::char_traits<char>, std::allocator<char> > > >*, std::pair<int const, std::__cxx11::basic_string<char, std::char_traits<char>, std::allocator<char> > > const&) (stl_tree.h:574)
==77865==    by 0x423FFB: std::_Rb_tree_node<std::pair<int const, std::__cxx11::basic_string<char, std::char_traits<char>, std::allocator<char> > > >* std::_Rb_tree<int, std::pair<int const, std::__cxx11::basic_string<char, std::char_traits<char>, std::allocator<char> > >, std::_Select1st<std::pair<int const, std::__cxx11::basic_string<char, std::char_traits<char>, std::allocator<char> > > >, std::less<int>, std::allocator<std::pair<int const, std::__cxx11::basic_string<char, std::char_traits<char>, std::allocator<char> > > > >::_Reuse_or_alloc_node::operator()<std::pair<int const, std::__cxx11::basic_string<char, std::char_traits<char>, std::allocator<char> > > >(std::pair<int const, std::__cxx11::basic_string<char, std::char_traits<char>, std::allocator<char> > > const&) (stl_tree.h:0)
==77865==    by 0x423E62: _M_clone_node<false, std::_Rb_tree<int, std::pair<const int, std::basic_string<char> >, std::_Select1st<std::pair<const int, std::basic_string<char> > >, std::less<int> >::_Reuse_or_alloc_node> (stl_tree.h:647)
==77865==    by 0x423E62: std::_Rb_tree_node<std::pair<int const, std::__cxx11::basic_string<char, std::char_traits<char>, std::allocator<char> > > >* std::_Rb_tree<int, std::pair<int const, std::__cxx11::basic_string<char, std::char_traits<char>, std::allocator<char> > >, std::_Select1st<std::pair<int const, std::__cxx11::basic_string<char, std::char_traits<char>, std::allocator<char> > > >, std::less<int>, std::allocator<std::pair<int const, std::__cxx11::basic_string<char, std::char_traits<char>, std::allocator<char> > > > >::_M_copy<false, std::_Rb_tree<int, std::pair<int const, std::__cxx11::basic_string<char, std::char_traits<char>, std::allocator<char> > >, std::_Select1st<std::pair<int const, std::__cxx11::basic_string<char, std::char_traits<char>, std::allocator<char> > > >, std::less<int>, std::allocator<std::pair<int const, std::__cxx11::basic_string<char, std::char_traits<char>, std::allocator<char> > > > >::_Reuse_or_alloc_node>(std::_Rb_tree_node<std::pair<int const, std::__cxx11::basic_string<char, std::char_traits<char>, std::allocator<char> > > >*, std::_Rb_tree_node_base*, std::_Rb_tree<int, std::pair<int const, std::__cxx11::basic_string<char, std::char_traits<char>, std::allocator<char> > >, std::_Select1st<std::pair<int const, std::__cxx11::basic_string<char, std::char_traits<char>, std::allocator<char> > > >, std::less<int>, std::allocator<std::pair<int const, std::__cxx11::basic_string<char, std::char_traits<char>, std::allocator<char> > > > >::_Reuse_or_alloc_node&) (stl_tree.h:1897)
==77865==    by 0x423E90: std::_Rb_tree_node<std::pair<int const, std::__cxx11::basic_string<char, std::char_traits<char>, std::allocator<char> > > >* std::_Rb_tree<int, std::pair<int const, std::__cxx11::basic_string<char, std::char_traits<char>, std::allocator<char> > >, std::_Select1st<std::pair<int const, std::__cxx11::basic_string<char, std::char_traits<char>, std::allocator<char> > > >, std::less<int>, std::allocator<std::pair<int const, std::__cxx11::basic_string<char, std::char_traits<char>, std::allocator<char> > > > >::_M_copy<false, std::_Rb_tree<int, std::pair<int const, std::__cxx11::basic_string<char, std::char_traits<char>, std::allocator<char> > >, std::_Select1st<std::pair<int const, std::__cxx11::basic_string<char, std::char_traits<char>, std::allocator<char> > > >, std::less<int>, std::allocator<std::pair<int const, std::__cxx11::basic_string<char, std::char_traits<char>, std::allocator<char> > > > >::_Reuse_or_alloc_node>(std::_Rb_tree_node<std::pair<int const, std::__cxx11::basic_string<char, std::char_traits<char>, std::allocator<char> > > >*, std::_Rb_tree_node_base*, std::_Rb_tree<int, std::pair<int const, std::__cxx11::basic_string<char, std::char_traits<char>, std::allocator<char> > >, std::_Select1st<std::pair<int const, std::__cxx11::basic_string<char, std::char_traits<char>, std::allocator<char> > > >, std::less<int>, std::allocator<std::pair<int const, std::__cxx11::basic_string<char, std::char_traits<char>, std::allocator<char> > > > >::_Reuse_or_alloc_node&) (stl_tree.h:1904)
==77865==    by 0x423DAD: _M_copy<false, std::_Rb_tree<int, std::pair<const int, std::basic_string<char> >, std::_Select1st<std::pair<const int, std::basic_string<char> > >, std::less<int> >::_Reuse_or_alloc_node> (stl_tree.h:892)
==77865==    by 0x423DAD: std::_Rb_tree<int, std::pair<int const, std::__cxx11::basic_string<char, std::char_traits<char>, std::allocator<char> > >, std::_Select1st<std::pair<int const, std::__cxx11::basic_string<char, std::char_traits<char>, std::allocator<char> > > >, std::less<int>, std::allocator<std::pair<int const, std::__cxx11::basic_string<char, std::char_traits<char>, std::allocator<char> > > > >::operator=(std::_Rb_tree<int, std::pair<int const, std::__cxx11::basic_string<char, std::char_traits<char>, std::allocator<char> > >, std::_Select1st<std::pair<int const, std::__cxx11::basic_string<char, std::char_traits<char>, std::allocator<char> > > >, std::less<int>, std::allocator<std::pair<int const, std::__cxx11::basic_string<char, std::char_traits<char>, std::allocator<char> > > > > const&) (stl_tree.h:1805)
==77865==    by 0x41C81A: operator= (stl_map.h:324)
==77865==    by 0x41C81A: ServerConfig::operator=(ServerConfig const&) (ServerConfig.cpp:39)
==77865==    by 0x41C911: ServerConfig::ServerConfig(ServerConfig const&) (ServerConfig.cpp:49)
==77865==    by 0x409C70: construct (new_allocator.h:187)
==77865==    by 0x409C70: construct<ServerConfig> (alloc_traits.h:145)
==77865==    by 0x409C70: std::vector<ServerConfig, std::allocator<ServerConfig> >::_M_realloc_insert(__gnu_cxx::__normal_iterator<ServerConfig*, std::vector<ServerConfig, std::allocator<ServerConfig> > >, ServerConfig const&) (vector.tcc:462)
==77865==    by 0x407AA7: push_back (stl_vector.h:1287)
==77865==    by 0x407AA7: EventLoop::EventLoop(std::vector<ServerConfig, std::allocator<ServerConfig> > const&) (EventLoop.cpp:40)
==77865==    by 0x413ED2: main (main.cpp:175)
==77865== 
==77865== 64 bytes in 1 blocks are still reachable in loss record 22 of 58
==77865==    at 0x4849013: operator new(unsigned long) (in /usr/libexec/valgrind/vgpreload_memcheck-amd64-linux.so)
==77865==    by 0x407DC5: allocate (new_allocator.h:137)
==77865==    by 0x407DC5: allocate (alloc_traits.h:133)
==77865==    by 0x407DC5: _M_allocate (stl_vector.h:378)
==77865==    by 0x407DC5: _M_realloc_insert (vector.tcc:453)
==77865==    by 0x407DC5: push_back (stl_vector.h:1287)
==77865==    by 0x407DC5: EventLoop::EventLoop(std::vector<ServerConfig, std::allocator<ServerConfig> > const&) (EventLoop.cpp:39)
==77865==    by 0x413ED2: main (main.cpp:175)
==77865== 
==77865== 64 bytes in 1 blocks are still reachable in loss record 23 of 58
==77865==    at 0x4849013: operator new(unsigned long) (in /usr/libexec/valgrind/vgpreload_memcheck-amd64-linux.so)
==77865==    by 0x41359C: allocate (new_allocator.h:137)
==77865==    by 0x41359C: allocate (alloc_traits.h:133)
==77865==    by 0x41359C: _M_get_node (stl_tree.h:563)
==77865==    by 0x41359C: _M_create_node (stl_tree.h:585)
==77865==    by 0x41359C: operator()<std::basic_string<char> > (stl_tree.h:531)
==77865==    by 0x41359C: _M_clone_node<false, std::_Rb_tree<std::basic_string<char>, std::basic_string<char>, std::_Identity<std::basic_string<char> >, std::less<std::basic_string<char> > >::_Alloc_node> (stl_tree.h:647)
==77865==    by 0x41359C: std::_Rb_tree_node<std::__cxx11::basic_string<char, std::char_traits<char>, std::allocator<char> > >* std::_Rb_tree<std::__cxx11::basic_string<char, std::char_traits<char>, std::allocator<char> >, std::__cxx11::basic_string<char, std::char_traits<char>, std::allocator<char> >, std::_Identity<std::__cxx11::basic_string<char, std::char_traits<char>, std::allocator<char> > >, std::less<std::__cxx11::basic_string<char, std::char_traits<char>, std::allocator<char> > >, std::allocator<std::__cxx11::basic_string<char, std::char_traits<char>, std::allocator<char> > > >::_M_copy<false, std::_Rb_tree<std::__cxx11::basic_string<char, std::char_traits<char>, std::allocator<char> >, std::__cxx11::basic_string<char, std::char_traits<char>, std::allocator<char> >, std::_Identity<std::__cxx11::basic_string<char, std::char_traits<char>, std::allocator<char> > >, std::less<std::__cxx11::basic_string<char, std::char_traits<char>, std::allocator<char> > >, std::allocator<std::__cxx11::basic_string<char, std::char_traits<char>, std::allocator<char> > > >::_Alloc_node>(std::_Rb_tree_node<std::__cxx11::basic_string<char, std::char_traits<char>, std::allocator<char> > >*, std::_Rb_tree_node_base*, std::_Rb_tree<std::__cxx11::basic_string<char, std::char_traits<char>, std::allocator<char> >, std::__cxx11::basic_string<char, std::char_traits<char>, std::allocator<char> >, std::_Identity<std::__cxx11::basic_string<char, std::char_traits<char>, std::allocator<char> > >, std::less<std::__cxx11::basic_string<char, std::char_traits<char>, std::allocator<char> > >, std::allocator<std::__cxx11::basic_string<char, std::char_traits<char>, std::allocator<char> > > >::_Alloc_node&) (stl_tree.h:1897)
==77865==    by 0x41C1CB: _M_copy<false, std::_Rb_tree<std::basic_string<char>, std::basic_string<char>, std::_Identity<std::basic_string<char> >, std::less<std::basic_string<char> > >::_Alloc_node> (stl_tree.h:892)
==77865==    by 0x41C1CB: _M_copy (stl_tree.h:903)
==77865==    by 0x41C1CB: _Rb_tree (stl_tree.h:941)
==77865==    by 0x41C1CB: set (stl_set.h:221)
==77865==    by 0x41C1CB: LocationConfig::LocationConfig(LocationConfig const&) (LocationConfig.hpp:53)
==77865==    by 0x42406C: _Construct<LocationConfig, LocationConfig> (stl_construct.h:128)
==77865==    by 0x42406C: __do_uninit_copy<__gnu_cxx::__normal_iterator<const LocationConfig *, std::vector<LocationConfig> >, LocationConfig *> (stl_uninitialized.h:120)
==77865==    by 0x42406C: __uninit_copy<__gnu_cxx::__normal_iterator<const LocationConfig *, std::vector<LocationConfig> >, LocationConfig *> (stl_uninitialized.h:137)
==77865==    by 0x42406C: uninitialized_copy<__gnu_cxx::__normal_iterator<const LocationConfig *, std::vector<LocationConfig> >, LocationConfig *> (stl_uninitialized.h:184)
==77865==    by 0x42406C: __uninitialized_copy_a<__gnu_cxx::__normal_iterator<const LocationConfig *, std::vector<LocationConfig> >, LocationConfig *, LocationConfig> (stl_uninitialized.h:372)
==77865==    by 0x42406C: LocationConfig* std::vector<LocationConfig, std::allocator<LocationConfig> >::_M_allocate_and_copy<__gnu_cxx::__normal_iterator<LocationConfig const*, std::vector<LocationConfig, std::allocator<LocationConfig> > > >(unsigned long, __gnu_cxx::__normal_iterator<LocationConfig const*, std::vector<LocationConfig, std::allocator<LocationConfig> > >, __gnu_cxx::__normal_iterator<LocationConfig const*, std::vector<LocationConfig, std::allocator<LocationConfig> > >) (stl_vector.h:1617)
==77865==    by 0x423A2D: std::vector<LocationConfig, std::allocator<LocationConfig> >::operator=(std::vector<LocationConfig, std::allocator<LocationConfig> > const&) (vector.tcc:232)
==77865==    by 0x41C82D: ServerConfig::operator=(ServerConfig const&) (ServerConfig.cpp:40)
==77865==    by 0x41C911: ServerConfig::ServerConfig(ServerConfig const&) (ServerConfig.cpp:49)
==77865==    by 0x409C70: construct (new_allocator.h:187)
==77865==    by 0x409C70: construct<ServerConfig> (alloc_traits.h:145)
==77865==    by 0x409C70: std::vector<ServerConfig, std::allocator<ServerConfig> >::_M_realloc_insert(__gnu_cxx::__normal_iterator<ServerConfig*, std::vector<ServerConfig, std::allocator<ServerConfig> > >, ServerConfig const&) (vector.tcc:462)
==77865==    by 0x407B52: push_back (stl_vector.h:1287)
==77865==    by 0x407B52: EventLoop::EventLoop(std::vector<ServerConfig, std::allocator<ServerConfig> > const&) (EventLoop.cpp:27)
==77865==    by 0x413ED2: main (main.cpp:175)
==77865== 
==77865== 64 bytes in 1 blocks are still reachable in loss record 24 of 58
==77865==    at 0x4849013: operator new(unsigned long) (in /usr/libexec/valgrind/vgpreload_memcheck-amd64-linux.so)
==77865==    by 0x41359C: allocate (new_allocator.h:137)
==77865==    by 0x41359C: allocate (alloc_traits.h:133)
==77865==    by 0x41359C: _M_get_node (stl_tree.h:563)
==77865==    by 0x41359C: _M_create_node (stl_tree.h:585)
==77865==    by 0x41359C: operator()<std::basic_string<char> > (stl_tree.h:531)
==77865==    by 0x41359C: _M_clone_node<false, std::_Rb_tree<std::basic_string<char>, std::basic_string<char>, std::_Identity<std::basic_string<char> >, std::less<std::basic_string<char> > >::_Alloc_node> (stl_tree.h:647)
==77865==    by 0x41359C: std::_Rb_tree_node<std::__cxx11::basic_string<char, std::char_traits<char>, std::allocator<char> > >* std::_Rb_tree<std::__cxx11::basic_string<char, std::char_traits<char>, std::allocator<char> >, std::__cxx11::basic_string<char, std::char_traits<char>, std::allocator<char> >, std::_Identity<std::__cxx11::basic_string<char, std::char_traits<char>, std::allocator<char> > >, std::less<std::__cxx11::basic_string<char, std::char_traits<char>, std::allocator<char> > >, std::allocator<std::__cxx11::basic_string<char, std::char_traits<char>, std::allocator<char> > > >::_M_copy<false, std::_Rb_tree<std::__cxx11::basic_string<char, std::char_traits<char>, std::allocator<char> >, std::__cxx11::basic_string<char, std::char_traits<char>, std::allocator<char> >, std::_Identity<std::__cxx11::basic_string<char, std::char_traits<char>, std::allocator<char> > >, std::less<std::__cxx11::basic_string<char, std::char_traits<char>, std::allocator<char> > >, std::allocator<std::__cxx11::basic_string<char, std::char_traits<char>, std::allocator<char> > > >::_Alloc_node>(std::_Rb_tree_node<std::__cxx11::basic_string<char, std::char_traits<char>, std::allocator<char> > >*, std::_Rb_tree_node_base*, std::_Rb_tree<std::__cxx11::basic_string<char, std::char_traits<char>, std::allocator<char> >, std::__cxx11::basic_string<char, std::char_traits<char>, std::allocator<char> >, std::_Identity<std::__cxx11::basic_string<char, std::char_traits<char>, std::allocator<char> > >, std::less<std::__cxx11::basic_string<char, std::char_traits<char>, std::allocator<char> > >, std::allocator<std::__cxx11::basic_string<char, std::char_traits<char>, std::allocator<char> > > >::_Alloc_node&) (stl_tree.h:1897)
==77865==    by 0x41C1CB: _M_copy<false, std::_Rb_tree<std::basic_string<char>, std::basic_string<char>, std::_Identity<std::basic_string<char> >, std::less<std::basic_string<char> > >::_Alloc_node> (stl_tree.h:892)
==77865==    by 0x41C1CB: _M_copy (stl_tree.h:903)
==77865==    by 0x41C1CB: _Rb_tree (stl_tree.h:941)
==77865==    by 0x41C1CB: set (stl_set.h:221)
==77865==    by 0x41C1CB: LocationConfig::LocationConfig(LocationConfig const&) (LocationConfig.hpp:53)
==77865==    by 0x42406C: _Construct<LocationConfig, LocationConfig> (stl_construct.h:128)
==77865==    by 0x42406C: __do_uninit_copy<__gnu_cxx::__normal_iterator<const LocationConfig *, std::vector<LocationConfig> >, LocationConfig *> (stl_uninitialized.h:120)
==77865==    by 0x42406C: __uninit_copy<__gnu_cxx::__normal_iterator<const LocationConfig *, std::vector<LocationConfig> >, LocationConfig *> (stl_uninitialized.h:137)
==77865==    by 0x42406C: uninitialized_copy<__gnu_cxx::__normal_iterator<const LocationConfig *, std::vector<LocationConfig> >, LocationConfig *> (stl_uninitialized.h:184)
==77865==    by 0x42406C: __uninitialized_copy_a<__gnu_cxx::__normal_iterator<const LocationConfig *, std::vector<LocationConfig> >, LocationConfig *, LocationConfig> (stl_uninitialized.h:372)
==77865==    by 0x42406C: LocationConfig* std::vector<LocationConfig, std::allocator<LocationConfig> >::_M_allocate_and_copy<__gnu_cxx::__normal_iterator<LocationConfig const*, std::vector<LocationConfig, std::allocator<LocationConfig> > > >(unsigned long, __gnu_cxx::__normal_iterator<LocationConfig const*, std::vector<LocationConfig, std::allocator<LocationConfig> > >, __gnu_cxx::__normal_iterator<LocationConfig const*, std::vector<LocationConfig, std::allocator<LocationConfig> > >) (stl_vector.h:1617)
==77865==    by 0x423A2D: std::vector<LocationConfig, std::allocator<LocationConfig> >::operator=(std::vector<LocationConfig, std::allocator<LocationConfig> > const&) (vector.tcc:232)
==77865==    by 0x41C82D: ServerConfig::operator=(ServerConfig const&) (ServerConfig.cpp:40)
==77865==    by 0x41C911: ServerConfig::ServerConfig(ServerConfig const&) (ServerConfig.cpp:49)
==77865==    by 0x409C8C: _Construct<ServerConfig, ServerConfig> (stl_construct.h:128)
==77865==    by 0x409C8C: __do_uninit_copy<ServerConfig *, ServerConfig *> (stl_uninitialized.h:120)
==77865==    by 0x409C8C: __uninit_copy<ServerConfig *, ServerConfig *> (stl_uninitialized.h:137)
==77865==    by 0x409C8C: uninitialized_copy<ServerConfig *, ServerConfig *> (stl_uninitialized.h:184)
==77865==    by 0x409C8C: __uninitialized_copy_a<ServerConfig *, ServerConfig *, ServerConfig> (stl_uninitialized.h:372)
==77865==    by 0x409C8C: __uninitialized_move_if_noexcept_a<ServerConfig *, ServerConfig *, std::allocator<ServerConfig> > (stl_uninitialized.h:396)
==77865==    by 0x409C8C: std::vector<ServerConfig, std::allocator<ServerConfig> >::_M_realloc_insert(__gnu_cxx::__normal_iterator<ServerConfig*, std::vector<ServerConfig, std::allocator<ServerConfig> > >, ServerConfig const&) (vector.tcc:486)
==77865==    by 0x407B52: push_back (stl_vector.h:1287)
==77865==    by 0x407B52: EventLoop::EventLoop(std::vector<ServerConfig, std::allocator<ServerConfig> > const&) (EventLoop.cpp:27)
==77865==    by 0x413ED2: main (main.cpp:175)
==77865== 
==77865== 64 bytes in 1 blocks are still reachable in loss record 25 of 58
==77865==    at 0x4849013: operator new(unsigned long) (in /usr/libexec/valgrind/vgpreload_memcheck-amd64-linux.so)
==77865==    by 0x41359C: allocate (new_allocator.h:137)
==77865==    by 0x41359C: allocate (alloc_traits.h:133)
==77865==    by 0x41359C: _M_get_node (stl_tree.h:563)
==77865==    by 0x41359C: _M_create_node (stl_tree.h:585)
==77865==    by 0x41359C: operator()<std::basic_string<char> > (stl_tree.h:531)
==77865==    by 0x41359C: _M_clone_node<false, std::_Rb_tree<std::basic_string<char>, std::basic_string<char>, std::_Identity<std::basic_string<char> >, std::less<std::basic_string<char> > >::_Alloc_node> (stl_tree.h:647)
==77865==    by 0x41359C: std::_Rb_tree_node<std::__cxx11::basic_string<char, std::char_traits<char>, std::allocator<char> > >* std::_Rb_tree<std::__cxx11::basic_string<char, std::char_traits<char>, std::allocator<char> >, std::__cxx11::basic_string<char, std::char_traits<char>, std::allocator<char> >, std::_Identity<std::__cxx11::basic_string<char, std::char_traits<char>, std::allocator<char> > >, std::less<std::__cxx11::basic_string<char, std::char_traits<char>, std::allocator<char> > >, std::allocator<std::__cxx11::basic_string<char, std::char_traits<char>, std::allocator<char> > > >::_M_copy<false, std::_Rb_tree<std::__cxx11::basic_string<char, std::char_traits<char>, std::allocator<char> >, std::__cxx11::basic_string<char, std::char_traits<char>, std::allocator<char> >, std::_Identity<std::__cxx11::basic_string<char, std::char_traits<char>, std::allocator<char> > >, std::less<std::__cxx11::basic_string<char, std::char_traits<char>, std::allocator<char> > >, std::allocator<std::__cxx11::basic_string<char, std::char_traits<char>, std::allocator<char> > > >::_Alloc_node>(std::_Rb_tree_node<std::__cxx11::basic_string<char, std::char_traits<char>, std::allocator<char> > >*, std::_Rb_tree_node_base*, std::_Rb_tree<std::__cxx11::basic_string<char, std::char_traits<char>, std::allocator<char> >, std::__cxx11::basic_string<char, std::char_traits<char>, std::allocator<char> >, std::_Identity<std::__cxx11::basic_string<char, std::char_traits<char>, std::allocator<char> > >, std::less<std::__cxx11::basic_string<char, std::char_traits<char>, std::allocator<char> > >, std::allocator<std::__cxx11::basic_string<char, std::char_traits<char>, std::allocator<char> > > >::_Alloc_node&) (stl_tree.h:1897)
==77865==    by 0x4135DE: std::_Rb_tree_node<std::__cxx11::basic_string<char, std::char_traits<char>, std::allocator<char> > >* std::_Rb_tree<std::__cxx11::basic_string<char, std::char_traits<char>, std::allocator<char> >, std::__cxx11::basic_string<char, std::char_traits<char>, std::allocator<char> >, std::_Identity<std::__cxx11::basic_string<char, std::char_traits<char>, std::allocator<char> > >, std::less<std::__cxx11::basic_string<char, std::char_traits<char>, std::allocator<char> > >, std::allocator<std::__cxx11::basic_string<char, std::char_traits<char>, std::allocator<char> > > >::_M_copy<false, std::_Rb_tree<std::__cxx11::basic_string<char, std::char_traits<char>, std::allocator<char> >, std::__cxx11::basic_string<char, std::char_traits<char>, std::allocator<char> >, std::_Identity<std::__cxx11::basic_string<char, std::char_traits<char>, std::allocator<char> > >, std::less<std::__cxx11::basic_string<char, std::char_traits<char>, std::allocator<char> > >, std::allocator<std::__cxx11::basic_string<char, std::char_traits<char>, std::allocator<char> > > >::_Alloc_node>(std::_Rb_tree_node<std::__cxx11::basic_string<char, std::char_traits<char>, std::allocator<char> > >*, std::_Rb_tree_node_base*, std::_Rb_tree<std::__cxx11::basic_string<char, std::char_traits<char>, std::allocator<char> >, std::__cxx11::basic_string<char, std::char_traits<char>, std::allocator<char> >, std::_Identity<std::__cxx11::basic_string<char, std::char_traits<char>, std::allocator<char> > >, std::less<std::__cxx11::basic_string<char, std::char_traits<char>, std::allocator<char> > >, std::allocator<std::__cxx11::basic_string<char, std::char_traits<char>, std::allocator<char> > > >::_Alloc_node&) (stl_tree.h:1904)
==77865==    by 0x41C1CB: _M_copy<false, std::_Rb_tree<std::basic_string<char>, std::basic_string<char>, std::_Identity<std::basic_string<char> >, std::less<std::basic_string<char> > >::_Alloc_node> (stl_tree.h:892)
==77865==    by 0x41C1CB: _M_copy (stl_tree.h:903)
==77865==    by 0x41C1CB: _Rb_tree (stl_tree.h:941)
==77865==    by 0x41C1CB: set (stl_set.h:221)
==77865==    by 0x41C1CB: LocationConfig::LocationConfig(LocationConfig const&) (LocationConfig.hpp:53)
==77865==    by 0x42406C: _Construct<LocationConfig, LocationConfig> (stl_construct.h:128)
==77865==    by 0x42406C: __do_uninit_copy<__gnu_cxx::__normal_iterator<const LocationConfig *, std::vector<LocationConfig> >, LocationConfig *> (stl_uninitialized.h:120)
==77865==    by 0x42406C: __uninit_copy<__gnu_cxx::__normal_iterator<const LocationConfig *, std::vector<LocationConfig> >, LocationConfig *> (stl_uninitialized.h:137)
==77865==    by 0x42406C: uninitialized_copy<__gnu_cxx::__normal_iterator<const LocationConfig *, std::vector<LocationConfig> >, LocationConfig *> (stl_uninitialized.h:184)
==77865==    by 0x42406C: __uninitialized_copy_a<__gnu_cxx::__normal_iterator<const LocationConfig *, std::vector<LocationConfig> >, LocationConfig *, LocationConfig> (stl_uninitialized.h:372)
==77865==    by 0x42406C: LocationConfig* std::vector<LocationConfig, std::allocator<LocationConfig> >::_M_allocate_and_copy<__gnu_cxx::__normal_iterator<LocationConfig const*, std::vector<LocationConfig, std::allocator<LocationConfig> > > >(unsigned long, __gnu_cxx::__normal_iterator<LocationConfig const*, std::vector<LocationConfig, std::allocator<LocationConfig> > >, __gnu_cxx::__normal_iterator<LocationConfig const*, std::vector<LocationConfig, std::allocator<LocationConfig> > >) (stl_vector.h:1617)
==77865==    by 0x423A2D: std::vector<LocationConfig, std::allocator<LocationConfig> >::operator=(std::vector<LocationConfig, std::allocator<LocationConfig> > const&) (vector.tcc:232)
==77865==    by 0x41C82D: ServerConfig::operator=(ServerConfig const&) (ServerConfig.cpp:40)
==77865==    by 0x41C911: ServerConfig::ServerConfig(ServerConfig const&) (ServerConfig.cpp:49)
==77865==    by 0x409C8C: _Construct<ServerConfig, ServerConfig> (stl_construct.h:128)
==77865==    by 0x409C8C: __do_uninit_copy<ServerConfig *, ServerConfig *> (stl_uninitialized.h:120)
==77865==    by 0x409C8C: __uninit_copy<ServerConfig *, ServerConfig *> (stl_uninitialized.h:137)
==77865==    by 0x409C8C: uninitialized_copy<ServerConfig *, ServerConfig *> (stl_uninitialized.h:184)
==77865==    by 0x409C8C: __uninitialized_copy_a<ServerConfig *, ServerConfig *, ServerConfig> (stl_uninitialized.h:372)
==77865==    by 0x409C8C: __uninitialized_move_if_noexcept_a<ServerConfig *, ServerConfig *, std::allocator<ServerConfig> > (stl_uninitialized.h:396)
==77865==    by 0x409C8C: std::vector<ServerConfig, std::allocator<ServerConfig> >::_M_realloc_insert(__gnu_cxx::__normal_iterator<ServerConfig*, std::vector<ServerConfig, std::allocator<ServerConfig> > >, ServerConfig const&) (vector.tcc:486)
==77865==    by 0x407B52: push_back (stl_vector.h:1287)
==77865==    by 0x407B52: EventLoop::EventLoop(std::vector<ServerConfig, std::allocator<ServerConfig> > const&) (EventLoop.cpp:27)
==77865==    by 0x413ED2: main (main.cpp:175)
==77865== 
==77865== 72 bytes in 1 blocks are still reachable in loss record 26 of 58
==77865==    at 0x4849013: operator new(unsigned long) (in /usr/libexec/valgrind/vgpreload_memcheck-amd64-linux.so)
==77865==    by 0x423F8E: allocate (new_allocator.h:137)
==77865==    by 0x423F8E: allocate (alloc_traits.h:133)
==77865==    by 0x423F8E: _M_get_node (stl_tree.h:563)
==77865==    by 0x423F8E: _M_create_node (stl_tree.h:585)
==77865==    by 0x423F8E: std::_Rb_tree_node<std::pair<int const, std::__cxx11::basic_string<char, std::char_traits<char>, std::allocator<char> > > >* std::_Rb_tree<int, std::pair<int const, std::__cxx11::basic_string<char, std::char_traits<char>, std::allocator<char> > >, std::_Select1st<std::pair<int const, std::__cxx11::basic_string<char, std::char_traits<char>, std::allocator<char> > > >, std::less<int>, std::allocator<std::pair<int const, std::__cxx11::basic_string<char, std::char_traits<char>, std::allocator<char> > > > >::_Reuse_or_alloc_node::operator()<std::pair<int const, std::__cxx11::basic_string<char, std::char_traits<char>, std::allocator<char> > > >(std::pair<int const, std::__cxx11::basic_string<char, std::char_traits<char>, std::allocator<char> > > const&) (stl_tree.h:478)
==77865==    by 0x423E62: _M_clone_node<false, std::_Rb_tree<int, std::pair<const int, std::basic_string<char> >, std::_Select1st<std::pair<const int, std::basic_string<char> > >, std::less<int> >::_Reuse_or_alloc_node> (stl_tree.h:647)
==77865==    by 0x423E62: std::_Rb_tree_node<std::pair<int const, std::__cxx11::basic_string<char, std::char_traits<char>, std::allocator<char> > > >* std::_Rb_tree<int, std::pair<int const, std::__cxx11::basic_string<char, std::char_traits<char>, std::allocator<char> > >, std::_Select1st<std::pair<int const, std::__cxx11::basic_string<char, std::char_traits<char>, std::allocator<char> > > >, std::less<int>, std::allocator<std::pair<int const, std::__cxx11::basic_string<char, std::char_traits<char>, std::allocator<char> > > > >::_M_copy<false, std::_Rb_tree<int, std::pair<int const, std::__cxx11::basic_string<char, std::char_traits<char>, std::allocator<char> > >, std::_Select1st<std::pair<int const, std::__cxx11::basic_string<char, std::char_traits<char>, std::allocator<char> > > >, std::less<int>, std::allocator<std::pair<int const, std::__cxx11::basic_string<char, std::char_traits<char>, std::allocator<char> > > > >::_Reuse_or_alloc_node>(std::_Rb_tree_node<std::pair<int const, std::__cxx11::basic_string<char, std::char_traits<char>, std::allocator<char> > > >*, std::_Rb_tree_node_base*, std::_Rb_tree<int, std::pair<int const, std::__cxx11::basic_string<char, std::char_traits<char>, std::allocator<char> > >, std::_Select1st<std::pair<int const, std::__cxx11::basic_string<char, std::char_traits<char>, std::allocator<char> > > >, std::less<int>, std::allocator<std::pair<int const, std::__cxx11::basic_string<char, std::char_traits<char>, std::allocator<char> > > > >::_Reuse_or_alloc_node&) (stl_tree.h:1897)
==77865==    by 0x423DAD: _M_copy<false, std::_Rb_tree<int, std::pair<const int, std::basic_string<char> >, std::_Select1st<std::pair<const int, std::basic_string<char> > >, std::less<int> >::_Reuse_or_alloc_node> (stl_tree.h:892)
==77865==    by 0x423DAD: std::_Rb_tree<int, std::pair<int const, std::__cxx11::basic_string<char, std::char_traits<char>, std::allocator<char> > >, std::_Select1st<std::pair<int const, std::__cxx11::basic_string<char, std::char_traits<char>, std::allocator<char> > > >, std::less<int>, std::allocator<std::pair<int const, std::__cxx11::basic_string<char, std::char_traits<char>, std::allocator<char> > > > >::operator=(std::_Rb_tree<int, std::pair<int const, std::__cxx11::basic_string<char, std::char_traits<char>, std::allocator<char> > >, std::_Select1st<std::pair<int const, std::__cxx11::basic_string<char, std::char_traits<char>, std::allocator<char> > > >, std::less<int>, std::allocator<std::pair<int const, std::__cxx11::basic_string<char, std::char_traits<char>, std::allocator<char> > > > > const&) (stl_tree.h:1805)
==77865==    by 0x41C81A: operator= (stl_map.h:324)
==77865==    by 0x41C81A: ServerConfig::operator=(ServerConfig const&) (ServerConfig.cpp:39)
==77865==    by 0x41C911: ServerConfig::ServerConfig(ServerConfig const&) (ServerConfig.cpp:49)
==77865==    by 0x409C8C: _Construct<ServerConfig, ServerConfig> (stl_construct.h:128)
==77865==    by 0x409C8C: __do_uninit_copy<ServerConfig *, ServerConfig *> (stl_uninitialized.h:120)
==77865==    by 0x409C8C: __uninit_copy<ServerConfig *, ServerConfig *> (stl_uninitialized.h:137)
==77865==    by 0x409C8C: uninitialized_copy<ServerConfig *, ServerConfig *> (stl_uninitialized.h:184)
==77865==    by 0x409C8C: __uninitialized_copy_a<ServerConfig *, ServerConfig *, ServerConfig> (stl_uninitialized.h:372)
==77865==    by 0x409C8C: __uninitialized_move_if_noexcept_a<ServerConfig *, ServerConfig *, std::allocator<ServerConfig> > (stl_uninitialized.h:396)
==77865==    by 0x409C8C: std::vector<ServerConfig, std::allocator<ServerConfig> >::_M_realloc_insert(__gnu_cxx::__normal_iterator<ServerConfig*, std::vector<ServerConfig, std::allocator<ServerConfig> > >, ServerConfig const&) (vector.tcc:486)
==77865==    by 0x407B52: push_back (stl_vector.h:1287)
==77865==    by 0x407B52: EventLoop::EventLoop(std::vector<ServerConfig, std::allocator<ServerConfig> > const&) (EventLoop.cpp:27)
==77865==    by 0x413ED2: main (main.cpp:175)
==77865== 
==77865== 93 bytes in 3 blocks are still reachable in loss record 27 of 58
==77865==    at 0x4849013: operator new(unsigned long) (in /usr/libexec/valgrind/vgpreload_memcheck-amd64-linux.so)
==77865==    by 0x49BFFEE: std::__cxx11::basic_string<char, std::char_traits<char>, std::allocator<char> >::_M_assign(std::__cxx11::basic_string<char, std::char_traits<char>, std::allocator<char> > const&) (in /usr/lib/x86_64-linux-gnu/libstdc++.so.6.0.30)
==77865==    by 0x41C7E6: assign (basic_string.h:1579)
==77865==    by 0x41C7E6: operator= (basic_string.h:813)
==77865==    by 0x41C7E6: ServerConfig::operator=(ServerConfig const&) (ServerConfig.cpp:36)
==77865==    by 0x41C911: ServerConfig::ServerConfig(ServerConfig const&) (ServerConfig.cpp:49)
==77865==    by 0x40A2EC: _Construct<ServerConfig, ServerConfig> (stl_construct.h:128)
==77865==    by 0x40A2EC: __do_uninit_copy<__gnu_cxx::__normal_iterator<const ServerConfig *, std::vector<ServerConfig> >, ServerConfig *> (stl_uninitialized.h:120)
==77865==    by 0x40A2EC: __uninit_copy<__gnu_cxx::__normal_iterator<const ServerConfig *, std::vector<ServerConfig> >, ServerConfig *> (stl_uninitialized.h:137)
==77865==    by 0x40A2EC: uninitialized_copy<__gnu_cxx::__normal_iterator<const ServerConfig *, std::vector<ServerConfig> >, ServerConfig *> (stl_uninitialized.h:184)
==77865==    by 0x40A2EC: __uninitialized_copy_a<__gnu_cxx::__normal_iterator<const ServerConfig *, std::vector<ServerConfig> >, ServerConfig *, ServerConfig> (stl_uninitialized.h:372)
==77865==    by 0x40A2EC: ServerConfig* std::vector<ServerConfig, std::allocator<ServerConfig> >::_M_allocate_and_copy<__gnu_cxx::__normal_iterator<ServerConfig const*, std::vector<ServerConfig, std::allocator<ServerConfig> > > >(unsigned long, __gnu_cxx::__normal_iterator<ServerConfig const*, std::vector<ServerConfig, std::allocator<ServerConfig> > >, __gnu_cxx::__normal_iterator<ServerConfig const*, std::vector<ServerConfig, std::allocator<ServerConfig> > >) (stl_vector.h:1617)
==77865==    by 0x4091EF: std::vector<ServerConfig, std::allocator<ServerConfig> >::operator=(std::vector<ServerConfig, std::allocator<ServerConfig> > const&) (vector.tcc:232)
==77865==    by 0x413E84: main (main.cpp:174)
==77865== 
==77865== 97 bytes in 5 blocks are still reachable in loss record 28 of 58
==77865==    at 0x4849013: operator new(unsigned long) (in /usr/libexec/valgrind/vgpreload_memcheck-amd64-linux.so)
==77865==    by 0x41BEF6: _M_construct<char *> (basic_string.tcc:225)
==77865==    by 0x41BEF6: basic_string (basic_string.h:552)
==77865==    by 0x41BEF6: LocationConfig::LocationConfig(LocationConfig const&) (LocationConfig.hpp:51)
==77865==    by 0x42406C: _Construct<LocationConfig, LocationConfig> (stl_construct.h:128)
==77865==    by 0x42406C: __do_uninit_copy<__gnu_cxx::__normal_iterator<const LocationConfig *, std::vector<LocationConfig> >, LocationConfig *> (stl_uninitialized.h:120)
==77865==    by 0x42406C: __uninit_copy<__gnu_cxx::__normal_iterator<const LocationConfig *, std::vector<LocationConfig> >, LocationConfig *> (stl_uninitialized.h:137)
==77865==    by 0x42406C: uninitialized_copy<__gnu_cxx::__normal_iterator<const LocationConfig *, std::vector<LocationConfig> >, LocationConfig *> (stl_uninitialized.h:184)
==77865==    by 0x42406C: __uninitialized_copy_a<__gnu_cxx::__normal_iterator<const LocationConfig *, std::vector<LocationConfig> >, LocationConfig *, LocationConfig> (stl_uninitialized.h:372)
==77865==    by 0x42406C: LocationConfig* std::vector<LocationConfig, std::allocator<LocationConfig> >::_M_allocate_and_copy<__gnu_cxx::__normal_iterator<LocationConfig const*, std::vector<LocationConfig, std::allocator<LocationConfig> > > >(unsigned long, __gnu_cxx::__normal_iterator<LocationConfig const*, std::vector<LocationConfig, std::allocator<LocationConfig> > >, __gnu_cxx::__normal_iterator<LocationConfig const*, std::vector<LocationConfig, std::allocator<LocationConfig> > >) (stl_vector.h:1617)
==77865==    by 0x423A2D: std::vector<LocationConfig, std::allocator<LocationConfig> >::operator=(std::vector<LocationConfig, std::allocator<LocationConfig> > const&) (vector.tcc:232)
==77865==    by 0x41C82D: ServerConfig::operator=(ServerConfig const&) (ServerConfig.cpp:40)
==77865==    by 0x41C911: ServerConfig::ServerConfig(ServerConfig const&) (ServerConfig.cpp:49)
==77865==    by 0x409C70: construct (new_allocator.h:187)
==77865==    by 0x409C70: construct<ServerConfig> (alloc_traits.h:145)
==77865==    by 0x409C70: std::vector<ServerConfig, std::allocator<ServerConfig> >::_M_realloc_insert(__gnu_cxx::__normal_iterator<ServerConfig*, std::vector<ServerConfig, std::allocator<ServerConfig> > >, ServerConfig const&) (vector.tcc:462)
==77865==    by 0x407AA7: push_back (stl_vector.h:1287)
==77865==    by 0x407AA7: EventLoop::EventLoop(std::vector<ServerConfig, std::allocator<ServerConfig> > const&) (EventLoop.cpp:40)
==77865==    by 0x413ED2: main (main.cpp:175)
==77865== 
==77865== 128 bytes in 2 blocks are still reachable in loss record 29 of 58
==77865==    at 0x4849013: operator new(unsigned long) (in /usr/libexec/valgrind/vgpreload_memcheck-amd64-linux.so)
==77865==    by 0x41361D: allocate (new_allocator.h:137)
==77865==    by 0x41361D: allocate (alloc_traits.h:133)
==77865==    by 0x41361D: _M_get_node (stl_tree.h:563)
==77865==    by 0x41361D: _M_create_node (stl_tree.h:585)
==77865==    by 0x41361D: operator()<std::basic_string<char> > (stl_tree.h:531)
==77865==    by 0x41361D: _M_clone_node<false, std::_Rb_tree<std::basic_string<char>, std::basic_string<char>, std::_Identity<std::basic_string<char> >, std::less<std::basic_string<char> > >::_Alloc_node> (stl_tree.h:647)
==77865==    by 0x41361D: std::_Rb_tree_node<std::__cxx11::basic_string<char, std::char_traits<char>, std::allocator<char> > >* std::_Rb_tree<std::__cxx11::basic_string<char, std::char_traits<char>, std::allocator<char> >, std::__cxx11::basic_string<char, std::char_traits<char>, std::allocator<char> >, std::_Identity<std::__cxx11::basic_string<char, std::char_traits<char>, std::allocator<char> > >, std::less<std::__cxx11::basic_string<char, std::char_traits<char>, std::allocator<char> > >, std::allocator<std::__cxx11::basic_string<char, std::char_traits<char>, std::allocator<char> > > >::_M_copy<false, std::_Rb_tree<std::__cxx11::basic_string<char, std::char_traits<char>, std::allocator<char> >, std::__cxx11::basic_string<char, std::char_traits<char>, std::allocator<char> >, std::_Identity<std::__cxx11::basic_string<char, std::char_traits<char>, std::allocator<char> > >, std::less<std::__cxx11::basic_string<char, std::char_traits<char>, std::allocator<char> > >, std::allocator<std::__cxx11::basic_string<char, std::char_traits<char>, std::allocator<char> > > >::_Alloc_node>(std::_Rb_tree_node<std::__cxx11::basic_string<char, std::char_traits<char>, std::allocator<char> > >*, std::_Rb_tree_node_base*, std::_Rb_tree<std::__cxx11::basic_string<char, std::char_traits<char>, std::allocator<char> >, std::__cxx11::basic_string<char, std::char_traits<char>, std::allocator<char> >, std::_Identity<std::__cxx11::basic_string<char, std::char_traits<char>, std::allocator<char> > >, std::less<std::__cxx11::basic_string<char, std::char_traits<char>, std::allocator<char> > >, std::allocator<std::__cxx11::basic_string<char, std::char_traits<char>, std::allocator<char> > > >::_Alloc_node&) (stl_tree.h:1910)
==77865==    by 0x41C1CB: _M_copy<false, std::_Rb_tree<std::basic_string<char>, std::basic_string<char>, std::_Identity<std::basic_string<char> >, std::less<std::basic_string<char> > >::_Alloc_node> (stl_tree.h:892)
==77865==    by 0x41C1CB: _M_copy (stl_tree.h:903)
==77865==    by 0x41C1CB: _Rb_tree (stl_tree.h:941)
==77865==    by 0x41C1CB: set (stl_set.h:221)
==77865==    by 0x41C1CB: LocationConfig::LocationConfig(LocationConfig const&) (LocationConfig.hpp:53)
==77865==    by 0x42406C: _Construct<LocationConfig, LocationConfig> (stl_construct.h:128)
==77865==    by 0x42406C: __do_uninit_copy<__gnu_cxx::__normal_iterator<const LocationConfig *, std::vector<LocationConfig> >, LocationConfig *> (stl_uninitialized.h:120)
==77865==    by 0x42406C: __uninit_copy<__gnu_cxx::__normal_iterator<const LocationConfig *, std::vector<LocationConfig> >, LocationConfig *> (stl_uninitialized.h:137)
==77865==    by 0x42406C: uninitialized_copy<__gnu_cxx::__normal_iterator<const LocationConfig *, std::vector<LocationConfig> >, LocationConfig *> (stl_uninitialized.h:184)
==77865==    by 0x42406C: __uninitialized_copy_a<__gnu_cxx::__normal_iterator<const LocationConfig *, std::vector<LocationConfig> >, LocationConfig *, LocationConfig> (stl_uninitialized.h:372)
==77865==    by 0x42406C: LocationConfig* std::vector<LocationConfig, std::allocator<LocationConfig> >::_M_allocate_and_copy<__gnu_cxx::__normal_iterator<LocationConfig const*, std::vector<LocationConfig, std::allocator<LocationConfig> > > >(unsigned long, __gnu_cxx::__normal_iterator<LocationConfig const*, std::vector<LocationConfig, std::allocator<LocationConfig> > >, __gnu_cxx::__normal_iterator<LocationConfig const*, std::vector<LocationConfig, std::allocator<LocationConfig> > >) (stl_vector.h:1617)
==77865==    by 0x423A2D: std::vector<LocationConfig, std::allocator<LocationConfig> >::operator=(std::vector<LocationConfig, std::allocator<LocationConfig> > const&) (vector.tcc:232)
==77865==    by 0x41C82D: ServerConfig::operator=(ServerConfig const&) (ServerConfig.cpp:40)
==77865==    by 0x41C911: ServerConfig::ServerConfig(ServerConfig const&) (ServerConfig.cpp:49)
==77865==    by 0x40A2EC: _Construct<ServerConfig, ServerConfig> (stl_construct.h:128)
==77865==    by 0x40A2EC: __do_uninit_copy<__gnu_cxx::__normal_iterator<const ServerConfig *, std::vector<ServerConfig> >, ServerConfig *> (stl_uninitialized.h:120)
==77865==    by 0x40A2EC: __uninit_copy<__gnu_cxx::__normal_iterator<const ServerConfig *, std::vector<ServerConfig> >, ServerConfig *> (stl_uninitialized.h:137)
==77865==    by 0x40A2EC: uninitialized_copy<__gnu_cxx::__normal_iterator<const ServerConfig *, std::vector<ServerConfig> >, ServerConfig *> (stl_uninitialized.h:184)
==77865==    by 0x40A2EC: __uninitialized_copy_a<__gnu_cxx::__normal_iterator<const ServerConfig *, std::vector<ServerConfig> >, ServerConfig *, ServerConfig> (stl_uninitialized.h:372)
==77865==    by 0x40A2EC: ServerConfig* std::vector<ServerConfig, std::allocator<ServerConfig> >::_M_allocate_and_copy<__gnu_cxx::__normal_iterator<ServerConfig const*, std::vector<ServerConfig, std::allocator<ServerConfig> > > >(unsigned long, __gnu_cxx::__normal_iterator<ServerConfig const*, std::vector<ServerConfig, std::allocator<ServerConfig> > >, __gnu_cxx::__normal_iterator<ServerConfig const*, std::vector<ServerConfig, std::allocator<ServerConfig> > >) (stl_vector.h:1617)
==77865==    by 0x4091EF: std::vector<ServerConfig, std::allocator<ServerConfig> >::operator=(std::vector<ServerConfig, std::allocator<ServerConfig> > const&) (vector.tcc:232)
==77865==    by 0x413E84: main (main.cpp:174)
==77865== 
==77865== 128 bytes in 2 blocks are still reachable in loss record 30 of 58
==77865==    at 0x4849013: operator new(unsigned long) (in /usr/libexec/valgrind/vgpreload_memcheck-amd64-linux.so)
==77865==    by 0x41361D: allocate (new_allocator.h:137)
==77865==    by 0x41361D: allocate (alloc_traits.h:133)
==77865==    by 0x41361D: _M_get_node (stl_tree.h:563)
==77865==    by 0x41361D: _M_create_node (stl_tree.h:585)
==77865==    by 0x41361D: operator()<std::basic_string<char> > (stl_tree.h:531)
==77865==    by 0x41361D: _M_clone_node<false, std::_Rb_tree<std::basic_string<char>, std::basic_string<char>, std::_Identity<std::basic_string<char> >, std::less<std::basic_string<char> > >::_Alloc_node> (stl_tree.h:647)
==77865==    by 0x41361D: std::_Rb_tree_node<std::__cxx11::basic_string<char, std::char_traits<char>, std::allocator<char> > >* std::_Rb_tree<std::__cxx11::basic_string<char, std::char_traits<char>, std::allocator<char> >, std::__cxx11::basic_string<char, std::char_traits<char>, std::allocator<char> >, std::_Identity<std::__cxx11::basic_string<char, std::char_traits<char>, std::allocator<char> > >, std::less<std::__cxx11::basic_string<char, std::char_traits<char>, std::allocator<char> > >, std::allocator<std::__cxx11::basic_string<char, std::char_traits<char>, std::allocator<char> > > >::_M_copy<false, std::_Rb_tree<std::__cxx11::basic_string<char, std::char_traits<char>, std::allocator<char> >, std::__cxx11::basic_string<char, std::char_traits<char>, std::allocator<char> >, std::_Identity<std::__cxx11::basic_string<char, std::char_traits<char>, std::allocator<char> > >, std::less<std::__cxx11::basic_string<char, std::char_traits<char>, std::allocator<char> > >, std::allocator<std::__cxx11::basic_string<char, std::char_traits<char>, std::allocator<char> > > >::_Alloc_node>(std::_Rb_tree_node<std::__cxx11::basic_string<char, std::char_traits<char>, std::allocator<char> > >*, std::_Rb_tree_node_base*, std::_Rb_tree<std::__cxx11::basic_string<char, std::char_traits<char>, std::allocator<char> >, std::__cxx11::basic_string<char, std::char_traits<char>, std::allocator<char> >, std::_Identity<std::__cxx11::basic_string<char, std::char_traits<char>, std::allocator<char> > >, std::less<std::__cxx11::basic_string<char, std::char_traits<char>, std::allocator<char> > >, std::allocator<std::__cxx11::basic_string<char, std::char_traits<char>, std::allocator<char> > > >::_Alloc_node&) (stl_tree.h:1910)
==77865==    by 0x41C1CB: _M_copy<false, std::_Rb_tree<std::basic_string<char>, std::basic_string<char>, std::_Identity<std::basic_string<char> >, std::less<std::basic_string<char> > >::_Alloc_node> (stl_tree.h:892)
==77865==    by 0x41C1CB: _M_copy (stl_tree.h:903)
==77865==    by 0x41C1CB: _Rb_tree (stl_tree.h:941)
==77865==    by 0x41C1CB: set (stl_set.h:221)
==77865==    by 0x41C1CB: LocationConfig::LocationConfig(LocationConfig const&) (LocationConfig.hpp:53)
==77865==    by 0x42406C: _Construct<LocationConfig, LocationConfig> (stl_construct.h:128)
==77865==    by 0x42406C: __do_uninit_copy<__gnu_cxx::__normal_iterator<const LocationConfig *, std::vector<LocationConfig> >, LocationConfig *> (stl_uninitialized.h:120)
==77865==    by 0x42406C: __uninit_copy<__gnu_cxx::__normal_iterator<const LocationConfig *, std::vector<LocationConfig> >, LocationConfig *> (stl_uninitialized.h:137)
==77865==    by 0x42406C: uninitialized_copy<__gnu_cxx::__normal_iterator<const LocationConfig *, std::vector<LocationConfig> >, LocationConfig *> (stl_uninitialized.h:184)
==77865==    by 0x42406C: __uninitialized_copy_a<__gnu_cxx::__normal_iterator<const LocationConfig *, std::vector<LocationConfig> >, LocationConfig *, LocationConfig> (stl_uninitialized.h:372)
==77865==    by 0x42406C: LocationConfig* std::vector<LocationConfig, std::allocator<LocationConfig> >::_M_allocate_and_copy<__gnu_cxx::__normal_iterator<LocationConfig const*, std::vector<LocationConfig, std::allocator<LocationConfig> > > >(unsigned long, __gnu_cxx::__normal_iterator<LocationConfig const*, std::vector<LocationConfig, std::allocator<LocationConfig> > >, __gnu_cxx::__normal_iterator<LocationConfig const*, std::vector<LocationConfig, std::allocator<LocationConfig> > >) (stl_vector.h:1617)
==77865==    by 0x423A2D: std::vector<LocationConfig, std::allocator<LocationConfig> >::operator=(std::vector<LocationConfig, std::allocator<LocationConfig> > const&) (vector.tcc:232)
==77865==    by 0x41C82D: ServerConfig::operator=(ServerConfig const&) (ServerConfig.cpp:40)
==77865==    by 0x41C911: ServerConfig::ServerConfig(ServerConfig const&) (ServerConfig.cpp:49)
==77865==    by 0x409C70: construct (new_allocator.h:187)
==77865==    by 0x409C70: construct<ServerConfig> (alloc_traits.h:145)
==77865==    by 0x409C70: std::vector<ServerConfig, std::allocator<ServerConfig> >::_M_realloc_insert(__gnu_cxx::__normal_iterator<ServerConfig*, std::vector<ServerConfig, std::allocator<ServerConfig> > >, ServerConfig const&) (vector.tcc:462)
==77865==    by 0x407AA7: push_back (stl_vector.h:1287)
==77865==    by 0x407AA7: EventLoop::EventLoop(std::vector<ServerConfig, std::allocator<ServerConfig> > const&) (EventLoop.cpp:40)
==77865==    by 0x413ED2: main (main.cpp:175)
==77865== 
==77865== 128 bytes in 4 blocks are still reachable in loss record 31 of 58
==77865==    at 0x4849013: operator new(unsigned long) (in /usr/libexec/valgrind/vgpreload_memcheck-amd64-linux.so)
==77865==    by 0x4138B4: allocate (new_allocator.h:137)
==77865==    by 0x4138B4: allocate (alloc_traits.h:133)
==77865==    by 0x4138B4: _M_allocate (stl_vector.h:378)
==77865==    by 0x4138B4: std::__cxx11::basic_string<char, std::char_traits<char>, std::allocator<char> >* std::vector<std::__cxx11::basic_string<char, std::char_traits<char>, std::allocator<char> >, std::allocator<std::__cxx11::basic_string<char, std::char_traits<char>, std::allocator<char> > > >::_M_allocate_and_copy<__gnu_cxx::__normal_iterator<std::__cxx11::basic_string<char, std::char_traits<char>, std::allocator<char> > const*, std::vector<std::__cxx11::basic_string<char, std::char_traits<char>, std::allocator<char> >, std::allocator<std::__cxx11::basic_string<char, std::char_traits<char>, std::allocator<char> > > > > >(unsigned long, __gnu_cxx::__normal_iterator<std::__cxx11::basic_string<char, std::char_traits<char>, std::allocator<char> > const*, std::vector<std::__cxx11::basic_string<char, std::char_traits<char>, std::allocator<char> >, std::allocator<std::__cxx11::basic_string<char, std::char_traits<char>, std::allocator<char> > > > >, __gnu_cxx::__normal_iterator<std::__cxx11::basic_string<char, std::char_traits<char>, std::allocator<char> > const*, std::vector<std::__cxx11::basic_string<char, std::char_traits<char>, std::allocator<char> >, std::allocator<std::__cxx11::basic_string<char, std::char_traits<char>, std::allocator<char> > > > >) (stl_vector.h:1614)
==77865==    by 0x413254: std::vector<std::__cxx11::basic_string<char, std::char_traits<char>, std::allocator<char> >, std::allocator<std::__cxx11::basic_string<char, std::char_traits<char>, std::allocator<char> > > >::operator=(std::vector<std::__cxx11::basic_string<char, std::char_traits<char>, std::allocator<char> >, std::allocator<std::__cxx11::basic_string<char, std::char_traits<char>, std::allocator<char> > > > const&) (vector.tcc:232)
==77865==    by 0x41C7BF: ServerConfig::operator=(ServerConfig const&) (ServerConfig.cpp:33)
==77865==    by 0x41C911: ServerConfig::ServerConfig(ServerConfig const&) (ServerConfig.cpp:49)
==77865==    by 0x409C70: construct (new_allocator.h:187)
==77865==    by 0x409C70: construct<ServerConfig> (alloc_traits.h:145)
==77865==    by 0x409C70: std::vector<ServerConfig, std::allocator<ServerConfig> >::_M_realloc_insert(__gnu_cxx::__normal_iterator<ServerConfig*, std::vector<ServerConfig, std::allocator<ServerConfig> > >, ServerConfig const&) (vector.tcc:462)
==77865==    by 0x407AA7: push_back (stl_vector.h:1287)
==77865==    by 0x407AA7: EventLoop::EventLoop(std::vector<ServerConfig, std::allocator<ServerConfig> > const&) (EventLoop.cpp:40)
==77865==    by 0x413ED2: main (main.cpp:175)
==77865== 
==77865== 133 bytes in 7 blocks are still reachable in loss record 32 of 58
==77865==    at 0x4849013: operator new(unsigned long) (in /usr/libexec/valgrind/vgpreload_memcheck-amd64-linux.so)
==77865==    by 0x41BEF6: _M_construct<char *> (basic_string.tcc:225)
==77865==    by 0x41BEF6: basic_string (basic_string.h:552)
==77865==    by 0x41BEF6: LocationConfig::LocationConfig(LocationConfig const&) (LocationConfig.hpp:51)
==77865==    by 0x42406C: _Construct<LocationConfig, LocationConfig> (stl_construct.h:128)
==77865==    by 0x42406C: __do_uninit_copy<__gnu_cxx::__normal_iterator<const LocationConfig *, std::vector<LocationConfig> >, LocationConfig *> (stl_uninitialized.h:120)
==77865==    by 0x42406C: __uninit_copy<__gnu_cxx::__normal_iterator<const LocationConfig *, std::vector<LocationConfig> >, LocationConfig *> (stl_uninitialized.h:137)
==77865==    by 0x42406C: uninitialized_copy<__gnu_cxx::__normal_iterator<const LocationConfig *, std::vector<LocationConfig> >, LocationConfig *> (stl_uninitialized.h:184)
==77865==    by 0x42406C: __uninitialized_copy_a<__gnu_cxx::__normal_iterator<const LocationConfig *, std::vector<LocationConfig> >, LocationConfig *, LocationConfig> (stl_uninitialized.h:372)
==77865==    by 0x42406C: LocationConfig* std::vector<LocationConfig, std::allocator<LocationConfig> >::_M_allocate_and_copy<__gnu_cxx::__normal_iterator<LocationConfig const*, std::vector<LocationConfig, std::allocator<LocationConfig> > > >(unsigned long, __gnu_cxx::__normal_iterator<LocationConfig const*, std::vector<LocationConfig, std::allocator<LocationConfig> > >, __gnu_cxx::__normal_iterator<LocationConfig const*, std::vector<LocationConfig, std::allocator<LocationConfig> > >) (stl_vector.h:1617)
==77865==    by 0x423A2D: std::vector<LocationConfig, std::allocator<LocationConfig> >::operator=(std::vector<LocationConfig, std::allocator<LocationConfig> > const&) (vector.tcc:232)
==77865==    by 0x41C82D: ServerConfig::operator=(ServerConfig const&) (ServerConfig.cpp:40)
==77865==    by 0x41C911: ServerConfig::ServerConfig(ServerConfig const&) (ServerConfig.cpp:49)
==77865==    by 0x40A2EC: _Construct<ServerConfig, ServerConfig> (stl_construct.h:128)
==77865==    by 0x40A2EC: __do_uninit_copy<__gnu_cxx::__normal_iterator<const ServerConfig *, std::vector<ServerConfig> >, ServerConfig *> (stl_uninitialized.h:120)
==77865==    by 0x40A2EC: __uninit_copy<__gnu_cxx::__normal_iterator<const ServerConfig *, std::vector<ServerConfig> >, ServerConfig *> (stl_uninitialized.h:137)
==77865==    by 0x40A2EC: uninitialized_copy<__gnu_cxx::__normal_iterator<const ServerConfig *, std::vector<ServerConfig> >, ServerConfig *> (stl_uninitialized.h:184)
==77865==    by 0x40A2EC: __uninitialized_copy_a<__gnu_cxx::__normal_iterator<const ServerConfig *, std::vector<ServerConfig> >, ServerConfig *, ServerConfig> (stl_uninitialized.h:372)
==77865==    by 0x40A2EC: ServerConfig* std::vector<ServerConfig, std::allocator<ServerConfig> >::_M_allocate_and_copy<__gnu_cxx::__normal_iterator<ServerConfig const*, std::vector<ServerConfig, std::allocator<ServerConfig> > > >(unsigned long, __gnu_cxx::__normal_iterator<ServerConfig const*, std::vector<ServerConfig, std::allocator<ServerConfig> > >, __gnu_cxx::__normal_iterator<ServerConfig const*, std::vector<ServerConfig, std::allocator<ServerConfig> > >) (stl_vector.h:1617)
==77865==    by 0x4091EF: std::vector<ServerConfig, std::allocator<ServerConfig> >::operator=(std::vector<ServerConfig, std::allocator<ServerConfig> > const&) (vector.tcc:232)
==77865==    by 0x413E84: main (main.cpp:174)
==77865== 
==77865== 144 bytes in 2 blocks are still reachable in loss record 33 of 58
==77865==    at 0x4849013: operator new(unsigned long) (in /usr/libexec/valgrind/vgpreload_memcheck-amd64-linux.so)
==77865==    by 0x423F8E: allocate (new_allocator.h:137)
==77865==    by 0x423F8E: allocate (alloc_traits.h:133)
==77865==    by 0x423F8E: _M_get_node (stl_tree.h:563)
==77865==    by 0x423F8E: _M_create_node (stl_tree.h:585)
==77865==    by 0x423F8E: std::_Rb_tree_node<std::pair<int const, std::__cxx11::basic_string<char, std::char_traits<char>, std::allocator<char> > > >* std::_Rb_tree<int, std::pair<int const, std::__cxx11::basic_string<char, std::char_traits<char>, std::allocator<char> > >, std::_Select1st<std::pair<int const, std::__cxx11::basic_string<char, std::char_traits<char>, std::allocator<char> > > >, std::less<int>, std::allocator<std::pair<int const, std::__cxx11::basic_string<char, std::char_traits<char>, std::allocator<char> > > > >::_Reuse_or_alloc_node::operator()<std::pair<int const, std::__cxx11::basic_string<char, std::char_traits<char>, std::allocator<char> > > >(std::pair<int const, std::__cxx11::basic_string<char, std::char_traits<char>, std::allocator<char> > > const&) (stl_tree.h:478)
==77865==    by 0x423E62: _M_clone_node<false, std::_Rb_tree<int, std::pair<const int, std::basic_string<char> >, std::_Select1st<std::pair<const int, std::basic_string<char> > >, std::less<int> >::_Reuse_or_alloc_node> (stl_tree.h:647)
==77865==    by 0x423E62: std::_Rb_tree_node<std::pair<int const, std::__cxx11::basic_string<char, std::char_traits<char>, std::allocator<char> > > >* std::_Rb_tree<int, std::pair<int const, std::__cxx11::basic_string<char, std::char_traits<char>, std::allocator<char> > >, std::_Select1st<std::pair<int const, std::__cxx11::basic_string<char, std::char_traits<char>, std::allocator<char> > > >, std::less<int>, std::allocator<std::pair<int const, std::__cxx11::basic_string<char, std::char_traits<char>, std::allocator<char> > > > >::_M_copy<false, std::_Rb_tree<int, std::pair<int const, std::__cxx11::basic_string<char, std::char_traits<char>, std::allocator<char> > >, std::_Select1st<std::pair<int const, std::__cxx11::basic_string<char, std::char_traits<char>, std::allocator<char> > > >, std::less<int>, std::allocator<std::pair<int const, std::__cxx11::basic_string<char, std::char_traits<char>, std::allocator<char> > > > >::_Reuse_or_alloc_node>(std::_Rb_tree_node<std::pair<int const, std::__cxx11::basic_string<char, std::char_traits<char>, std::allocator<char> > > >*, std::_Rb_tree_node_base*, std::_Rb_tree<int, std::pair<int const, std::__cxx11::basic_string<char, std::char_traits<char>, std::allocator<char> > >, std::_Select1st<std::pair<int const, std::__cxx11::basic_string<char, std::char_traits<char>, std::allocator<char> > > >, std::less<int>, std::allocator<std::pair<int const, std::__cxx11::basic_string<char, std::char_traits<char>, std::allocator<char> > > > >::_Reuse_or_alloc_node&) (stl_tree.h:1897)
==77865==    by 0x423E90: std::_Rb_tree_node<std::pair<int const, std::__cxx11::basic_string<char, std::char_traits<char>, std::allocator<char> > > >* std::_Rb_tree<int, std::pair<int const, std::__cxx11::basic_string<char, std::char_traits<char>, std::allocator<char> > >, std::_Select1st<std::pair<int const, std::__cxx11::basic_string<char, std::char_traits<char>, std::allocator<char> > > >, std::less<int>, std::allocator<std::pair<int const, std::__cxx11::basic_string<char, std::char_traits<char>, std::allocator<char> > > > >::_M_copy<false, std::_Rb_tree<int, std::pair<int const, std::__cxx11::basic_string<char, std::char_traits<char>, std::allocator<char> > >, std::_Select1st<std::pair<int const, std::__cxx11::basic_string<char, std::char_traits<char>, std::allocator<char> > > >, std::less<int>, std::allocator<std::pair<int const, std::__cxx11::basic_string<char, std::char_traits<char>, std::allocator<char> > > > >::_Reuse_or_alloc_node>(std::_Rb_tree_node<std::pair<int const, std::__cxx11::basic_string<char, std::char_traits<char>, std::allocator<char> > > >*, std::_Rb_tree_node_base*, std::_Rb_tree<int, std::pair<int const, std::__cxx11::basic_string<char, std::char_traits<char>, std::allocator<char> > >, std::_Select1st<std::pair<int const, std::__cxx11::basic_string<char, std::char_traits<char>, std::allocator<char> > > >, std::less<int>, std::allocator<std::pair<int const, std::__cxx11::basic_string<char, std::char_traits<char>, std::allocator<char> > > > >::_Reuse_or_alloc_node&) (stl_tree.h:1904)
==77865==    by 0x423DAD: _M_copy<false, std::_Rb_tree<int, std::pair<const int, std::basic_string<char> >, std::_Select1st<std::pair<const int, std::basic_string<char> > >, std::less<int> >::_Reuse_or_alloc_node> (stl_tree.h:892)
==77865==    by 0x423DAD: std::_Rb_tree<int, std::pair<int const, std::__cxx11::basic_string<char, std::char_traits<char>, std::allocator<char> > >, std::_Select1st<std::pair<int const, std::__cxx11::basic_string<char, std::char_traits<char>, std::allocator<char> > > >, std::less<int>, std::allocator<std::pair<int const, std::__cxx11::basic_string<char, std::char_traits<char>, std::allocator<char> > > > >::operator=(std::_Rb_tree<int, std::pair<int const, std::__cxx11::basic_string<char, std::char_traits<char>, std::allocator<char> > >, std::_Select1st<std::pair<int const, std::__cxx11::basic_string<char, std::char_traits<char>, std::allocator<char> > > >, std::less<int>, std::allocator<std::pair<int const, std::__cxx11::basic_string<char, std::char_traits<char>, std::allocator<char> > > > > const&) (stl_tree.h:1805)
==77865==    by 0x41C81A: operator= (stl_map.h:324)
==77865==    by 0x41C81A: ServerConfig::operator=(ServerConfig const&) (ServerConfig.cpp:39)
==77865==    by 0x41C911: ServerConfig::ServerConfig(ServerConfig const&) (ServerConfig.cpp:49)
==77865==    by 0x40A2EC: _Construct<ServerConfig, ServerConfig> (stl_construct.h:128)
==77865==    by 0x40A2EC: __do_uninit_copy<__gnu_cxx::__normal_iterator<const ServerConfig *, std::vector<ServerConfig> >, ServerConfig *> (stl_uninitialized.h:120)
==77865==    by 0x40A2EC: __uninit_copy<__gnu_cxx::__normal_iterator<const ServerConfig *, std::vector<ServerConfig> >, ServerConfig *> (stl_uninitialized.h:137)
==77865==    by 0x40A2EC: uninitialized_copy<__gnu_cxx::__normal_iterator<const ServerConfig *, std::vector<ServerConfig> >, ServerConfig *> (stl_uninitialized.h:184)
==77865==    by 0x40A2EC: __uninitialized_copy_a<__gnu_cxx::__normal_iterator<const ServerConfig *, std::vector<ServerConfig> >, ServerConfig *, ServerConfig> (stl_uninitialized.h:372)
==77865==    by 0x40A2EC: ServerConfig* std::vector<ServerConfig, std::allocator<ServerConfig> >::_M_allocate_and_copy<__gnu_cxx::__normal_iterator<ServerConfig const*, std::vector<ServerConfig, std::allocator<ServerConfig> > > >(unsigned long, __gnu_cxx::__normal_iterator<ServerConfig const*, std::vector<ServerConfig, std::allocator<ServerConfig> > >, __gnu_cxx::__normal_iterator<ServerConfig const*, std::vector<ServerConfig, std::allocator<ServerConfig> > >) (stl_vector.h:1617)
==77865==    by 0x4091EF: std::vector<ServerConfig, std::allocator<ServerConfig> >::operator=(std::vector<ServerConfig, std::allocator<ServerConfig> > const&) (vector.tcc:232)
==77865==    by 0x413E84: main (main.cpp:174)
==77865== 
==77865== 144 bytes in 2 blocks are still reachable in loss record 34 of 58
==77865==    at 0x4849013: operator new(unsigned long) (in /usr/libexec/valgrind/vgpreload_memcheck-amd64-linux.so)
==77865==    by 0x423F8E: allocate (new_allocator.h:137)
==77865==    by 0x423F8E: allocate (alloc_traits.h:133)
==77865==    by 0x423F8E: _M_get_node (stl_tree.h:563)
==77865==    by 0x423F8E: _M_create_node (stl_tree.h:585)
==77865==    by 0x423F8E: std::_Rb_tree_node<std::pair<int const, std::__cxx11::basic_string<char, std::char_traits<char>, std::allocator<char> > > >* std::_Rb_tree<int, std::pair<int const, std::__cxx11::basic_string<char, std::char_traits<char>, std::allocator<char> > >, std::_Select1st<std::pair<int const, std::__cxx11::basic_string<char, std::char_traits<char>, std::allocator<char> > > >, std::less<int>, std::allocator<std::pair<int const, std::__cxx11::basic_string<char, std::char_traits<char>, std::allocator<char> > > > >::_Reuse_or_alloc_node::operator()<std::pair<int const, std::__cxx11::basic_string<char, std::char_traits<char>, std::allocator<char> > > >(std::pair<int const, std::__cxx11::basic_string<char, std::char_traits<char>, std::allocator<char> > > const&) (stl_tree.h:478)
==77865==    by 0x423E62: _M_clone_node<false, std::_Rb_tree<int, std::pair<const int, std::basic_string<char> >, std::_Select1st<std::pair<const int, std::basic_string<char> > >, std::less<int> >::_Reuse_or_alloc_node> (stl_tree.h:647)
==77865==    by 0x423E62: std::_Rb_tree_node<std::pair<int const, std::__cxx11::basic_string<char, std::char_traits<char>, std::allocator<char> > > >* std::_Rb_tree<int, std::pair<int const, std::__cxx11::basic_string<char, std::char_traits<char>, std::allocator<char> > >, std::_Select1st<std::pair<int const, std::__cxx11::basic_string<char, std::char_traits<char>, std::allocator<char> > > >, std::less<int>, std::allocator<std::pair<int const, std::__cxx11::basic_string<char, std::char_traits<char>, std::allocator<char> > > > >::_M_copy<false, std::_Rb_tree<int, std::pair<int const, std::__cxx11::basic_string<char, std::char_traits<char>, std::allocator<char> > >, std::_Select1st<std::pair<int const, std::__cxx11::basic_string<char, std::char_traits<char>, std::allocator<char> > > >, std::less<int>, std::allocator<std::pair<int const, std::__cxx11::basic_string<char, std::char_traits<char>, std::allocator<char> > > > >::_Reuse_or_alloc_node>(std::_Rb_tree_node<std::pair<int const, std::__cxx11::basic_string<char, std::char_traits<char>, std::allocator<char> > > >*, std::_Rb_tree_node_base*, std::_Rb_tree<int, std::pair<int const, std::__cxx11::basic_string<char, std::char_traits<char>, std::allocator<char> > >, std::_Select1st<std::pair<int const, std::__cxx11::basic_string<char, std::char_traits<char>, std::allocator<char> > > >, std::less<int>, std::allocator<std::pair<int const, std::__cxx11::basic_string<char, std::char_traits<char>, std::allocator<char> > > > >::_Reuse_or_alloc_node&) (stl_tree.h:1897)
==77865==    by 0x423DAD: _M_copy<false, std::_Rb_tree<int, std::pair<const int, std::basic_string<char> >, std::_Select1st<std::pair<const int, std::basic_string<char> > >, std::less<int> >::_Reuse_or_alloc_node> (stl_tree.h:892)
==77865==    by 0x423DAD: std::_Rb_tree<int, std::pair<int const, std::__cxx11::basic_string<char, std::char_traits<char>, std::allocator<char> > >, std::_Select1st<std::pair<int const, std::__cxx11::basic_string<char, std::char_traits<char>, std::allocator<char> > > >, std::less<int>, std::allocator<std::pair<int const, std::__cxx11::basic_string<char, std::char_traits<char>, std::allocator<char> > > > >::operator=(std::_Rb_tree<int, std::pair<int const, std::__cxx11::basic_string<char, std::char_traits<char>, std::allocator<char> > >, std::_Select1st<std::pair<int const, std::__cxx11::basic_string<char, std::char_traits<char>, std::allocator<char> > > >, std::less<int>, std::allocator<std::pair<int const, std::__cxx11::basic_string<char, std::char_traits<char>, std::allocator<char> > > > > const&) (stl_tree.h:1805)
==77865==    by 0x41C81A: operator= (stl_map.h:324)
==77865==    by 0x41C81A: ServerConfig::operator=(ServerConfig const&) (ServerConfig.cpp:39)
==77865==    by 0x41C911: ServerConfig::ServerConfig(ServerConfig const&) (ServerConfig.cpp:49)
==77865==    by 0x409C70: construct (new_allocator.h:187)
==77865==    by 0x409C70: construct<ServerConfig> (alloc_traits.h:145)
==77865==    by 0x409C70: std::vector<ServerConfig, std::allocator<ServerConfig> >::_M_realloc_insert(__gnu_cxx::__normal_iterator<ServerConfig*, std::vector<ServerConfig, std::allocator<ServerConfig> > >, ServerConfig const&) (vector.tcc:462)
==77865==    by 0x407AA7: push_back (stl_vector.h:1287)
==77865==    by 0x407AA7: EventLoop::EventLoop(std::vector<ServerConfig, std::allocator<ServerConfig> > const&) (EventLoop.cpp:40)
==77865==    by 0x413ED2: main (main.cpp:175)
==77865== 
==77865== 144 bytes in 2 blocks are still reachable in loss record 35 of 58
==77865==    at 0x4849013: operator new(unsigned long) (in /usr/libexec/valgrind/vgpreload_memcheck-amd64-linux.so)
==77865==    by 0x423F8E: allocate (new_allocator.h:137)
==77865==    by 0x423F8E: allocate (alloc_traits.h:133)
==77865==    by 0x423F8E: _M_get_node (stl_tree.h:563)
==77865==    by 0x423F8E: _M_create_node (stl_tree.h:585)
==77865==    by 0x423F8E: std::_Rb_tree_node<std::pair<int const, std::__cxx11::basic_string<char, std::char_traits<char>, std::allocator<char> > > >* std::_Rb_tree<int, std::pair<int const, std::__cxx11::basic_string<char, std::char_traits<char>, std::allocator<char> > >, std::_Select1st<std::pair<int const, std::__cxx11::basic_string<char, std::char_traits<char>, std::allocator<char> > > >, std::less<int>, std::allocator<std::pair<int const, std::__cxx11::basic_string<char, std::char_traits<char>, std::allocator<char> > > > >::_Reuse_or_alloc_node::operator()<std::pair<int const, std::__cxx11::basic_string<char, std::char_traits<char>, std::allocator<char> > > >(std::pair<int const, std::__cxx11::basic_string<char, std::char_traits<char>, std::allocator<char> > > const&) (stl_tree.h:478)
==77865==    by 0x423E62: _M_clone_node<false, std::_Rb_tree<int, std::pair<const int, std::basic_string<char> >, std::_Select1st<std::pair<const int, std::basic_string<char> > >, std::less<int> >::_Reuse_or_alloc_node> (stl_tree.h:647)
==77865==    by 0x423E62: std::_Rb_tree_node<std::pair<int const, std::__cxx11::basic_string<char, std::char_traits<char>, std::allocator<char> > > >* std::_Rb_tree<int, std::pair<int const, std::__cxx11::basic_string<char, std::char_traits<char>, std::allocator<char> > >, std::_Select1st<std::pair<int const, std::__cxx11::basic_string<char, std::char_traits<char>, std::allocator<char> > > >, std::less<int>, std::allocator<std::pair<int const, std::__cxx11::basic_string<char, std::char_traits<char>, std::allocator<char> > > > >::_M_copy<false, std::_Rb_tree<int, std::pair<int const, std::__cxx11::basic_string<char, std::char_traits<char>, std::allocator<char> > >, std::_Select1st<std::pair<int const, std::__cxx11::basic_string<char, std::char_traits<char>, std::allocator<char> > > >, std::less<int>, std::allocator<std::pair<int const, std::__cxx11::basic_string<char, std::char_traits<char>, std::allocator<char> > > > >::_Reuse_or_alloc_node>(std::_Rb_tree_node<std::pair<int const, std::__cxx11::basic_string<char, std::char_traits<char>, std::allocator<char> > > >*, std::_Rb_tree_node_base*, std::_Rb_tree<int, std::pair<int const, std::__cxx11::basic_string<char, std::char_traits<char>, std::allocator<char> > >, std::_Select1st<std::pair<int const, std::__cxx11::basic_string<char, std::char_traits<char>, std::allocator<char> > > >, std::less<int>, std::allocator<std::pair<int const, std::__cxx11::basic_string<char, std::char_traits<char>, std::allocator<char> > > > >::_Reuse_or_alloc_node&) (stl_tree.h:1897)
==77865==    by 0x423E90: std::_Rb_tree_node<std::pair<int const, std::__cxx11::basic_string<char, std::char_traits<char>, std::allocator<char> > > >* std::_Rb_tree<int, std::pair<int const, std::__cxx11::basic_string<char, std::char_traits<char>, std::allocator<char> > >, std::_Select1st<std::pair<int const, std::__cxx11::basic_string<char, std::char_traits<char>, std::allocator<char> > > >, std::less<int>, std::allocator<std::pair<int const, std::__cxx11::basic_string<char, std::char_traits<char>, std::allocator<char> > > > >::_M_copy<false, std::_Rb_tree<int, std::pair<int const, std::__cxx11::basic_string<char, std::char_traits<char>, std::allocator<char> > >, std::_Select1st<std::pair<int const, std::__cxx11::basic_string<char, std::char_traits<char>, std::allocator<char> > > >, std::less<int>, std::allocator<std::pair<int const, std::__cxx11::basic_string<char, std::char_traits<char>, std::allocator<char> > > > >::_Reuse_or_alloc_node>(std::_Rb_tree_node<std::pair<int const, std::__cxx11::basic_string<char, std::char_traits<char>, std::allocator<char> > > >*, std::_Rb_tree_node_base*, std::_Rb_tree<int, std::pair<int const, std::__cxx11::basic_string<char, std::char_traits<char>, std::allocator<char> > >, std::_Select1st<std::pair<int const, std::__cxx11::basic_string<char, std::char_traits<char>, std::allocator<char> > > >, std::less<int>, std::allocator<std::pair<int const, std::__cxx11::basic_string<char, std::char_traits<char>, std::allocator<char> > > > >::_Reuse_or_alloc_node&) (stl_tree.h:1904)
==77865==    by 0x423DAD: _M_copy<false, std::_Rb_tree<int, std::pair<const int, std::basic_string<char> >, std::_Select1st<std::pair<const int, std::basic_string<char> > >, std::less<int> >::_Reuse_or_alloc_node> (stl_tree.h:892)
==77865==    by 0x423DAD: std::_Rb_tree<int, std::pair<int const, std::__cxx11::basic_string<char, std::char_traits<char>, std::allocator<char> > >, std::_Select1st<std::pair<int const, std::__cxx11::basic_string<char, std::char_traits<char>, std::allocator<char> > > >, std::less<int>, std::allocator<std::pair<int const, std::__cxx11::basic_string<char, std::char_traits<char>, std::allocator<char> > > > >::operator=(std::_Rb_tree<int, std::pair<int const, std::__cxx11::basic_string<char, std::char_traits<char>, std::allocator<char> > >, std::_Select1st<std::pair<int const, std::__cxx11::basic_string<char, std::char_traits<char>, std::allocator<char> > > >, std::less<int>, std::allocator<std::pair<int const, std::__cxx11::basic_string<char, std::char_traits<char>, std::allocator<char> > > > > const&) (stl_tree.h:1805)
==77865==    by 0x41C81A: operator= (stl_map.h:324)
==77865==    by 0x41C81A: ServerConfig::operator=(ServerConfig const&) (ServerConfig.cpp:39)
==77865==    by 0x41C911: ServerConfig::ServerConfig(ServerConfig const&) (ServerConfig.cpp:49)
==77865==    by 0x409C70: construct (new_allocator.h:187)
==77865==    by 0x409C70: construct<ServerConfig> (alloc_traits.h:145)
==77865==    by 0x409C70: std::vector<ServerConfig, std::allocator<ServerConfig> >::_M_realloc_insert(__gnu_cxx::__normal_iterator<ServerConfig*, std::vector<ServerConfig, std::allocator<ServerConfig> > >, ServerConfig const&) (vector.tcc:462)
==77865==    by 0x407AA7: push_back (stl_vector.h:1287)
==77865==    by 0x407AA7: EventLoop::EventLoop(std::vector<ServerConfig, std::allocator<ServerConfig> > const&) (EventLoop.cpp:40)
==77865==    by 0x413ED2: main (main.cpp:175)
==77865== 
==77865== 192 bytes in 1 blocks are still reachable in loss record 36 of 58
==77865==    at 0x4849013: operator new(unsigned long) (in /usr/libexec/valgrind/vgpreload_memcheck-amd64-linux.so)
==77865==    by 0x409EF5: allocate (new_allocator.h:137)
==77865==    by 0x409EF5: allocate (alloc_traits.h:133)
==77865==    by 0x409EF5: _M_allocate (stl_vector.h:378)
==77865==    by 0x409EF5: std::vector<Server, std::allocator<Server> >::_M_realloc_insert(__gnu_cxx::__normal_iterator<Server*, std::vector<Server, std::allocator<Server> > >, Server const&) (vector.tcc:453)
==77865==    by 0x407CFC: push_back (stl_vector.h:1287)
==77865==    by 0x407CFC: EventLoop::EventLoop(std::vector<ServerConfig, std::allocator<ServerConfig> > const&) (EventLoop.cpp:33)
==77865==    by 0x413ED2: main (main.cpp:175)
==77865== 
==77865== 192 bytes in 4 blocks are still reachable in loss record 37 of 58
==77865==    at 0x4849013: operator new(unsigned long) (in /usr/libexec/valgrind/vgpreload_memcheck-amd64-linux.so)
==77865==    by 0x4138B4: allocate (new_allocator.h:137)
==77865==    by 0x4138B4: allocate (alloc_traits.h:133)
==77865==    by 0x4138B4: _M_allocate (stl_vector.h:378)
==77865==    by 0x4138B4: std::__cxx11::basic_string<char, std::char_traits<char>, std::allocator<char> >* std::vector<std::__cxx11::basic_string<char, std::char_traits<char>, std::allocator<char> >, std::allocator<std::__cxx11::basic_string<char, std::char_traits<char>, std::allocator<char> > > >::_M_allocate_and_copy<__gnu_cxx::__normal_iterator<std::__cxx11::basic_string<char, std::char_traits<char>, std::allocator<char> > const*, std::vector<std::__cxx11::basic_string<char, std::char_traits<char>, std::allocator<char> >, std::allocator<std::__cxx11::basic_string<char, std::char_traits<char>, std::allocator<char> > > > > >(unsigned long, __gnu_cxx::__normal_iterator<std::__cxx11::basic_string<char, std::char_traits<char>, std::allocator<char> > const*, std::vector<std::__cxx11::basic_string<char, std::char_traits<char>, std::allocator<char> >, std::allocator<std::__cxx11::basic_string<char, std::char_traits<char>, std::allocator<char> > > > >, __gnu_cxx::__normal_iterator<std::__cxx11::basic_string<char, std::char_traits<char>, std::allocator<char> > const*, std::vector<std::__cxx11::basic_string<char, std::char_traits<char>, std::allocator<char> >, std::allocator<std::__cxx11::basic_string<char, std::char_traits<char>, std::allocator<char> > > > >) (stl_vector.h:1614)
==77865==    by 0x413254: std::vector<std::__cxx11::basic_string<char, std::char_traits<char>, std::allocator<char> >, std::allocator<std::__cxx11::basic_string<char, std::char_traits<char>, std::allocator<char> > > >::operator=(std::vector<std::__cxx11::basic_string<char, std::char_traits<char>, std::allocator<char> >, std::allocator<std::__cxx11::basic_string<char, std::char_traits<char>, std::allocator<char> > > > const&) (vector.tcc:232)
==77865==    by 0x41C7F9: ServerConfig::operator=(ServerConfig const&) (ServerConfig.cpp:37)
==77865==    by 0x41C911: ServerConfig::ServerConfig(ServerConfig const&) (ServerConfig.cpp:49)
==77865==    by 0x409C70: construct (new_allocator.h:187)
==77865==    by 0x409C70: construct<ServerConfig> (alloc_traits.h:145)
==77865==    by 0x409C70: std::vector<ServerConfig, std::allocator<ServerConfig> >::_M_realloc_insert(__gnu_cxx::__normal_iterator<ServerConfig*, std::vector<ServerConfig, std::allocator<ServerConfig> > >, ServerConfig const&) (vector.tcc:462)
==77865==    by 0x407AA7: push_back (stl_vector.h:1287)
==77865==    by 0x407AA7: EventLoop::EventLoop(std::vector<ServerConfig, std::allocator<ServerConfig> > const&) (EventLoop.cpp:40)
==77865==    by 0x413ED2: main (main.cpp:175)
==77865== 
==77865== 192 bytes in 6 blocks are still reachable in loss record 38 of 58
==77865==    at 0x4849013: operator new(unsigned long) (in /usr/libexec/valgrind/vgpreload_memcheck-amd64-linux.so)
==77865==    by 0x4138B4: allocate (new_allocator.h:137)
==77865==    by 0x4138B4: allocate (alloc_traits.h:133)
==77865==    by 0x4138B4: _M_allocate (stl_vector.h:378)
==77865==    by 0x4138B4: std::__cxx11::basic_string<char, std::char_traits<char>, std::allocator<char> >* std::vector<std::__cxx11::basic_string<char, std::char_traits<char>, std::allocator<char> >, std::allocator<std::__cxx11::basic_string<char, std::char_traits<char>, std::allocator<char> > > >::_M_allocate_and_copy<__gnu_cxx::__normal_iterator<std::__cxx11::basic_string<char, std::char_traits<char>, std::allocator<char> > const*, std::vector<std::__cxx11::basic_string<char, std::char_traits<char>, std::allocator<char> >, std::allocator<std::__cxx11::basic_string<char, std::char_traits<char>, std::allocator<char> > > > > >(unsigned long, __gnu_cxx::__normal_iterator<std::__cxx11::basic_string<char, std::char_traits<char>, std::allocator<char> > const*, std::vector<std::__cxx11::basic_string<char, std::char_traits<char>, std::allocator<char> >, std::allocator<std::__cxx11::basic_string<char, std::char_traits<char>, std::allocator<char> > > > >, __gnu_cxx::__normal_iterator<std::__cxx11::basic_string<char, std::char_traits<char>, std::allocator<char> > const*, std::vector<std::__cxx11::basic_string<char, std::char_traits<char>, std::allocator<char> >, std::allocator<std::__cxx11::basic_string<char, std::char_traits<char>, std::allocator<char> > > > >) (stl_vector.h:1614)
==77865==    by 0x413254: std::vector<std::__cxx11::basic_string<char, std::char_traits<char>, std::allocator<char> >, std::allocator<std::__cxx11::basic_string<char, std::char_traits<char>, std::allocator<char> > > >::operator=(std::vector<std::__cxx11::basic_string<char, std::char_traits<char>, std::allocator<char> >, std::allocator<std::__cxx11::basic_string<char, std::char_traits<char>, std::allocator<char> > > > const&) (vector.tcc:232)
==77865==    by 0x41C7BF: ServerConfig::operator=(ServerConfig const&) (ServerConfig.cpp:33)
==77865==    by 0x41C911: ServerConfig::ServerConfig(ServerConfig const&) (ServerConfig.cpp:49)
==77865==    by 0x40A2EC: _Construct<ServerConfig, ServerConfig> (stl_construct.h:128)
==77865==    by 0x40A2EC: __do_uninit_copy<__gnu_cxx::__normal_iterator<const ServerConfig *, std::vector<ServerConfig> >, ServerConfig *> (stl_uninitialized.h:120)
==77865==    by 0x40A2EC: __uninit_copy<__gnu_cxx::__normal_iterator<const ServerConfig *, std::vector<ServerConfig> >, ServerConfig *> (stl_uninitialized.h:137)
==77865==    by 0x40A2EC: uninitialized_copy<__gnu_cxx::__normal_iterator<const ServerConfig *, std::vector<ServerConfig> >, ServerConfig *> (stl_uninitialized.h:184)
==77865==    by 0x40A2EC: __uninitialized_copy_a<__gnu_cxx::__normal_iterator<const ServerConfig *, std::vector<ServerConfig> >, ServerConfig *, ServerConfig> (stl_uninitialized.h:372)
==77865==    by 0x40A2EC: ServerConfig* std::vector<ServerConfig, std::allocator<ServerConfig> >::_M_allocate_and_copy<__gnu_cxx::__normal_iterator<ServerConfig const*, std::vector<ServerConfig, std::allocator<ServerConfig> > > >(unsigned long, __gnu_cxx::__normal_iterator<ServerConfig const*, std::vector<ServerConfig, std::allocator<ServerConfig> > >, __gnu_cxx::__normal_iterator<ServerConfig const*, std::vector<ServerConfig, std::allocator<ServerConfig> > >) (stl_vector.h:1617)
==77865==    by 0x4091EF: std::vector<ServerConfig, std::allocator<ServerConfig> >::operator=(std::vector<ServerConfig, std::allocator<ServerConfig> > const&) (vector.tcc:232)
==77865==    by 0x413E84: main (main.cpp:174)
==77865== 
==77865== 200 bytes in 5 blocks are still reachable in loss record 39 of 58
==77865==    at 0x4849013: operator new(unsigned long) (in /usr/libexec/valgrind/vgpreload_memcheck-amd64-linux.so)
==77865==    by 0x407C80: allocate (new_allocator.h:137)
==77865==    by 0x407C80: allocate (alloc_traits.h:133)
==77865==    by 0x407C80: _M_get_node (stl_tree.h:563)
==77865==    by 0x407C80: _M_create_node (stl_tree.h:585)
==77865==    by 0x407C80: operator()<int> (stl_tree.h:531)
==77865==    by 0x407C80: _M_insert_<std::_Rb_tree<int, int, std::_Identity<int>, std::less<int> >::_Alloc_node> (stl_tree.h:1832)
==77865==    by 0x407C80: _M_insert_unique (stl_tree.h:2177)
==77865==    by 0x407C80: insert (stl_set.h:512)
==77865==    by 0x407C80: EventLoop::EventLoop(std::vector<ServerConfig, std::allocator<ServerConfig> > const&) (EventLoop.cpp:31)
==77865==    by 0x413ED2: main (main.cpp:175)
==77865== 
==77865== 216 bytes in 3 blocks are still reachable in loss record 40 of 58
==77865==    at 0x4849013: operator new(unsigned long) (in /usr/libexec/valgrind/vgpreload_memcheck-amd64-linux.so)
==77865==    by 0x423F8E: allocate (new_allocator.h:137)
==77865==    by 0x423F8E: allocate (alloc_traits.h:133)
==77865==    by 0x423F8E: _M_get_node (stl_tree.h:563)
==77865==    by 0x423F8E: _M_create_node (stl_tree.h:585)
==77865==    by 0x423F8E: std::_Rb_tree_node<std::pair<int const, std::__cxx11::basic_string<char, std::char_traits<char>, std::allocator<char> > > >* std::_Rb_tree<int, std::pair<int const, std::__cxx11::basic_string<char, std::char_traits<char>, std::allocator<char> > >, std::_Select1st<std::pair<int const, std::__cxx11::basic_string<char, std::char_traits<char>, std::allocator<char> > > >, std::less<int>, std::allocator<std::pair<int const, std::__cxx11::basic_string<char, std::char_traits<char>, std::allocator<char> > > > >::_Reuse_or_alloc_node::operator()<std::pair<int const, std::__cxx11::basic_string<char, std::char_traits<char>, std::allocator<char> > > >(std::pair<int const, std::__cxx11::basic_string<char, std::char_traits<char>, std::allocator<char> > > const&) (stl_tree.h:478)
==77865==    by 0x423E62: _M_clone_node<false, std::_Rb_tree<int, std::pair<const int, std::basic_string<char> >, std::_Select1st<std::pair<const int, std::basic_string<char> > >, std::less<int> >::_Reuse_or_alloc_node> (stl_tree.h:647)
==77865==    by 0x423E62: std::_Rb_tree_node<std::pair<int const, std::__cxx11::basic_string<char, std::char_traits<char>, std::allocator<char> > > >* std::_Rb_tree<int, std::pair<int const, std::__cxx11::basic_string<char, std::char_traits<char>, std::allocator<char> > >, std::_Select1st<std::pair<int const, std::__cxx11::basic_string<char, std::char_traits<char>, std::allocator<char> > > >, std::less<int>, std::allocator<std::pair<int const, std::__cxx11::basic_string<char, std::char_traits<char>, std::allocator<char> > > > >::_M_copy<false, std::_Rb_tree<int, std::pair<int const, std::__cxx11::basic_string<char, std::char_traits<char>, std::allocator<char> > >, std::_Select1st<std::pair<int const, std::__cxx11::basic_string<char, std::char_traits<char>, std::allocator<char> > > >, std::less<int>, std::allocator<std::pair<int const, std::__cxx11::basic_string<char, std::char_traits<char>, std::allocator<char> > > > >::_Reuse_or_alloc_node>(std::_Rb_tree_node<std::pair<int const, std::__cxx11::basic_string<char, std::char_traits<char>, std::allocator<char> > > >*, std::_Rb_tree_node_base*, std::_Rb_tree<int, std::pair<int const, std::__cxx11::basic_string<char, std::char_traits<char>, std::allocator<char> > >, std::_Select1st<std::pair<int const, std::__cxx11::basic_string<char, std::char_traits<char>, std::allocator<char> > > >, std::less<int>, std::allocator<std::pair<int const, std::__cxx11::basic_string<char, std::char_traits<char>, std::allocator<char> > > > >::_Reuse_or_alloc_node&) (stl_tree.h:1897)
==77865==    by 0x423DAD: _M_copy<false, std::_Rb_tree<int, std::pair<const int, std::basic_string<char> >, std::_Select1st<std::pair<const int, std::basic_string<char> > >, std::less<int> >::_Reuse_or_alloc_node> (stl_tree.h:892)
==77865==    by 0x423DAD: std::_Rb_tree<int, std::pair<int const, std::__cxx11::basic_string<char, std::char_traits<char>, std::allocator<char> > >, std::_Select1st<std::pair<int const, std::__cxx11::basic_string<char, std::char_traits<char>, std::allocator<char> > > >, std::less<int>, std::allocator<std::pair<int const, std::__cxx11::basic_string<char, std::char_traits<char>, std::allocator<char> > > > >::operator=(std::_Rb_tree<int, std::pair<int const, std::__cxx11::basic_string<char, std::char_traits<char>, std::allocator<char> > >, std::_Select1st<std::pair<int const, std::__cxx11::basic_string<char, std::char_traits<char>, std::allocator<char> > > >, std::less<int>, std::allocator<std::pair<int const, std::__cxx11::basic_string<char, std::char_traits<char>, std::allocator<char> > > > > const&) (stl_tree.h:1805)
==77865==    by 0x41C81A: operator= (stl_map.h:324)
==77865==    by 0x41C81A: ServerConfig::operator=(ServerConfig const&) (ServerConfig.cpp:39)
==77865==    by 0x41C911: ServerConfig::ServerConfig(ServerConfig const&) (ServerConfig.cpp:49)
==77865==    by 0x40A2EC: _Construct<ServerConfig, ServerConfig> (stl_construct.h:128)
==77865==    by 0x40A2EC: __do_uninit_copy<__gnu_cxx::__normal_iterator<const ServerConfig *, std::vector<ServerConfig> >, ServerConfig *> (stl_uninitialized.h:120)
==77865==    by 0x40A2EC: __uninit_copy<__gnu_cxx::__normal_iterator<const ServerConfig *, std::vector<ServerConfig> >, ServerConfig *> (stl_uninitialized.h:137)
==77865==    by 0x40A2EC: uninitialized_copy<__gnu_cxx::__normal_iterator<const ServerConfig *, std::vector<ServerConfig> >, ServerConfig *> (stl_uninitialized.h:184)
==77865==    by 0x40A2EC: __uninitialized_copy_a<__gnu_cxx::__normal_iterator<const ServerConfig *, std::vector<ServerConfig> >, ServerConfig *, ServerConfig> (stl_uninitialized.h:372)
==77865==    by 0x40A2EC: ServerConfig* std::vector<ServerConfig, std::allocator<ServerConfig> >::_M_allocate_and_copy<__gnu_cxx::__normal_iterator<ServerConfig const*, std::vector<ServerConfig, std::allocator<ServerConfig> > > >(unsigned long, __gnu_cxx::__normal_iterator<ServerConfig const*, std::vector<ServerConfig, std::allocator<ServerConfig> > >, __gnu_cxx::__normal_iterator<ServerConfig const*, std::vector<ServerConfig, std::allocator<ServerConfig> > >) (stl_vector.h:1617)
==77865==    by 0x4091EF: std::vector<ServerConfig, std::allocator<ServerConfig> >::operator=(std::vector<ServerConfig, std::allocator<ServerConfig> > const&) (vector.tcc:232)
==77865==    by 0x413E84: main (main.cpp:174)
==77865== 
==77865== 224 bytes in 4 blocks are still reachable in loss record 41 of 58
==77865==    at 0x4849013: operator new(unsigned long) (in /usr/libexec/valgrind/vgpreload_memcheck-amd64-linux.so)
==77865==    by 0x4138B4: allocate (new_allocator.h:137)
==77865==    by 0x4138B4: allocate (alloc_traits.h:133)
==77865==    by 0x4138B4: _M_allocate (stl_vector.h:378)
==77865==    by 0x4138B4: std::__cxx11::basic_string<char, std::char_traits<char>, std::allocator<char> >* std::vector<std::__cxx11::basic_string<char, std::char_traits<char>, std::allocator<char> >, std::allocator<std::__cxx11::basic_string<char, std::char_traits<char>, std::allocator<char> > > >::_M_allocate_and_copy<__gnu_cxx::__normal_iterator<std::__cxx11::basic_string<char, std::char_traits<char>, std::allocator<char> > const*, std::vector<std::__cxx11::basic_string<char, std::char_traits<char>, std::allocator<char> >, std::allocator<std::__cxx11::basic_string<char, std::char_traits<char>, std::allocator<char> > > > > >(unsigned long, __gnu_cxx::__normal_iterator<std::__cxx11::basic_string<char, std::char_traits<char>, std::allocator<char> > const*, std::vector<std::__cxx11::basic_string<char, std::char_traits<char>, std::allocator<char> >, std::allocator<std::__cxx11::basic_string<char, std::char_traits<char>, std::allocator<char> > > > >, __gnu_cxx::__normal_iterator<std::__cxx11::basic_string<char, std::char_traits<char>, std::allocator<char> > const*, std::vector<std::__cxx11::basic_string<char, std::char_traits<char>, std::allocator<char> >, std::allocator<std::__cxx11::basic_string<char, std::char_traits<char>, std::allocator<char> > > > >) (stl_vector.h:1614)
==77865==    by 0x413254: std::vector<std::__cxx11::basic_string<char, std::char_traits<char>, std::allocator<char> >, std::allocator<std::__cxx11::basic_string<char, std::char_traits<char>, std::allocator<char> > > >::operator=(std::vector<std::__cxx11::basic_string<char, std::char_traits<char>, std::allocator<char> >, std::allocator<std::__cxx11::basic_string<char, std::char_traits<char>, std::allocator<char> > > > const&) (vector.tcc:232)
==77865==    by 0x41C7D9: ServerConfig::operator=(ServerConfig const&) (ServerConfig.cpp:35)
==77865==    by 0x41C911: ServerConfig::ServerConfig(ServerConfig const&) (ServerConfig.cpp:49)
==77865==    by 0x409C70: construct (new_allocator.h:187)
==77865==    by 0x409C70: construct<ServerConfig> (alloc_traits.h:145)
==77865==    by 0x409C70: std::vector<ServerConfig, std::allocator<ServerConfig> >::_M_realloc_insert(__gnu_cxx::__normal_iterator<ServerConfig*, std::vector<ServerConfig, std::allocator<ServerConfig> > >, ServerConfig const&) (vector.tcc:462)
==77865==    by 0x407AA7: push_back (stl_vector.h:1287)
==77865==    by 0x407AA7: EventLoop::EventLoop(std::vector<ServerConfig, std::allocator<ServerConfig> > const&) (EventLoop.cpp:40)
==77865==    by 0x413ED2: main (main.cpp:175)
==77865== 
==77865== 256 bytes in 4 blocks are still reachable in loss record 42 of 58
==77865==    at 0x4849013: operator new(unsigned long) (in /usr/libexec/valgrind/vgpreload_memcheck-amd64-linux.so)
==77865==    by 0x41359C: allocate (new_allocator.h:137)
==77865==    by 0x41359C: allocate (alloc_traits.h:133)
==77865==    by 0x41359C: _M_get_node (stl_tree.h:563)
==77865==    by 0x41359C: _M_create_node (stl_tree.h:585)
==77865==    by 0x41359C: operator()<std::basic_string<char> > (stl_tree.h:531)
==77865==    by 0x41359C: _M_clone_node<false, std::_Rb_tree<std::basic_string<char>, std::basic_string<char>, std::_Identity<std::basic_string<char> >, std::less<std::basic_string<char> > >::_Alloc_node> (stl_tree.h:647)
==77865==    by 0x41359C: std::_Rb_tree_node<std::__cxx11::basic_string<char, std::char_traits<char>, std::allocator<char> > >* std::_Rb_tree<std::__cxx11::basic_string<char, std::char_traits<char>, std::allocator<char> >, std::__cxx11::basic_string<char, std::char_traits<char>, std::allocator<char> >, std::_Identity<std::__cxx11::basic_string<char, std::char_traits<char>, std::allocator<char> > >, std::less<std::__cxx11::basic_string<char, std::char_traits<char>, std::allocator<char> > >, std::allocator<std::__cxx11::basic_string<char, std::char_traits<char>, std::allocator<char> > > >::_M_copy<false, std::_Rb_tree<std::__cxx11::basic_string<char, std::char_traits<char>, std::allocator<char> >, std::__cxx11::basic_string<char, std::char_traits<char>, std::allocator<char> >, std::_Identity<std::__cxx11::basic_string<char, std::char_traits<char>, std::allocator<char> > >, std::less<std::__cxx11::basic_string<char, std::char_traits<char>, std::allocator<char> > >, std::allocator<std::__cxx11::basic_string<char, std::char_traits<char>, std::allocator<char> > > >::_Alloc_node>(std::_Rb_tree_node<std::__cxx11::basic_string<char, std::char_traits<char>, std::allocator<char> > >*, std::_Rb_tree_node_base*, std::_Rb_tree<std::__cxx11::basic_string<char, std::char_traits<char>, std::allocator<char> >, std::__cxx11::basic_string<char, std::char_traits<char>, std::allocator<char> >, std::_Identity<std::__cxx11::basic_string<char, std::char_traits<char>, std::allocator<char> > >, std::less<std::__cxx11::basic_string<char, std::char_traits<char>, std::allocator<char> > >, std::allocator<std::__cxx11::basic_string<char, std::char_traits<char>, std::allocator<char> > > >::_Alloc_node&) (stl_tree.h:1897)
==77865==    by 0x4135DE: std::_Rb_tree_node<std::__cxx11::basic_string<char, std::char_traits<char>, std::allocator<char> > >* std::_Rb_tree<std::__cxx11::basic_string<char, std::char_traits<char>, std::allocator<char> >, std::__cxx11::basic_string<char, std::char_traits<char>, std::allocator<char> >, std::_Identity<std::__cxx11::basic_string<char, std::char_traits<char>, std::allocator<char> > >, std::less<std::__cxx11::basic_string<char, std::char_traits<char>, std::allocator<char> > >, std::allocator<std::__cxx11::basic_string<char, std::char_traits<char>, std::allocator<char> > > >::_M_copy<false, std::_Rb_tree<std::__cxx11::basic_string<char, std::char_traits<char>, std::allocator<char> >, std::__cxx11::basic_string<char, std::char_traits<char>, std::allocator<char> >, std::_Identity<std::__cxx11::basic_string<char, std::char_traits<char>, std::allocator<char> > >, std::less<std::__cxx11::basic_string<char, std::char_traits<char>, std::allocator<char> > >, std::allocator<std::__cxx11::basic_string<char, std::char_traits<char>, std::allocator<char> > > >::_Alloc_node>(std::_Rb_tree_node<std::__cxx11::basic_string<char, std::char_traits<char>, std::allocator<char> > >*, std::_Rb_tree_node_base*, std::_Rb_tree<std::__cxx11::basic_string<char, std::char_traits<char>, std::allocator<char> >, std::__cxx11::basic_string<char, std::char_traits<char>, std::allocator<char> >, std::_Identity<std::__cxx11::basic_string<char, std::char_traits<char>, std::allocator<char> > >, std::less<std::__cxx11::basic_string<char, std::char_traits<char>, std::allocator<char> > >, std::allocator<std::__cxx11::basic_string<char, std::char_traits<char>, std::allocator<char> > > >::_Alloc_node&) (stl_tree.h:1904)
==77865==    by 0x41C1CB: _M_copy<false, std::_Rb_tree<std::basic_string<char>, std::basic_string<char>, std::_Identity<std::basic_string<char> >, std::less<std::basic_string<char> > >::_Alloc_node> (stl_tree.h:892)
==77865==    by 0x41C1CB: _M_copy (stl_tree.h:903)
==77865==    by 0x41C1CB: _Rb_tree (stl_tree.h:941)
==77865==    by 0x41C1CB: set (stl_set.h:221)
==77865==    by 0x41C1CB: LocationConfig::LocationConfig(LocationConfig const&) (LocationConfig.hpp:53)
==77865==    by 0x42406C: _Construct<LocationConfig, LocationConfig> (stl_construct.h:128)
==77865==    by 0x42406C: __do_uninit_copy<__gnu_cxx::__normal_iterator<const LocationConfig *, std::vector<LocationConfig> >, LocationConfig *> (stl_uninitialized.h:120)
==77865==    by 0x42406C: __uninit_copy<__gnu_cxx::__normal_iterator<const LocationConfig *, std::vector<LocationConfig> >, LocationConfig *> (stl_uninitialized.h:137)
==77865==    by 0x42406C: uninitialized_copy<__gnu_cxx::__normal_iterator<const LocationConfig *, std::vector<LocationConfig> >, LocationConfig *> (stl_uninitialized.h:184)
==77865==    by 0x42406C: __uninitialized_copy_a<__gnu_cxx::__normal_iterator<const LocationConfig *, std::vector<LocationConfig> >, LocationConfig *, LocationConfig> (stl_uninitialized.h:372)
==77865==    by 0x42406C: LocationConfig* std::vector<LocationConfig, std::allocator<LocationConfig> >::_M_allocate_and_copy<__gnu_cxx::__normal_iterator<LocationConfig const*, std::vector<LocationConfig, std::allocator<LocationConfig> > > >(unsigned long, __gnu_cxx::__normal_iterator<LocationConfig const*, std::vector<LocationConfig, std::allocator<LocationConfig> > >, __gnu_cxx::__normal_iterator<LocationConfig const*, std::vector<LocationConfig, std::allocator<LocationConfig> > >) (stl_vector.h:1617)
==77865==    by 0x423A2D: std::vector<LocationConfig, std::allocator<LocationConfig> >::operator=(std::vector<LocationConfig, std::allocator<LocationConfig> > const&) (vector.tcc:232)
==77865==    by 0x41C82D: ServerConfig::operator=(ServerConfig const&) (ServerConfig.cpp:40)
==77865==    by 0x41C911: ServerConfig::ServerConfig(ServerConfig const&) (ServerConfig.cpp:49)
==77865==    by 0x409C70: construct (new_allocator.h:187)
==77865==    by 0x409C70: construct<ServerConfig> (alloc_traits.h:145)
==77865==    by 0x409C70: std::vector<ServerConfig, std::allocator<ServerConfig> >::_M_realloc_insert(__gnu_cxx::__normal_iterator<ServerConfig*, std::vector<ServerConfig, std::allocator<ServerConfig> > >, ServerConfig const&) (vector.tcc:462)
==77865==    by 0x407AA7: push_back (stl_vector.h:1287)
==77865==    by 0x407AA7: EventLoop::EventLoop(std::vector<ServerConfig, std::allocator<ServerConfig> > const&) (EventLoop.cpp:40)
==77865==    by 0x413ED2: main (main.cpp:175)
==77865== 
==77865== 256 bytes in 6 blocks are still reachable in loss record 43 of 58
==77865==    at 0x4849013: operator new(unsigned long) (in /usr/libexec/valgrind/vgpreload_memcheck-amd64-linux.so)
==77865==    by 0x4138B4: allocate (new_allocator.h:137)
==77865==    by 0x4138B4: allocate (alloc_traits.h:133)
==77865==    by 0x4138B4: _M_allocate (stl_vector.h:378)
==77865==    by 0x4138B4: std::__cxx11::basic_string<char, std::char_traits<char>, std::allocator<char> >* std::vector<std::__cxx11::basic_string<char, std::char_traits<char>, std::allocator<char> >, std::allocator<std::__cxx11::basic_string<char, std::char_traits<char>, std::allocator<char> > > >::_M_allocate_and_copy<__gnu_cxx::__normal_iterator<std::__cxx11::basic_string<char, std::char_traits<char>, std::allocator<char> > const*, std::vector<std::__cxx11::basic_string<char, std::char_traits<char>, std::allocator<char> >, std::allocator<std::__cxx11::basic_string<char, std::char_traits<char>, std::allocator<char> > > > > >(unsigned long, __gnu_cxx::__normal_iterator<std::__cxx11::basic_string<char, std::char_traits<char>, std::allocator<char> > const*, std::vector<std::__cxx11::basic_string<char, std::char_traits<char>, std::allocator<char> >, std::allocator<std::__cxx11::basic_string<char, std::char_traits<char>, std::allocator<char> > > > >, __gnu_cxx::__normal_iterator<std::__cxx11::basic_string<char, std::char_traits<char>, std::allocator<char> > const*, std::vector<std::__cxx11::basic_string<char, std::char_traits<char>, std::allocator<char> >, std::allocator<std::__cxx11::basic_string<char, std::char_traits<char>, std::allocator<char> > > > >) (stl_vector.h:1614)
==77865==    by 0x413254: std::vector<std::__cxx11::basic_string<char, std::char_traits<char>, std::allocator<char> >, std::allocator<std::__cxx11::basic_string<char, std::char_traits<char>, std::allocator<char> > > >::operator=(std::vector<std::__cxx11::basic_string<char, std::char_traits<char>, std::allocator<char> >, std::allocator<std::__cxx11::basic_string<char, std::char_traits<char>, std::allocator<char> > > > const&) (vector.tcc:232)
==77865==    by 0x41C7F9: ServerConfig::operator=(ServerConfig const&) (ServerConfig.cpp:37)
==77865==    by 0x41C911: ServerConfig::ServerConfig(ServerConfig const&) (ServerConfig.cpp:49)
==77865==    by 0x40A2EC: _Construct<ServerConfig, ServerConfig> (stl_construct.h:128)
==77865==    by 0x40A2EC: __do_uninit_copy<__gnu_cxx::__normal_iterator<const ServerConfig *, std::vector<ServerConfig> >, ServerConfig *> (stl_uninitialized.h:120)
==77865==    by 0x40A2EC: __uninit_copy<__gnu_cxx::__normal_iterator<const ServerConfig *, std::vector<ServerConfig> >, ServerConfig *> (stl_uninitialized.h:137)
==77865==    by 0x40A2EC: uninitialized_copy<__gnu_cxx::__normal_iterator<const ServerConfig *, std::vector<ServerConfig> >, ServerConfig *> (stl_uninitialized.h:184)
==77865==    by 0x40A2EC: __uninitialized_copy_a<__gnu_cxx::__normal_iterator<const ServerConfig *, std::vector<ServerConfig> >, ServerConfig *, ServerConfig> (stl_uninitialized.h:372)
==77865==    by 0x40A2EC: ServerConfig* std::vector<ServerConfig, std::allocator<ServerConfig> >::_M_allocate_and_copy<__gnu_cxx::__normal_iterator<ServerConfig const*, std::vector<ServerConfig, std::allocator<ServerConfig> > > >(unsigned long, __gnu_cxx::__normal_iterator<ServerConfig const*, std::vector<ServerConfig, std::allocator<ServerConfig> > >, __gnu_cxx::__normal_iterator<ServerConfig const*, std::vector<ServerConfig, std::allocator<ServerConfig> > >) (stl_vector.h:1617)
==77865==    by 0x4091EF: std::vector<ServerConfig, std::allocator<ServerConfig> >::operator=(std::vector<ServerConfig, std::allocator<ServerConfig> > const&) (vector.tcc:232)
==77865==    by 0x413E84: main (main.cpp:174)
==77865== 
==77865== 288 bytes in 6 blocks are still reachable in loss record 44 of 58
==77865==    at 0x4849013: operator new(unsigned long) (in /usr/libexec/valgrind/vgpreload_memcheck-amd64-linux.so)
==77865==    by 0x4138B4: allocate (new_allocator.h:137)
==77865==    by 0x4138B4: allocate (alloc_traits.h:133)
==77865==    by 0x4138B4: _M_allocate (stl_vector.h:378)
==77865==    by 0x4138B4: std::__cxx11::basic_string<char, std::char_traits<char>, std::allocator<char> >* std::vector<std::__cxx11::basic_string<char, std::char_traits<char>, std::allocator<char> >, std::allocator<std::__cxx11::basic_string<char, std::char_traits<char>, std::allocator<char> > > >::_M_allocate_and_copy<__gnu_cxx::__normal_iterator<std::__cxx11::basic_string<char, std::char_traits<char>, std::allocator<char> > const*, std::vector<std::__cxx11::basic_string<char, std::char_traits<char>, std::allocator<char> >, std::allocator<std::__cxx11::basic_string<char, std::char_traits<char>, std::allocator<char> > > > > >(unsigned long, __gnu_cxx::__normal_iterator<std::__cxx11::basic_string<char, std::char_traits<char>, std::allocator<char> > const*, std::vector<std::__cxx11::basic_string<char, std::char_traits<char>, std::allocator<char> >, std::allocator<std::__cxx11::basic_string<char, std::char_traits<char>, std::allocator<char> > > > >, __gnu_cxx::__normal_iterator<std::__cxx11::basic_string<char, std::char_traits<char>, std::allocator<char> > const*, std::vector<std::__cxx11::basic_string<char, std::char_traits<char>, std::allocator<char> >, std::allocator<std::__cxx11::basic_string<char, std::char_traits<char>, std::allocator<char> > > > >) (stl_vector.h:1614)
==77865==    by 0x413254: std::vector<std::__cxx11::basic_string<char, std::char_traits<char>, std::allocator<char> >, std::allocator<std::__cxx11::basic_string<char, std::char_traits<char>, std::allocator<char> > > >::operator=(std::vector<std::__cxx11::basic_string<char, std::char_traits<char>, std::allocator<char> >, std::allocator<std::__cxx11::basic_string<char, std::char_traits<char>, std::allocator<char> > > > const&) (vector.tcc:232)
==77865==    by 0x41C7D9: ServerConfig::operator=(ServerConfig const&) (ServerConfig.cpp:35)
==77865==    by 0x41C911: ServerConfig::ServerConfig(ServerConfig const&) (ServerConfig.cpp:49)
==77865==    by 0x40A2EC: _Construct<ServerConfig, ServerConfig> (stl_construct.h:128)
==77865==    by 0x40A2EC: __do_uninit_copy<__gnu_cxx::__normal_iterator<const ServerConfig *, std::vector<ServerConfig> >, ServerConfig *> (stl_uninitialized.h:120)
==77865==    by 0x40A2EC: __uninit_copy<__gnu_cxx::__normal_iterator<const ServerConfig *, std::vector<ServerConfig> >, ServerConfig *> (stl_uninitialized.h:137)
==77865==    by 0x40A2EC: uninitialized_copy<__gnu_cxx::__normal_iterator<const ServerConfig *, std::vector<ServerConfig> >, ServerConfig *> (stl_uninitialized.h:184)
==77865==    by 0x40A2EC: __uninitialized_copy_a<__gnu_cxx::__normal_iterator<const ServerConfig *, std::vector<ServerConfig> >, ServerConfig *, ServerConfig> (stl_uninitialized.h:372)
==77865==    by 0x40A2EC: ServerConfig* std::vector<ServerConfig, std::allocator<ServerConfig> >::_M_allocate_and_copy<__gnu_cxx::__normal_iterator<ServerConfig const*, std::vector<ServerConfig, std::allocator<ServerConfig> > > >(unsigned long, __gnu_cxx::__normal_iterator<ServerConfig const*, std::vector<ServerConfig, std::allocator<ServerConfig> > >, __gnu_cxx::__normal_iterator<ServerConfig const*, std::vector<ServerConfig, std::allocator<ServerConfig> > >) (stl_vector.h:1617)
==77865==    by 0x4091EF: std::vector<ServerConfig, std::allocator<ServerConfig> >::operator=(std::vector<ServerConfig, std::allocator<ServerConfig> > const&) (vector.tcc:232)
==77865==    by 0x413E84: main (main.cpp:174)
==77865== 
==77865== 312 bytes in 1 blocks are still reachable in loss record 45 of 58
==77865==    at 0x4849013: operator new(unsigned long) (in /usr/libexec/valgrind/vgpreload_memcheck-amd64-linux.so)
==77865==    by 0x42403D: allocate (new_allocator.h:137)
==77865==    by 0x42403D: allocate (alloc_traits.h:133)
==77865==    by 0x42403D: _M_allocate (stl_vector.h:378)
==77865==    by 0x42403D: LocationConfig* std::vector<LocationConfig, std::allocator<LocationConfig> >::_M_allocate_and_copy<__gnu_cxx::__normal_iterator<LocationConfig const*, std::vector<LocationConfig, std::allocator<LocationConfig> > > >(unsigned long, __gnu_cxx::__normal_iterator<LocationConfig const*, std::vector<LocationConfig, std::allocator<LocationConfig> > >, __gnu_cxx::__normal_iterator<LocationConfig const*, std::vector<LocationConfig, std::allocator<LocationConfig> > >) (stl_vector.h:1614)
==77865==    by 0x423A2D: std::vector<LocationConfig, std::allocator<LocationConfig> >::operator=(std::vector<LocationConfig, std::allocator<LocationConfig> > const&) (vector.tcc:232)
==77865==    by 0x41C82D: ServerConfig::operator=(ServerConfig const&) (ServerConfig.cpp:40)
==77865==    by 0x41C911: ServerConfig::ServerConfig(ServerConfig const&) (ServerConfig.cpp:49)
==77865==    by 0x409C70: construct (new_allocator.h:187)
==77865==    by 0x409C70: construct<ServerConfig> (alloc_traits.h:145)
==77865==    by 0x409C70: std::vector<ServerConfig, std::allocator<ServerConfig> >::_M_realloc_insert(__gnu_cxx::__normal_iterator<ServerConfig*, std::vector<ServerConfig, std::allocator<ServerConfig> > >, ServerConfig const&) (vector.tcc:462)
==77865==    by 0x407B52: push_back (stl_vector.h:1287)
==77865==    by 0x407B52: EventLoop::EventLoop(std::vector<ServerConfig, std::allocator<ServerConfig> > const&) (EventLoop.cpp:27)
==77865==    by 0x413ED2: main (main.cpp:175)
==77865== 
==77865== 312 bytes in 1 blocks are still reachable in loss record 46 of 58
==77865==    at 0x4849013: operator new(unsigned long) (in /usr/libexec/valgrind/vgpreload_memcheck-amd64-linux.so)
==77865==    by 0x42403D: allocate (new_allocator.h:137)
==77865==    by 0x42403D: allocate (alloc_traits.h:133)
==77865==    by 0x42403D: _M_allocate (stl_vector.h:378)
==77865==    by 0x42403D: LocationConfig* std::vector<LocationConfig, std::allocator<LocationConfig> >::_M_allocate_and_copy<__gnu_cxx::__normal_iterator<LocationConfig const*, std::vector<LocationConfig, std::allocator<LocationConfig> > > >(unsigned long, __gnu_cxx::__normal_iterator<LocationConfig const*, std::vector<LocationConfig, std::allocator<LocationConfig> > >, __gnu_cxx::__normal_iterator<LocationConfig const*, std::vector<LocationConfig, std::allocator<LocationConfig> > >) (stl_vector.h:1614)
==77865==    by 0x423A2D: std::vector<LocationConfig, std::allocator<LocationConfig> >::operator=(std::vector<LocationConfig, std::allocator<LocationConfig> > const&) (vector.tcc:232)
==77865==    by 0x41C82D: ServerConfig::operator=(ServerConfig const&) (ServerConfig.cpp:40)
==77865==    by 0x41C911: ServerConfig::ServerConfig(ServerConfig const&) (ServerConfig.cpp:49)
==77865==    by 0x409C8C: _Construct<ServerConfig, ServerConfig> (stl_construct.h:128)
==77865==    by 0x409C8C: __do_uninit_copy<ServerConfig *, ServerConfig *> (stl_uninitialized.h:120)
==77865==    by 0x409C8C: __uninit_copy<ServerConfig *, ServerConfig *> (stl_uninitialized.h:137)
==77865==    by 0x409C8C: uninitialized_copy<ServerConfig *, ServerConfig *> (stl_uninitialized.h:184)
==77865==    by 0x409C8C: __uninitialized_copy_a<ServerConfig *, ServerConfig *, ServerConfig> (stl_uninitialized.h:372)
==77865==    by 0x409C8C: __uninitialized_move_if_noexcept_a<ServerConfig *, ServerConfig *, std::allocator<ServerConfig> > (stl_uninitialized.h:396)
==77865==    by 0x409C8C: std::vector<ServerConfig, std::allocator<ServerConfig> >::_M_realloc_insert(__gnu_cxx::__normal_iterator<ServerConfig*, std::vector<ServerConfig, std::allocator<ServerConfig> > >, ServerConfig const&) (vector.tcc:486)
==77865==    by 0x407B52: push_back (stl_vector.h:1287)
==77865==    by 0x407B52: EventLoop::EventLoop(std::vector<ServerConfig, std::allocator<ServerConfig> > const&) (EventLoop.cpp:27)
==77865==    by 0x413ED2: main (main.cpp:175)
==77865== 
==77865== 320 bytes in 5 blocks are still reachable in loss record 47 of 58
==77865==    at 0x4849013: operator new(unsigned long) (in /usr/libexec/valgrind/vgpreload_memcheck-amd64-linux.so)
==77865==    by 0x41359C: allocate (new_allocator.h:137)
==77865==    by 0x41359C: allocate (alloc_traits.h:133)
==77865==    by 0x41359C: _M_get_node (stl_tree.h:563)
==77865==    by 0x41359C: _M_create_node (stl_tree.h:585)
==77865==    by 0x41359C: operator()<std::basic_string<char> > (stl_tree.h:531)
==77865==    by 0x41359C: _M_clone_node<false, std::_Rb_tree<std::basic_string<char>, std::basic_string<char>, std::_Identity<std::basic_string<char> >, std::less<std::basic_string<char> > >::_Alloc_node> (stl_tree.h:647)
==77865==    by 0x41359C: std::_Rb_tree_node<std::__cxx11::basic_string<char, std::char_traits<char>, std::allocator<char> > >* std::_Rb_tree<std::__cxx11::basic_string<char, std::char_traits<char>, std::allocator<char> >, std::__cxx11::basic_string<char, std::char_traits<char>, std::allocator<char> >, std::_Identity<std::__cxx11::basic_string<char, std::char_traits<char>, std::allocator<char> > >, std::less<std::__cxx11::basic_string<char, std::char_traits<char>, std::allocator<char> > >, std::allocator<std::__cxx11::basic_string<char, std::char_traits<char>, std::allocator<char> > > >::_M_copy<false, std::_Rb_tree<std::__cxx11::basic_string<char, std::char_traits<char>, std::allocator<char> >, std::__cxx11::basic_string<char, std::char_traits<char>, std::allocator<char> >, std::_Identity<std::__cxx11::basic_string<char, std::char_traits<char>, std::allocator<char> > >, std::less<std::__cxx11::basic_string<char, std::char_traits<char>, std::allocator<char> > >, std::allocator<std::__cxx11::basic_string<char, std::char_traits<char>, std::allocator<char> > > >::_Alloc_node>(std::_Rb_tree_node<std::__cxx11::basic_string<char, std::char_traits<char>, std::allocator<char> > >*, std::_Rb_tree_node_base*, std::_Rb_tree<std::__cxx11::basic_string<char, std::char_traits<char>, std::allocator<char> >, std::__cxx11::basic_string<char, std::char_traits<char>, std::allocator<char> >, std::_Identity<std::__cxx11::basic_string<char, std::char_traits<char>, std::allocator<char> > >, std::less<std::__cxx11::basic_string<char, std::char_traits<char>, std::allocator<char> > >, std::allocator<std::__cxx11::basic_string<char, std::char_traits<char>, std::allocator<char> > > >::_Alloc_node&) (stl_tree.h:1897)
==77865==    by 0x4135DE: std::_Rb_tree_node<std::__cxx11::basic_string<char, std::char_traits<char>, std::allocator<char> > >* std::_Rb_tree<std::__cxx11::basic_string<char, std::char_traits<char>, std::allocator<char> >, std::__cxx11::basic_string<char, std::char_traits<char>, std::allocator<char> >, std::_Identity<std::__cxx11::basic_string<char, std::char_traits<char>, std::allocator<char> > >, std::less<std::__cxx11::basic_string<char, std::char_traits<char>, std::allocator<char> > >, std::allocator<std::__cxx11::basic_string<char, std::char_traits<char>, std::allocator<char> > > >::_M_copy<false, std::_Rb_tree<std::__cxx11::basic_string<char, std::char_traits<char>, std::allocator<char> >, std::__cxx11::basic_string<char, std::char_traits<char>, std::allocator<char> >, std::_Identity<std::__cxx11::basic_string<char, std::char_traits<char>, std::allocator<char> > >, std::less<std::__cxx11::basic_string<char, std::char_traits<char>, std::allocator<char> > >, std::allocator<std::__cxx11::basic_string<char, std::char_traits<char>, std::allocator<char> > > >::_Alloc_node>(std::_Rb_tree_node<std::__cxx11::basic_string<char, std::char_traits<char>, std::allocator<char> > >*, std::_Rb_tree_node_base*, std::_Rb_tree<std::__cxx11::basic_string<char, std::char_traits<char>, std::allocator<char> >, std::__cxx11::basic_string<char, std::char_traits<char>, std::allocator<char> >, std::_Identity<std::__cxx11::basic_string<char, std::char_traits<char>, std::allocator<char> > >, std::less<std::__cxx11::basic_string<char, std::char_traits<char>, std::allocator<char> > >, std::allocator<std::__cxx11::basic_string<char, std::char_traits<char>, std::allocator<char> > > >::_Alloc_node&) (stl_tree.h:1904)
==77865==    by 0x41C1CB: _M_copy<false, std::_Rb_tree<std::basic_string<char>, std::basic_string<char>, std::_Identity<std::basic_string<char> >, std::less<std::basic_string<char> > >::_Alloc_node> (stl_tree.h:892)
==77865==    by 0x41C1CB: _M_copy (stl_tree.h:903)
==77865==    by 0x41C1CB: _Rb_tree (stl_tree.h:941)
==77865==    by 0x41C1CB: set (stl_set.h:221)
==77865==    by 0x41C1CB: LocationConfig::LocationConfig(LocationConfig const&) (LocationConfig.hpp:53)
==77865==    by 0x42406C: _Construct<LocationConfig, LocationConfig> (stl_construct.h:128)
==77865==    by 0x42406C: __do_uninit_copy<__gnu_cxx::__normal_iterator<const LocationConfig *, std::vector<LocationConfig> >, LocationConfig *> (stl_uninitialized.h:120)
==77865==    by 0x42406C: __uninit_copy<__gnu_cxx::__normal_iterator<const LocationConfig *, std::vector<LocationConfig> >, LocationConfig *> (stl_uninitialized.h:137)
==77865==    by 0x42406C: uninitialized_copy<__gnu_cxx::__normal_iterator<const LocationConfig *, std::vector<LocationConfig> >, LocationConfig *> (stl_uninitialized.h:184)
==77865==    by 0x42406C: __uninitialized_copy_a<__gnu_cxx::__normal_iterator<const LocationConfig *, std::vector<LocationConfig> >, LocationConfig *, LocationConfig> (stl_uninitialized.h:372)
==77865==    by 0x42406C: LocationConfig* std::vector<LocationConfig, std::allocator<LocationConfig> >::_M_allocate_and_copy<__gnu_cxx::__normal_iterator<LocationConfig const*, std::vector<LocationConfig, std::allocator<LocationConfig> > > >(unsigned long, __gnu_cxx::__normal_iterator<LocationConfig const*, std::vector<LocationConfig, std::allocator<LocationConfig> > >, __gnu_cxx::__normal_iterator<LocationConfig const*, std::vector<LocationConfig, std::allocator<LocationConfig> > >) (stl_vector.h:1617)
==77865==    by 0x423A2D: std::vector<LocationConfig, std::allocator<LocationConfig> >::operator=(std::vector<LocationConfig, std::allocator<LocationConfig> > const&) (vector.tcc:232)
==77865==    by 0x41C82D: ServerConfig::operator=(ServerConfig const&) (ServerConfig.cpp:40)
==77865==    by 0x41C911: ServerConfig::ServerConfig(ServerConfig const&) (ServerConfig.cpp:49)
==77865==    by 0x40A2EC: _Construct<ServerConfig, ServerConfig> (stl_construct.h:128)
==77865==    by 0x40A2EC: __do_uninit_copy<__gnu_cxx::__normal_iterator<const ServerConfig *, std::vector<ServerConfig> >, ServerConfig *> (stl_uninitialized.h:120)
==77865==    by 0x40A2EC: __uninit_copy<__gnu_cxx::__normal_iterator<const ServerConfig *, std::vector<ServerConfig> >, ServerConfig *> (stl_uninitialized.h:137)
==77865==    by 0x40A2EC: uninitialized_copy<__gnu_cxx::__normal_iterator<const ServerConfig *, std::vector<ServerConfig> >, ServerConfig *> (stl_uninitialized.h:184)
==77865==    by 0x40A2EC: __uninitialized_copy_a<__gnu_cxx::__normal_iterator<const ServerConfig *, std::vector<ServerConfig> >, ServerConfig *, ServerConfig> (stl_uninitialized.h:372)
==77865==    by 0x40A2EC: ServerConfig* std::vector<ServerConfig, std::allocator<ServerConfig> >::_M_allocate_and_copy<__gnu_cxx::__normal_iterator<ServerConfig const*, std::vector<ServerConfig, std::allocator<ServerConfig> > > >(unsigned long, __gnu_cxx::__normal_iterator<ServerConfig const*, std::vector<ServerConfig, std::allocator<ServerConfig> > >, __gnu_cxx::__normal_iterator<ServerConfig const*, std::vector<ServerConfig, std::allocator<ServerConfig> > >) (stl_vector.h:1617)
==77865==    by 0x4091EF: std::vector<ServerConfig, std::allocator<ServerConfig> >::operator=(std::vector<ServerConfig, std::allocator<ServerConfig> > const&) (vector.tcc:232)
==77865==    by 0x413E84: main (main.cpp:174)
==77865== 
==77865== 320 bytes in 5 blocks are still reachable in loss record 48 of 58
==77865==    at 0x4849013: operator new(unsigned long) (in /usr/libexec/valgrind/vgpreload_memcheck-amd64-linux.so)
==77865==    by 0x408E4C: allocate (new_allocator.h:137)
==77865==    by 0x408E4C: allocate (alloc_traits.h:133)
==77865==    by 0x408E4C: _M_get_node (stl_tree.h:563)
==77865==    by 0x408E4C: _M_create_node (stl_tree.h:585)
==77865==    by 0x408E4C: operator()<std::pair<const int, std::vector<ServerConfig> > > (stl_tree.h:531)
==77865==    by 0x408E4C: _M_insert_<std::_Rb_tree<int, std::pair<const int, std::vector<ServerConfig> >, std::_Select1st<std::pair<const int, std::vector<ServerConfig> > >, std::less<int> >::_Alloc_node> (stl_tree.h:1832)
==77865==    by 0x408E4C: _M_insert_unique_<std::_Rb_tree<int, std::pair<const int, std::vector<ServerConfig> >, std::_Select1st<std::pair<const int, std::vector<ServerConfig> > >, std::less<int> >::_Alloc_node> (stl_tree.h:2285)
==77865==    by 0x408E4C: _M_insert_unique_ (stl_tree.h:1148)
==77865==    by 0x408E4C: insert (stl_map.h:912)
==77865==    by 0x408E4C: std::map<int, std::vector<ServerConfig, std::allocator<ServerConfig> >, std::less<int>, std::allocator<std::pair<int const, std::vector<ServerConfig, std::allocator<ServerConfig> > > > >::operator[](int const&) (stl_map.h:515)
==77865==    by 0x407E52: EventLoop::EventLoop(std::vector<ServerConfig, std::allocator<ServerConfig> > const&) (EventLoop.cpp:40)
==77865==    by 0x413ED2: main (main.cpp:175)
==77865== 
==77865== 480 bytes in 1 blocks are still reachable in loss record 49 of 58
==77865==    at 0x4849013: operator new(unsigned long) (in /usr/libexec/valgrind/vgpreload_memcheck-amd64-linux.so)
==77865==    by 0x409C4E: allocate (new_allocator.h:137)
==77865==    by 0x409C4E: allocate (alloc_traits.h:133)
==77865==    by 0x409C4E: _M_allocate (stl_vector.h:378)
==77865==    by 0x409C4E: std::vector<ServerConfig, std::allocator<ServerConfig> >::_M_realloc_insert(__gnu_cxx::__normal_iterator<ServerConfig*, std::vector<ServerConfig, std::allocator<ServerConfig> > >, ServerConfig const&) (vector.tcc:453)
==77865==    by 0x407B52: push_back (stl_vector.h:1287)
==77865==    by 0x407B52: EventLoop::EventLoop(std::vector<ServerConfig, std::allocator<ServerConfig> > const&) (EventLoop.cpp:27)
==77865==    by 0x413ED2: main (main.cpp:175)
==77865== 
==77865== 512 bytes in 9 blocks are still reachable in loss record 50 of 58
==77865==    at 0x4849013: operator new(unsigned long) (in /usr/libexec/valgrind/vgpreload_memcheck-amd64-linux.so)
==77865==    by 0x41BFF1: allocate (new_allocator.h:137)
==77865==    by 0x41BFF1: allocate (alloc_traits.h:133)
==77865==    by 0x41BFF1: _M_allocate (stl_vector.h:378)
==77865==    by 0x41BFF1: _M_create_storage (stl_vector.h:395)
==77865==    by 0x41BFF1: _Vector_base (stl_vector.h:332)
==77865==    by 0x41BFF1: vector (stl_vector.h:597)
==77865==    by 0x41BFF1: LocationConfig::LocationConfig(LocationConfig const&) (LocationConfig.hpp:53)
==77865==    by 0x42406C: _Construct<LocationConfig, LocationConfig> (stl_construct.h:128)
==77865==    by 0x42406C: __do_uninit_copy<__gnu_cxx::__normal_iterator<const LocationConfig *, std::vector<LocationConfig> >, LocationConfig *> (stl_uninitialized.h:120)
==77865==    by 0x42406C: __uninit_copy<__gnu_cxx::__normal_iterator<const LocationConfig *, std::vector<LocationConfig> >, LocationConfig *> (stl_uninitialized.h:137)
==77865==    by 0x42406C: uninitialized_copy<__gnu_cxx::__normal_iterator<const LocationConfig *, std::vector<LocationConfig> >, LocationConfig *> (stl_uninitialized.h:184)
==77865==    by 0x42406C: __uninitialized_copy_a<__gnu_cxx::__normal_iterator<const LocationConfig *, std::vector<LocationConfig> >, LocationConfig *, LocationConfig> (stl_uninitialized.h:372)
==77865==    by 0x42406C: LocationConfig* std::vector<LocationConfig, std::allocator<LocationConfig> >::_M_allocate_and_copy<__gnu_cxx::__normal_iterator<LocationConfig const*, std::vector<LocationConfig, std::allocator<LocationConfig> > > >(unsigned long, __gnu_cxx::__normal_iterator<LocationConfig const*, std::vector<LocationConfig, std::allocator<LocationConfig> > >, __gnu_cxx::__normal_iterator<LocationConfig const*, std::vector<LocationConfig, std::allocator<LocationConfig> > >) (stl_vector.h:1617)
==77865==    by 0x423A2D: std::vector<LocationConfig, std::allocator<LocationConfig> >::operator=(std::vector<LocationConfig, std::allocator<LocationConfig> > const&) (vector.tcc:232)
==77865==    by 0x41C82D: ServerConfig::operator=(ServerConfig const&) (ServerConfig.cpp:40)
==77865==    by 0x41C911: ServerConfig::ServerConfig(ServerConfig const&) (ServerConfig.cpp:49)
==77865==    by 0x409C70: construct (new_allocator.h:187)
==77865==    by 0x409C70: construct<ServerConfig> (alloc_traits.h:145)
==77865==    by 0x409C70: std::vector<ServerConfig, std::allocator<ServerConfig> >::_M_realloc_insert(__gnu_cxx::__normal_iterator<ServerConfig*, std::vector<ServerConfig, std::allocator<ServerConfig> > >, ServerConfig const&) (vector.tcc:462)
==77865==    by 0x407AA7: push_back (stl_vector.h:1287)
==77865==    by 0x407AA7: EventLoop::EventLoop(std::vector<ServerConfig, std::allocator<ServerConfig> > const&) (EventLoop.cpp:40)
==77865==    by 0x413ED2: main (main.cpp:175)
==77865== 
==77865== 576 bytes in 9 blocks are still reachable in loss record 51 of 58
==77865==    at 0x4849013: operator new(unsigned long) (in /usr/libexec/valgrind/vgpreload_memcheck-amd64-linux.so)
==77865==    by 0x41359C: allocate (new_allocator.h:137)
==77865==    by 0x41359C: allocate (alloc_traits.h:133)
==77865==    by 0x41359C: _M_get_node (stl_tree.h:563)
==77865==    by 0x41359C: _M_create_node (stl_tree.h:585)
==77865==    by 0x41359C: operator()<std::basic_string<char> > (stl_tree.h:531)
==77865==    by 0x41359C: _M_clone_node<false, std::_Rb_tree<std::basic_string<char>, std::basic_string<char>, std::_Identity<std::basic_string<char> >, std::less<std::basic_string<char> > >::_Alloc_node> (stl_tree.h:647)
==77865==    by 0x41359C: std::_Rb_tree_node<std::__cxx11::basic_string<char, std::char_traits<char>, std::allocator<char> > >* std::_Rb_tree<std::__cxx11::basic_string<char, std::char_traits<char>, std::allocator<char> >, std::__cxx11::basic_string<char, std::char_traits<char>, std::allocator<char> >, std::_Identity<std::__cxx11::basic_string<char, std::char_traits<char>, std::allocator<char> > >, std::less<std::__cxx11::basic_string<char, std::char_traits<char>, std::allocator<char> > >, std::allocator<std::__cxx11::basic_string<char, std::char_traits<char>, std::allocator<char> > > >::_M_copy<false, std::_Rb_tree<std::__cxx11::basic_string<char, std::char_traits<char>, std::allocator<char> >, std::__cxx11::basic_string<char, std::char_traits<char>, std::allocator<char> >, std::_Identity<std::__cxx11::basic_string<char, std::char_traits<char>, std::allocator<char> > >, std::less<std::__cxx11::basic_string<char, std::char_traits<char>, std::allocator<char> > >, std::allocator<std::__cxx11::basic_string<char, std::char_traits<char>, std::allocator<char> > > >::_Alloc_node>(std::_Rb_tree_node<std::__cxx11::basic_string<char, std::char_traits<char>, std::allocator<char> > >*, std::_Rb_tree_node_base*, std::_Rb_tree<std::__cxx11::basic_string<char, std::char_traits<char>, std::allocator<char> >, std::__cxx11::basic_string<char, std::char_traits<char>, std::allocator<char> >, std::_Identity<std::__cxx11::basic_string<char, std::char_traits<char>, std::allocator<char> > >, std::less<std::__cxx11::basic_string<char, std::char_traits<char>, std::allocator<char> > >, std::allocator<std::__cxx11::basic_string<char, std::char_traits<char>, std::allocator<char> > > >::_Alloc_node&) (stl_tree.h:1897)
==77865==    by 0x41C1CB: _M_copy<false, std::_Rb_tree<std::basic_string<char>, std::basic_string<char>, std::_Identity<std::basic_string<char> >, std::less<std::basic_string<char> > >::_Alloc_node> (stl_tree.h:892)
==77865==    by 0x41C1CB: _M_copy (stl_tree.h:903)
==77865==    by 0x41C1CB: _Rb_tree (stl_tree.h:941)
==77865==    by 0x41C1CB: set (stl_set.h:221)
==77865==    by 0x41C1CB: LocationConfig::LocationConfig(LocationConfig const&) (LocationConfig.hpp:53)
==77865==    by 0x42406C: _Construct<LocationConfig, LocationConfig> (stl_construct.h:128)
==77865==    by 0x42406C: __do_uninit_copy<__gnu_cxx::__normal_iterator<const LocationConfig *, std::vector<LocationConfig> >, LocationConfig *> (stl_uninitialized.h:120)
==77865==    by 0x42406C: __uninit_copy<__gnu_cxx::__normal_iterator<const LocationConfig *, std::vector<LocationConfig> >, LocationConfig *> (stl_uninitialized.h:137)
==77865==    by 0x42406C: uninitialized_copy<__gnu_cxx::__normal_iterator<const LocationConfig *, std::vector<LocationConfig> >, LocationConfig *> (stl_uninitialized.h:184)
==77865==    by 0x42406C: __uninitialized_copy_a<__gnu_cxx::__normal_iterator<const LocationConfig *, std::vector<LocationConfig> >, LocationConfig *, LocationConfig> (stl_uninitialized.h:372)
==77865==    by 0x42406C: LocationConfig* std::vector<LocationConfig, std::allocator<LocationConfig> >::_M_allocate_and_copy<__gnu_cxx::__normal_iterator<LocationConfig const*, std::vector<LocationConfig, std::allocator<LocationConfig> > > >(unsigned long, __gnu_cxx::__normal_iterator<LocationConfig const*, std::vector<LocationConfig, std::allocator<LocationConfig> > >, __gnu_cxx::__normal_iterator<LocationConfig const*, std::vector<LocationConfig, std::allocator<LocationConfig> > >) (stl_vector.h:1617)
==77865==    by 0x423A2D: std::vector<LocationConfig, std::allocator<LocationConfig> >::operator=(std::vector<LocationConfig, std::allocator<LocationConfig> > const&) (vector.tcc:232)
==77865==    by 0x41C82D: ServerConfig::operator=(ServerConfig const&) (ServerConfig.cpp:40)
==77865==    by 0x41C911: ServerConfig::ServerConfig(ServerConfig const&) (ServerConfig.cpp:49)
==77865==    by 0x409C70: construct (new_allocator.h:187)
==77865==    by 0x409C70: construct<ServerConfig> (alloc_traits.h:145)
==77865==    by 0x409C70: std::vector<ServerConfig, std::allocator<ServerConfig> >::_M_realloc_insert(__gnu_cxx::__normal_iterator<ServerConfig*, std::vector<ServerConfig, std::allocator<ServerConfig> > >, ServerConfig const&) (vector.tcc:462)
==77865==    by 0x407AA7: push_back (stl_vector.h:1287)
==77865==    by 0x407AA7: EventLoop::EventLoop(std::vector<ServerConfig, std::allocator<ServerConfig> > const&) (EventLoop.cpp:40)
==77865==    by 0x413ED2: main (main.cpp:175)
==77865== 
==77865== 576 bytes in 11 blocks are still reachable in loss record 52 of 58
==77865==    at 0x4849013: operator new(unsigned long) (in /usr/libexec/valgrind/vgpreload_memcheck-amd64-linux.so)
==77865==    by 0x41BFF1: allocate (new_allocator.h:137)
==77865==    by 0x41BFF1: allocate (alloc_traits.h:133)
==77865==    by 0x41BFF1: _M_allocate (stl_vector.h:378)
==77865==    by 0x41BFF1: _M_create_storage (stl_vector.h:395)
==77865==    by 0x41BFF1: _Vector_base (stl_vector.h:332)
==77865==    by 0x41BFF1: vector (stl_vector.h:597)
==77865==    by 0x41BFF1: LocationConfig::LocationConfig(LocationConfig const&) (LocationConfig.hpp:53)
==77865==    by 0x42406C: _Construct<LocationConfig, LocationConfig> (stl_construct.h:128)
==77865==    by 0x42406C: __do_uninit_copy<__gnu_cxx::__normal_iterator<const LocationConfig *, std::vector<LocationConfig> >, LocationConfig *> (stl_uninitialized.h:120)
==77865==    by 0x42406C: __uninit_copy<__gnu_cxx::__normal_iterator<const LocationConfig *, std::vector<LocationConfig> >, LocationConfig *> (stl_uninitialized.h:137)
==77865==    by 0x42406C: uninitialized_copy<__gnu_cxx::__normal_iterator<const LocationConfig *, std::vector<LocationConfig> >, LocationConfig *> (stl_uninitialized.h:184)
==77865==    by 0x42406C: __uninitialized_copy_a<__gnu_cxx::__normal_iterator<const LocationConfig *, std::vector<LocationConfig> >, LocationConfig *, LocationConfig> (stl_uninitialized.h:372)
==77865==    by 0x42406C: LocationConfig* std::vector<LocationConfig, std::allocator<LocationConfig> >::_M_allocate_and_copy<__gnu_cxx::__normal_iterator<LocationConfig const*, std::vector<LocationConfig, std::allocator<LocationConfig> > > >(unsigned long, __gnu_cxx::__normal_iterator<LocationConfig const*, std::vector<LocationConfig, std::allocator<LocationConfig> > >, __gnu_cxx::__normal_iterator<LocationConfig const*, std::vector<LocationConfig, std::allocator<LocationConfig> > >) (stl_vector.h:1617)
==77865==    by 0x423A2D: std::vector<LocationConfig, std::allocator<LocationConfig> >::operator=(std::vector<LocationConfig, std::allocator<LocationConfig> > const&) (vector.tcc:232)
==77865==    by 0x41C82D: ServerConfig::operator=(ServerConfig const&) (ServerConfig.cpp:40)
==77865==    by 0x41C911: ServerConfig::ServerConfig(ServerConfig const&) (ServerConfig.cpp:49)
==77865==    by 0x40A2EC: _Construct<ServerConfig, ServerConfig> (stl_construct.h:128)
==77865==    by 0x40A2EC: __do_uninit_copy<__gnu_cxx::__normal_iterator<const ServerConfig *, std::vector<ServerConfig> >, ServerConfig *> (stl_uninitialized.h:120)
==77865==    by 0x40A2EC: __uninit_copy<__gnu_cxx::__normal_iterator<const ServerConfig *, std::vector<ServerConfig> >, ServerConfig *> (stl_uninitialized.h:137)
==77865==    by 0x40A2EC: uninitialized_copy<__gnu_cxx::__normal_iterator<const ServerConfig *, std::vector<ServerConfig> >, ServerConfig *> (stl_uninitialized.h:184)
==77865==    by 0x40A2EC: __uninitialized_copy_a<__gnu_cxx::__normal_iterator<const ServerConfig *, std::vector<ServerConfig> >, ServerConfig *, ServerConfig> (stl_uninitialized.h:372)
==77865==    by 0x40A2EC: ServerConfig* std::vector<ServerConfig, std::allocator<ServerConfig> >::_M_allocate_and_copy<__gnu_cxx::__normal_iterator<ServerConfig const*, std::vector<ServerConfig, std::allocator<ServerConfig> > > >(unsigned long, __gnu_cxx::__normal_iterator<ServerConfig const*, std::vector<ServerConfig, std::allocator<ServerConfig> > >, __gnu_cxx::__normal_iterator<ServerConfig const*, std::vector<ServerConfig, std::allocator<ServerConfig> > >) (stl_vector.h:1617)
==77865==    by 0x4091EF: std::vector<ServerConfig, std::allocator<ServerConfig> >::operator=(std::vector<ServerConfig, std::allocator<ServerConfig> > const&) (vector.tcc:232)
==77865==    by 0x413E84: main (main.cpp:174)
==77865== 
==77865== 704 bytes in 11 blocks are still reachable in loss record 53 of 58
==77865==    at 0x4849013: operator new(unsigned long) (in /usr/libexec/valgrind/vgpreload_memcheck-amd64-linux.so)
==77865==    by 0x41359C: allocate (new_allocator.h:137)
==77865==    by 0x41359C: allocate (alloc_traits.h:133)
==77865==    by 0x41359C: _M_get_node (stl_tree.h:563)
==77865==    by 0x41359C: _M_create_node (stl_tree.h:585)
==77865==    by 0x41359C: operator()<std::basic_string<char> > (stl_tree.h:531)
==77865==    by 0x41359C: _M_clone_node<false, std::_Rb_tree<std::basic_string<char>, std::basic_string<char>, std::_Identity<std::basic_string<char> >, std::less<std::basic_string<char> > >::_Alloc_node> (stl_tree.h:647)
==77865==    by 0x41359C: std::_Rb_tree_node<std::__cxx11::basic_string<char, std::char_traits<char>, std::allocator<char> > >* std::_Rb_tree<std::__cxx11::basic_string<char, std::char_traits<char>, std::allocator<char> >, std::__cxx11::basic_string<char, std::char_traits<char>, std::allocator<char> >, std::_Identity<std::__cxx11::basic_string<char, std::char_traits<char>, std::allocator<char> > >, std::less<std::__cxx11::basic_string<char, std::char_traits<char>, std::allocator<char> > >, std::allocator<std::__cxx11::basic_string<char, std::char_traits<char>, std::allocator<char> > > >::_M_copy<false, std::_Rb_tree<std::__cxx11::basic_string<char, std::char_traits<char>, std::allocator<char> >, std::__cxx11::basic_string<char, std::char_traits<char>, std::allocator<char> >, std::_Identity<std::__cxx11::basic_string<char, std::char_traits<char>, std::allocator<char> > >, std::less<std::__cxx11::basic_string<char, std::char_traits<char>, std::allocator<char> > >, std::allocator<std::__cxx11::basic_string<char, std::char_traits<char>, std::allocator<char> > > >::_Alloc_node>(std::_Rb_tree_node<std::__cxx11::basic_string<char, std::char_traits<char>, std::allocator<char> > >*, std::_Rb_tree_node_base*, std::_Rb_tree<std::__cxx11::basic_string<char, std::char_traits<char>, std::allocator<char> >, std::__cxx11::basic_string<char, std::char_traits<char>, std::allocator<char> >, std::_Identity<std::__cxx11::basic_string<char, std::char_traits<char>, std::allocator<char> > >, std::less<std::__cxx11::basic_string<char, std::char_traits<char>, std::allocator<char> > >, std::allocator<std::__cxx11::basic_string<char, std::char_traits<char>, std::allocator<char> > > >::_Alloc_node&) (stl_tree.h:1897)
==77865==    by 0x41C1CB: _M_copy<false, std::_Rb_tree<std::basic_string<char>, std::basic_string<char>, std::_Identity<std::basic_string<char> >, std::less<std::basic_string<char> > >::_Alloc_node> (stl_tree.h:892)
==77865==    by 0x41C1CB: _M_copy (stl_tree.h:903)
==77865==    by 0x41C1CB: _Rb_tree (stl_tree.h:941)
==77865==    by 0x41C1CB: set (stl_set.h:221)
==77865==    by 0x41C1CB: LocationConfig::LocationConfig(LocationConfig const&) (LocationConfig.hpp:53)
==77865==    by 0x42406C: _Construct<LocationConfig, LocationConfig> (stl_construct.h:128)
==77865==    by 0x42406C: __do_uninit_copy<__gnu_cxx::__normal_iterator<const LocationConfig *, std::vector<LocationConfig> >, LocationConfig *> (stl_uninitialized.h:120)
==77865==    by 0x42406C: __uninit_copy<__gnu_cxx::__normal_iterator<const LocationConfig *, std::vector<LocationConfig> >, LocationConfig *> (stl_uninitialized.h:137)
==77865==    by 0x42406C: uninitialized_copy<__gnu_cxx::__normal_iterator<const LocationConfig *, std::vector<LocationConfig> >, LocationConfig *> (stl_uninitialized.h:184)
==77865==    by 0x42406C: __uninitialized_copy_a<__gnu_cxx::__normal_iterator<const LocationConfig *, std::vector<LocationConfig> >, LocationConfig *, LocationConfig> (stl_uninitialized.h:372)
==77865==    by 0x42406C: LocationConfig* std::vector<LocationConfig, std::allocator<LocationConfig> >::_M_allocate_and_copy<__gnu_cxx::__normal_iterator<LocationConfig const*, std::vector<LocationConfig, std::allocator<LocationConfig> > > >(unsigned long, __gnu_cxx::__normal_iterator<LocationConfig const*, std::vector<LocationConfig, std::allocator<LocationConfig> > >, __gnu_cxx::__normal_iterator<LocationConfig const*, std::vector<LocationConfig, std::allocator<LocationConfig> > >) (stl_vector.h:1617)
==77865==    by 0x423A2D: std::vector<LocationConfig, std::allocator<LocationConfig> >::operator=(std::vector<LocationConfig, std::allocator<LocationConfig> > const&) (vector.tcc:232)
==77865==    by 0x41C82D: ServerConfig::operator=(ServerConfig const&) (ServerConfig.cpp:40)
==77865==    by 0x41C911: ServerConfig::ServerConfig(ServerConfig const&) (ServerConfig.cpp:49)
==77865==    by 0x40A2EC: _Construct<ServerConfig, ServerConfig> (stl_construct.h:128)
==77865==    by 0x40A2EC: __do_uninit_copy<__gnu_cxx::__normal_iterator<const ServerConfig *, std::vector<ServerConfig> >, ServerConfig *> (stl_uninitialized.h:120)
==77865==    by 0x40A2EC: __uninit_copy<__gnu_cxx::__normal_iterator<const ServerConfig *, std::vector<ServerConfig> >, ServerConfig *> (stl_uninitialized.h:137)
==77865==    by 0x40A2EC: uninitialized_copy<__gnu_cxx::__normal_iterator<const ServerConfig *, std::vector<ServerConfig> >, ServerConfig *> (stl_uninitialized.h:184)
==77865==    by 0x40A2EC: __uninitialized_copy_a<__gnu_cxx::__normal_iterator<const ServerConfig *, std::vector<ServerConfig> >, ServerConfig *, ServerConfig> (stl_uninitialized.h:372)
==77865==    by 0x40A2EC: ServerConfig* std::vector<ServerConfig, std::allocator<ServerConfig> >::_M_allocate_and_copy<__gnu_cxx::__normal_iterator<ServerConfig const*, std::vector<ServerConfig, std::allocator<ServerConfig> > > >(unsigned long, __gnu_cxx::__normal_iterator<ServerConfig const*, std::vector<ServerConfig, std::allocator<ServerConfig> > >, __gnu_cxx::__normal_iterator<ServerConfig const*, std::vector<ServerConfig, std::allocator<ServerConfig> > >) (stl_vector.h:1617)
==77865==    by 0x4091EF: std::vector<ServerConfig, std::allocator<ServerConfig> >::operator=(std::vector<ServerConfig, std::allocator<ServerConfig> > const&) (vector.tcc:232)
==77865==    by 0x413E84: main (main.cpp:174)
==77865== 
==77865== 960 bytes in 4 blocks are still reachable in loss record 54 of 58
==77865==    at 0x4849013: operator new(unsigned long) (in /usr/libexec/valgrind/vgpreload_memcheck-amd64-linux.so)
==77865==    by 0x409C4E: allocate (new_allocator.h:137)
==77865==    by 0x409C4E: allocate (alloc_traits.h:133)
==77865==    by 0x409C4E: _M_allocate (stl_vector.h:378)
==77865==    by 0x409C4E: std::vector<ServerConfig, std::allocator<ServerConfig> >::_M_realloc_insert(__gnu_cxx::__normal_iterator<ServerConfig*, std::vector<ServerConfig, std::allocator<ServerConfig> > >, ServerConfig const&) (vector.tcc:453)
==77865==    by 0x407AA7: push_back (stl_vector.h:1287)
==77865==    by 0x407AA7: EventLoop::EventLoop(std::vector<ServerConfig, std::allocator<ServerConfig> > const&) (EventLoop.cpp:40)
==77865==    by 0x413ED2: main (main.cpp:175)
==77865== 
==77865== 1,440 bytes in 1 blocks are still reachable in loss record 55 of 58
==77865==    at 0x4849013: operator new(unsigned long) (in /usr/libexec/valgrind/vgpreload_memcheck-amd64-linux.so)
==77865==    by 0x40A2BD: allocate (new_allocator.h:137)
==77865==    by 0x40A2BD: allocate (alloc_traits.h:133)
==77865==    by 0x40A2BD: _M_allocate (stl_vector.h:378)
==77865==    by 0x40A2BD: ServerConfig* std::vector<ServerConfig, std::allocator<ServerConfig> >::_M_allocate_and_copy<__gnu_cxx::__normal_iterator<ServerConfig const*, std::vector<ServerConfig, std::allocator<ServerConfig> > > >(unsigned long, __gnu_cxx::__normal_iterator<ServerConfig const*, std::vector<ServerConfig, std::allocator<ServerConfig> > >, __gnu_cxx::__normal_iterator<ServerConfig const*, std::vector<ServerConfig, std::allocator<ServerConfig> > >) (stl_vector.h:1614)
==77865==    by 0x4091EF: std::vector<ServerConfig, std::allocator<ServerConfig> >::operator=(std::vector<ServerConfig, std::allocator<ServerConfig> > const&) (vector.tcc:232)
==77865==    by 0x413E84: main (main.cpp:174)
==77865== 
==77865== 2,808 bytes in 4 blocks are still reachable in loss record 56 of 58
==77865==    at 0x4849013: operator new(unsigned long) (in /usr/libexec/valgrind/vgpreload_memcheck-amd64-linux.so)
==77865==    by 0x42403D: allocate (new_allocator.h:137)
==77865==    by 0x42403D: allocate (alloc_traits.h:133)
==77865==    by 0x42403D: _M_allocate (stl_vector.h:378)
==77865==    by 0x42403D: LocationConfig* std::vector<LocationConfig, std::allocator<LocationConfig> >::_M_allocate_and_copy<__gnu_cxx::__normal_iterator<LocationConfig const*, std::vector<LocationConfig, std::allocator<LocationConfig> > > >(unsigned long, __gnu_cxx::__normal_iterator<LocationConfig const*, std::vector<LocationConfig, std::allocator<LocationConfig> > >, __gnu_cxx::__normal_iterator<LocationConfig const*, std::vector<LocationConfig, std::allocator<LocationConfig> > >) (stl_vector.h:1614)
==77865==    by 0x423A2D: std::vector<LocationConfig, std::allocator<LocationConfig> >::operator=(std::vector<LocationConfig, std::allocator<LocationConfig> > const&) (vector.tcc:232)
==77865==    by 0x41C82D: ServerConfig::operator=(ServerConfig const&) (ServerConfig.cpp:40)
==77865==    by 0x41C911: ServerConfig::ServerConfig(ServerConfig const&) (ServerConfig.cpp:49)
==77865==    by 0x409C70: construct (new_allocator.h:187)
==77865==    by 0x409C70: construct<ServerConfig> (alloc_traits.h:145)
==77865==    by 0x409C70: std::vector<ServerConfig, std::allocator<ServerConfig> >::_M_realloc_insert(__gnu_cxx::__normal_iterator<ServerConfig*, std::vector<ServerConfig, std::allocator<ServerConfig> > >, ServerConfig const&) (vector.tcc:462)
==77865==    by 0x407AA7: push_back (stl_vector.h:1287)
==77865==    by 0x407AA7: EventLoop::EventLoop(std::vector<ServerConfig, std::allocator<ServerConfig> > const&) (EventLoop.cpp:40)
==77865==    by 0x413ED2: main (main.cpp:175)
==77865== 
==77865== 3,432 bytes in 6 blocks are still reachable in loss record 57 of 58
==77865==    at 0x4849013: operator new(unsigned long) (in /usr/libexec/valgrind/vgpreload_memcheck-amd64-linux.so)
==77865==    by 0x42403D: allocate (new_allocator.h:137)
==77865==    by 0x42403D: allocate (alloc_traits.h:133)
==77865==    by 0x42403D: _M_allocate (stl_vector.h:378)
==77865==    by 0x42403D: LocationConfig* std::vector<LocationConfig, std::allocator<LocationConfig> >::_M_allocate_and_copy<__gnu_cxx::__normal_iterator<LocationConfig const*, std::vector<LocationConfig, std::allocator<LocationConfig> > > >(unsigned long, __gnu_cxx::__normal_iterator<LocationConfig const*, std::vector<LocationConfig, std::allocator<LocationConfig> > >, __gnu_cxx::__normal_iterator<LocationConfig const*, std::vector<LocationConfig, std::allocator<LocationConfig> > >) (stl_vector.h:1614)
==77865==    by 0x423A2D: std::vector<LocationConfig, std::allocator<LocationConfig> >::operator=(std::vector<LocationConfig, std::allocator<LocationConfig> > const&) (vector.tcc:232)
==77865==    by 0x41C82D: ServerConfig::operator=(ServerConfig const&) (ServerConfig.cpp:40)
==77865==    by 0x41C911: ServerConfig::ServerConfig(ServerConfig const&) (ServerConfig.cpp:49)
==77865==    by 0x40A2EC: _Construct<ServerConfig, ServerConfig> (stl_construct.h:128)
==77865==    by 0x40A2EC: __do_uninit_copy<__gnu_cxx::__normal_iterator<const ServerConfig *, std::vector<ServerConfig> >, ServerConfig *> (stl_uninitialized.h:120)
==77865==    by 0x40A2EC: __uninit_copy<__gnu_cxx::__normal_iterator<const ServerConfig *, std::vector<ServerConfig> >, ServerConfig *> (stl_uninitialized.h:137)
==77865==    by 0x40A2EC: uninitialized_copy<__gnu_cxx::__normal_iterator<const ServerConfig *, std::vector<ServerConfig> >, ServerConfig *> (stl_uninitialized.h:184)
==77865==    by 0x40A2EC: __uninitialized_copy_a<__gnu_cxx::__normal_iterator<const ServerConfig *, std::vector<ServerConfig> >, ServerConfig *, ServerConfig> (stl_uninitialized.h:372)
==77865==    by 0x40A2EC: ServerConfig* std::vector<ServerConfig, std::allocator<ServerConfig> >::_M_allocate_and_copy<__gnu_cxx::__normal_iterator<ServerConfig const*, std::vector<ServerConfig, std::allocator<ServerConfig> > > >(unsigned long, __gnu_cxx::__normal_iterator<ServerConfig const*, std::vector<ServerConfig, std::allocator<ServerConfig> > >, __gnu_cxx::__normal_iterator<ServerConfig const*, std::vector<ServerConfig, std::allocator<ServerConfig> > >) (stl_vector.h:1617)
==77865==    by 0x4091EF: std::vector<ServerConfig, std::allocator<ServerConfig> >::operator=(std::vector<ServerConfig, std::allocator<ServerConfig> > const&) (vector.tcc:232)
==77865==    by 0x413E84: main (main.cpp:174)
==77865== 
==77865== 72,704 bytes in 1 blocks are still reachable in loss record 58 of 58
==77865==    at 0x4848899: malloc (in /usr/libexec/valgrind/vgpreload_memcheck-amd64-linux.so)
==77865==    by 0x491E939: ??? (in /usr/lib/x86_64-linux-gnu/libstdc++.so.6.0.30)
==77865==    by 0x400647D: call_init.part.0 (dl-init.c:70)
==77865==    by 0x4006567: call_init (dl-init.c:33)
==77865==    by 0x4006567: _dl_init (dl-init.c:117)
==77865==    by 0x40202C9: ??? (in /usr/lib/x86_64-linux-gnu/ld-linux-x86-64.so.2)
==77865==    by 0x1: ???
==77865==    by 0x1FFF000022: ???
==77865==    by 0x1FFF00002C: ???
==77865== 
==77865== LEAK SUMMARY:
==77865==    definitely lost: 0 bytes in 0 blocks
==77865==    indirectly lost: 0 bytes in 0 blocks
==77865==      possibly lost: 0 bytes in 0 blocks
==77865==    still reachable: 89,508 bytes in 175 blocks
==77865==         suppressed: 0 bytes in 0 blocks
==77865== 
==77865== For lists of detected and suppressed errors, rerun with: -s
==77865== ERROR SUMMARY: 0 errors from 0 contexts (suppressed: 0 from 0)
